case,FRT1,FRT2,FRB,FRS1,FRS2,FRBIAS,FREQ,FCT1,FCT2,FCB,FCS,FCEQ,FCAC,FCOFF,FCSEL,FCIN,FCJO,FCX1,FCBNC
mc_000,0.9993219672393406,0.9992830395529082,1.0008300429514247,0.9974092229315417,1.0040073662032598,1.0082120856782306,1.0030149656377874,0.9999389339436395,0.9908827094665191,1.0043538188143488,1.0145587431226448,1.0158899315656633,1.0263022275766636,0.5135648241379119,1.3777802413807394,0.9599358363192305,0.8248552037153395,0.8784657606239699,0.7222105687474367
mc_001,1.0002684727328173,0.999032096129066,0.9994283727801183,0.9921893799093962,1.007834040487581,0.9925656730439164,0.9915053386979159,1.0078277632747181,1.0168493684412847,0.9857332305977099,0.9981637905313815,0.9904191597678446,0.9826049636925341,1.0924250690102941,0.7393180615535794,1.2528276603709605,0.9349438983062218,0.6873663468908552,1.2474920634736155
mc_002,0.9993902800388941,1.000614553594393,1.000940209013358,0.9945405846050482,0.9969695357970253,0.9901684689019253,0.9950885514854044,1.015628954811867,1.0084835557347347,0.9818737665854208,1.0029412218547529,1.001684291719649,1.045427584672942,0.7364102249362214,0.8379745673958999,1.1113144146269092,0.8759344347461482,0.9101336855257317,1.2207025871133632
mc_003,0.9993696379496497,1.0008370232379995,0.9998479600917248,0.9912650658388346,1.0027061289662458,0.9916631624303839,1.009210646158117,1.0193131657536119,1.0015020679579991,0.982443200387805,0.9899987319285307,1.0004191034790757,1.0490080960709198,1.246297731880928,0.9978076006931385,0.9249402588809166,1.2514781474754515,0.8962920491948996,1.2533318067388097
mc_004,0.9990744666217197,0.9998780586148585,1.00024288959237,1.0010351027809326,1.0059742753788103,0.9978539026168006,0.9976111090570052,0.9971602802672066,0.9993143598460726,1.0000859634116714,1.0130555513057593,0.9955244274919886,1.0373904518929429,1.030954828219864,0.6692213929084766,1.0024456053314301,0.9762007904068426,1.4430476801671954,1.2772921138576723
mc_005,0.9994473588825316,1.000131199497232,1.0003093835388142,0.9922111242563348,0.9928171831979412,1.0014007249195027,1.0031674330108649,1.0139249233697192,0.9800542296812034,0.9970497671213943,1.0179178312141282,1.0023767655967457,1.019794045397127,1.2820204782221434,0.9549104682731493,0.6880567032790329,1.1541921691591812,0.8924557259981121,1.3073125793516427
mc_006,1.0006754602341053,1.000620657439159,1.0006797445439488,0.9983014636947901,0.9964405778362067,1.00469979916507,1.0027182590083217,1.0162547945282239,1.0050414334592102,0.994628927061223,1.0172409508851574,0.9951422942991349,1.0165550618758799,1.420796998309069,0.5781341326577909,0.7330502019462132,0.9096931084979557,1.313641180571031,0.7554278637743823
mc_007,0.9997108581154414,0.9995469279945056,0.9999731254066891,0.9936430646982529,0.992607770328757,1.002678191992528,1.003824441846859,1.0055455631797985,0.9920914973099605,0.9956789773424922,0.9858503149465361,1.0180756146644134,1.0096590808669799,0.5853097944711112,0.7982758583733727,0.642691808410508,0.7570420894297009,0.6818603370067097,1.2937319046193625
mc_008,0.9999207106428478,1.000397456269257,1.0008318258170072,1.0024921585947726,1.0001997075579356,1.000024510258814,0.9985200446265968,0.992925308731056,0.9904037104416272,0.9908921465155631,1.0011202251926692,0.9998163163235763,1.0400466272633857,0.9823347948891741,1.0353371447766362,1.2251623034972923,1.0593507450759563,0.8485723287963748,1.2537405061676496
mc_009,1.0008240766178091,1.0005880364834487,1.0006988595398454,0.9975860817271857,1.004833092906845,1.0042674443761932,0.9998077466691885,0.9942194214358041,0.9949452689802271,1.0083777102876046,1.0039265343275094,0.9804286596141463,1.0380611705501146,1.2601754702026642,1.363016739963221,1.373835197627581,0.9035518195019923,0.9192467394247869,1.1031634311147973
mc_010,0.999754132993887,1.000305397030387,1.0006640754619178,0.9969686326922859,0.9921136915745342,1.0013525348883603,1.000385541484055,1.0072511195661997,1.0015374682518265,0.9976456111662909,1.0140652196831776,0.980023457185195,1.0187337329791653,1.1114420412947303,1.2947934215300945,0.9967760910603156,1.139875728722852,0.8288016026340163,0.9091180373208878
mc_011,0.9996634486538304,1.0006354109755826,1.0009841203954681,1.001208254997004,1.0074105833980622,0.997207969102741,0.9994443674622124,0.9859422833168018,0.9987447467601452,1.0120656491883209,0.9919410261690023,0.9884820330154849,1.0334525603251143,0.5726004076152802,1.3498724510308802,0.6145806774033251,0.9561681195283944,1.0967326381640357,1.045501847249203
mc_012,1.0008541362921166,0.9999009646530064,1.000412318949852,0.9905521802317209,1.0044399911448483,0.9991620781832926,1.0008646391131182,0.9941682327991472,1.0146281348509667,0.9811207775137918,0.9897291581288671,1.0132583707297325,0.9701220369916704,0.6124402065558121,1.0755565054947438,0.9862464892389357,0.9986725283624318,0.8832619410251532,0.6667244058282484
mc_013,1.0004248246304137,1.0007307102745742,0.9991342825018785,0.9978274472438832,1.0071572041528252,1.0005989768183376,0.9993907068214174,0.9946498031014669,1.0161356912374064,1.0081254582310673,0.9991774280881565,1.0107185470372875,0.9535299148563949,1.4040182801924712,1.2666557022485017,0.6625587169186202,1.2571534645995586,1.0135682000027244,0.8899466573472105
mc_014,1.0007913113836335,1.0004734966149185,0.9991594639265086,0.9984505260027461,0.9978648143573274,1.0070635827211238,0.9906314168078274,0.9891021585441462,1.000781501972476,0.9806811982132434,1.0180968806537236,1.016756224427017,0.9716225657145584,0.8654825507980763,1.0413506023001449,1.2366934261216325,0.8566440953577401,0.5997289752615219,1.0104610525580604
mc_015,1.0007538431844918,1.000679408867704,1.0004961787254307,0.9914528535887771,1.002988859456363,0.9978835616593377,0.998277134377812,0.9873252382886664,1.0042585801192931,1.0127680414085014,1.0179194346375717,1.0198554063531446,0.9569469567341891,0.6581014644402121,1.3103370947250281,1.0526138553692035,1.2257274232567978,0.7961271384472856,1.0661687614571456
mc_016,0.9992179521596987,0.9990687602693806,1.0008488776681823,0.9918634361964211,0.9922673663876207,0.9990270641924919,1.0016665179788329,0.9820176823482366,0.997745359997076,0.9900975193856444,0.9993069297487482,1.011456202166932,0.9804224475504367,1.1989848915647539,1.182994928167303,1.1005632989440448,0.79123396410348,0.6665745153101659,0.9014579415166922
mc_017,0.9991709813233258,1.0001609863614558,1.0002242490435658,1.0019300355880987,0.9993841842816135,1.0038439758965847,1.0049109712832305,0.9817226694323602,1.000244131493271,1.0017907086722542,0.9881274461894172,1.0011757739533194,1.0270804417838317,0.6752245716132974,1.4382037966849612,1.2233074230614895,1.0614264594186866,0.6574724256910256,1.2213657537136875
mc_018,0.999625517992899,1.000260296540939,1.000831452617678,0.9913038695548897,1.0082402401974182,0.9989136051825961,0.9949223213390961,0.9919608156066361,1.0064069734696857,1.0053664125990962,1.0064744433534045,1.0195020981725886,1.0363271182701324,1.2171161139807964,0.6245434519195413,1.0979670894958615,0.938504546366793,1.172282202869094,1.3117421213543383
mc_019,0.9993843769429182,0.9997468780331805,1.000313472968219,1.0099409542170592,0.9956711289478479,0.9979223798647048,0.9917966332226376,0.9816735486556926,1.0013470880895399,1.0199636045322276,1.0054706340667745,0.9966569348166544,0.9863596547208028,1.026054133389878,1.4766561308487791,1.2021131072829694,1.230632461420452,1.1026129890378966,1.3183259112252141
mc_020,0.999222264335714,1.0001654237721573,1.000245147904499,1.007716451489202,1.0058397319575787,1.006048381222491,1.0068937713887962,1.002932178497823,1.0011366102618813,1.0088945574253665,1.0090870325297212,1.010902652293534,0.9971226924069065,1.4090060256531443,0.6989835521096168,0.7767891414614915,0.7537934409396788,0.7401592680878599,0.8804466428368409
mc_021,0.9995167650558968,0.9996029052968111,1.0002651926697137,0.9959312334790412,1.002985532132832,1.0024080493065624,1.0092434856069867,1.000091772628302,1.017172499950152,0.9902097715162643,0.9930856224791691,1.0173351915494548,1.0397968334702918,1.3347164037977266,1.353616220888588,1.1931916629543824,1.2778461780356678,0.5682817652017689,0.7508998208203688
mc_022,0.9994862783406464,0.9994675184105283,0.9998779192195607,0.9985370822726756,0.9908021736421014,0.9909257625058022,1.0029213669883286,0.9890070243056092,0.9863612528257268,0.9813831639615321,1.0156258004074967,1.0189104181657804,0.9557526536495893,1.4654433735905192,0.7564244817401619,0.9761135145431542,0.7393119482796647,0.6259394932543118,1.0923829112044472
mc_023,0.9996369967904836,0.9991756219651787,1.0005203800523896,0.9951227423156036,1.0030635930151701,0.9987110845933382,0.9971654566230164,0.9983737905440767,0.9822789653437541,1.0050033277089343,0.9893865991076508,0.9866315828885219,0.9833587990263759,0.8085762439582028,0.9552855603073944,1.112067388058759,0.7156410605428176,1.3782200698648666,1.1025551746320594
mc_024,1.0000601889872471,1.000080309371091,1.0009389406181157,0.9951306153577603,0.9961812054223591,0.992136102874881,1.0080920814725218,1.0101767090508729,0.9966448893349416,1.005360084900798,0.9989682958316938,1.0048591248628813,0.9739651955011244,0.8633344019969047,0.9298792880463728,0.6283526958829226,1.0171244829398285,1.2629806191106685,0.7417715179063613
mc_025,0.9990172896148183,0.9995045298646738,0.9997913638955778,0.9984904814202854,1.0090246211464593,0.9904529097842132,1.0000367448460115,1.0140347780471575,1.0059073069002473,0.9838627272042003,0.9884716697874393,0.9841504795732745,0.9725566117829276,0.6217397848258205,0.8565092085328944,1.3299863254773896,0.8996459663018546,1.2036837378290413,0.6862758635143995
mc_026,0.9994324635791589,0.9994795812547033,1.0007783531328673,0.9923855443358427,1.0028767579376152,0.9982185381143082,0.9971023912279766,1.0190657084622372,1.013720996357307,0.9907500183506748,0.988778722231825,0.9904614739140386,0.976645798905207,1.354974698884329,0.7666113933005041,1.0861983759387925,0.8616507843960552,0.6661936888279675,0.8400229200123808
mc_027,1.0005411305384353,0.9994577413348678,1.0009744046785152,1.0053320635735825,1.008443721238149,0.9925225500220899,1.0090466284314084,1.0130988881804894,0.9940397277561958,0.980506960996126,1.0143436751474946,0.9860341884122585,0.9726966128886698,0.7537728170242002,1.4836746993192984,0.6300076906145541,0.8697622757561747,0.7146232123380635,0.7987264943929263
mc_028,0.9999115138779778,0.9995939874670805,1.0002546926995686,0.990473263772976,0.9975660218103677,0.9913255380308469,1.0027460189233555,0.9938270158066695,1.010033298144095,1.0029440954875126,1.0056933093312277,0.9904230805431221,1.0464786120510194,0.745196077193659,0.6246116796269272,0.6341687849243494,0.9392515612955891,1.4180001495558616,1.2985466393766132
mc_029,1.0006668251280755,1.0002871631409191,1.0007031010797698,1.0005606802316673,0.9962189554224117,0.9900417218485847,1.0083281007589044,0.9960443503766265,1.0076318411653398,1.0143180941415875,1.0044828522059477,0.9836481047042827,1.0313324343121384,0.8819811506317927,0.663963752742929,0.7737305548049552,0.700428715234393,0.7559013054786554,1.2144026938506398
mc_030,1.000452229633549,0.9991451902073711,1.000711277206611,1.0065526770623914,0.9995059737493812,0.9901335684238949,1.0036892731023648,1.0098900755454447,0.9827643884056487,1.0190573310570639,0.9853274968597168,1.007548041411029,1.0120226795250036,0.6509411926492847,1.1944605228160798,0.9977282020012737,0.992618754520871,0.6079626342648774,1.2671141797991863
mc_031,1.0000285859832723,0.9992621662839348,1.0007804426039117,1.0006521853439043,1.004776886163015,1.0010635916902895,0.9979784195108219,1.0013809019213102,1.0055411570213544,1.00190701333544,0.99522231162904,1.0039225311502025,0.9797724620753878,0.5334050526787721,0.6248385336460088,0.8119313266781756,0.9579524834588407,1.219471613732749,1.26429218613949
mc_032,0.9992176008407416,1.0009603663943862,0.9993869697447723,0.990653354612185,0.9941165240324649,1.003095571776627,1.00083311378913,1.0134557794403651,0.9894690906245602,0.9904570607486255,0.9849785760249782,0.9895332782136201,0.982477725167243,1.4011591991142587,1.4580173728481172,0.6599321036263835,0.9484806054801116,1.01904570630394,0.7762907704510617
mc_033,1.000715619956796,0.9998699314750974,0.9999053003375867,1.0017396738968545,0.9999279310632169,1.0046512201683975,0.9932723773363412,0.9820468529151596,0.9934106223331316,0.9846129407434697,1.0070594483876634,1.005504146058063,0.959439714316028,1.1515979278704056,0.6008477916361101,1.134026069532923,0.8841131641108916,0.6694082677025078,0.9969210225358783
mc_034,1.0007461915765385,1.0005874428348223,0.9992080585323687,0.9936388469425349,1.0042284134168837,1.0025963566485596,1.0099880365915819,0.9975475428728637,1.0002428490637125,1.0004707350936055,0.9965381441455239,1.018086890010404,1.0267449285354973,1.189246724112734,1.4212583137110322,1.1581294764899441,1.2368657832670669,0.9164930672527082,0.6783646258809217
mc_035,0.999104552570495,1.000101754942036,1.0001325476812715,0.9905862283107042,0.9944132766172455,1.0085514107817268,0.9916163550512519,0.9905912322874563,1.0097930502445387,0.9995783201991849,1.0004943672552817,0.9880811873024287,1.041293856067322,1.1872219251088363,1.2265732483231853,1.210794572562353,0.8521724155335783,0.9810918618651279,1.072019970859617
mc_036,1.000803912947363,1.0008577661215872,0.9995860297957272,1.0067334986938978,1.00424234838248,0.9937050253202567,0.9972381633392859,1.006687751839995,0.9884704472687142,0.986635242697944,0.9867780041059544,0.9971579511223256,1.0210522004417213,1.3656345923917343,0.6827863615243162,0.7157392877551079,1.0410603975564725,1.3630620232241824,1.274525981552279
mc_037,0.9994282846668779,1.0006946853054168,0.9995673625778544,0.9967546251828638,1.0031563639811334,1.0073079200422494,0.9978142466360997,1.018704580570354,0.992064296090571,1.0142822121405457,1.0032953223598056,0.9997564366405733,1.004385590640594,1.1989553589390014,1.1573274741416086,0.8605304917522872,0.9070043595344435,1.2492238844464292,1.0097639779594494
mc_038,0.9996721697113498,1.000293952841835,0.9991132176598037,1.0078476479547265,1.0058253821990726,1.0003250025180905,0.9974974356799908,1.008027298088984,0.9819431181352418,1.0079864134671737,0.9876381418580726,1.0183389700001548,0.9874802175385189,0.5332465404731382,1.0003944190207885,0.9577006566686079,1.0089788131286435,1.2974363664727453,1.16760366407471
mc_039,1.0008280621320005,1.0009051371203708,0.9996203824594931,0.9938270481135454,0.9983317770734617,0.9932127567760604,0.9901890374126114,0.9832912733397479,1.0096420470245198,0.9902176624695992,0.9920586284364586,1.0096123337552148,0.9984502198937102,0.5565240240380438,1.300916755215527,1.056576126919375,0.7092461416058312,0.5655747158102755,1.1837714460131366
mc_040,1.0003945903983236,0.9995483202113997,1.0002918186217857,0.9926978240988154,1.0084984932415835,0.9955466725551245,1.0092731716591266,1.0097444722359203,0.9977119062935258,0.9921241277348212,1.0030985786414635,0.9865672627043135,1.0364378247930675,0.6504452630699044,0.7519543037744062,1.3280025157825035,0.8689156609565473,0.5253285919840658,1.3088259762383287
mc_041,0.9998680629631987,1.000991977769741,1.000938743040502,0.9925597917465104,0.9938906738237383,1.0019920843207428,0.9959660401456836,0.9895271286165337,0.9975836546248077,0.9968173653957396,0.9869931889753555,1.0158956968069313,1.0301724205695877,1.425097700021769,1.369977627554224,1.3741562970909826,1.0791218238452913,0.6561432381144862,1.1364415307577194
mc_042,1.0005973045356182,0.9991274331767507,0.9999056069924451,0.9925270732465713,0.9978182715013966,1.0098941165079787,0.9976026423513986,1.000408552454052,1.0117828196472538,0.9910863599621139,1.0157284807343552,1.0192285869442204,0.9768285298347997,1.4098634965542045,1.1854947702902692,0.9662964023291832,1.187132346959704,1.2088119766952246,1.2228074479373743
mc_043,1.0002108935302423,1.0007856267140147,1.000699097218911,1.0046838772649846,0.9910444284206638,1.0091316655266835,0.9921675379760759,0.9824693534373314,0.9818773246348871,0.9879530278002484,1.0024776012521712,1.006225375506131,1.0301698534769606,0.7199973404424587,0.6287998263339175,1.2628367828879004,1.0854266249763915,1.1428002226417764,1.0609943349694944
mc_044,0.9995624786308427,0.9999033340592173,1.0001744007129778,0.9986615482963049,1.0058453658446822,0.9913334967790833,0.9909514810566726,0.9804652750195335,0.9936960383943753,0.9809810140292619,0.9808170279561885,1.0092497226412693,0.9773546585185203,1.1850262543394587,1.2878473464784221,1.3803665018174,0.8459988501769905,1.2495268385328004,1.1558504405542116
mc_045,1.000024215574628,1.0003471315717662,0.9990586530165192,0.9982281661386938,0.9900479200177517,1.0011565445731125,0.9949415085280666,1.0062043131731144,0.9968458911339405,1.0165820381563793,0.9830857220019006,0.9951406739772449,0.9774257114919256,0.9536003435589836,1.4341556680067793,1.3696975498711328,1.2551738243712178,0.803620807001767,0.9490624073865436
mc_046,0.999397921224895,0.9993100969526026,1.0006257694471041,0.9926333972359723,0.9915530832280537,1.0034782962525939,1.0015781502957706,0.9921592796819191,0.9976591012274718,1.0130620416470104,0.9873567700110619,1.0082609420176116,1.0085963299058904,1.2426039219217182,0.8422366938108903,0.6988051141901712,0.7180302110113683,1.4036114797653783,0.9084682246195964
mc_047,0.9991671360835076,1.0007062808047564,1.0004114161117013,0.9951322183157657,0.9974016293980242,0.9979285305668575,0.999670899081897,0.991535211357689,0.9801984606744922,1.0067513953951575,1.0088297804956083,0.9953726684274523,0.9991758023796422,1.1938210504522235,0.84381478812598,1.3443336469894231,1.1244707179103326,0.755894449504413,1.1200859319637668
mc_048,0.9991357433250327,1.0003056972099196,1.0004567004740281,1.0091773842780396,0.9983732571728319,0.9960681418400694,1.008239654460427,0.9955328346363962,1.0147398276608863,0.982455945108295,1.0084504362220839,1.0060431554378348,1.017693599659424,1.4408647183649357,0.6692680705967157,1.3070901664407248,0.7236505283062973,1.061367769373558,0.9744648048184641
mc_049,1.000064484221354,0.9997808129440796,0.9991244177735775,1.0055339703665525,1.0060028513811872,0.995316182313765,0.9944792011447633,1.011774258611439,1.0085080619776936,1.018441420399593,1.0019349539992175,1.0165485842062367,0.9963200028802957,1.1169460179786723,0.6187183331334236,1.05403911171774,0.9572569603815566,1.038617970301864,1.2279214506064515
mc_050,1.000943411137093,1.0005223383636492,0.999799148733478,0.9947434165330551,0.9921181209610644,0.9981521360800198,1.0016709719736643,0.9926694393401628,0.9996495445561663,0.9801313619248145,1.0176051980096363,1.000606963739316,1.037971423160521,1.4507722672239383,1.1937135669735923,0.6525633644301799,0.7432099930272462,1.3793992631014689,1.1546082772502548
mc_051,1.000145812399814,1.000713478129807,1.000221596053532,1.0033543539869818,1.0040118127252433,1.0049425683836768,0.9927833611241921,0.9849065987471116,1.0013428803060984,1.0095875587339334,0.9843613799638942,0.9808503839494693,1.0229582792604868,0.5084570739086701,0.6901715159342277,1.3803528648206447,1.0216210224970705,1.2416237390436362,0.8607836586242053
mc_052,1.000260807079332,0.999811803231167,1.000842714524239,1.0062869062341995,0.990795766240589,0.9970758554875735,0.9974241576759472,0.9920294429359391,1.0041971720659164,0.9860487871145092,0.9873040915906085,0.9878269057842456,1.04141218858509,1.0737876906145893,1.3166710047466612,0.732292038621345,0.8218411167782929,0.6512145277857296,1.291900650479856
mc_053,0.9997225027423633,0.9998844772592614,0.9999252091647353,0.9918502488604404,1.0051407564871675,1.0060773615016196,0.9944463982396833,0.9899771992825177,0.9845276617004404,1.0082056876200294,0.9916539290967518,1.0175383914671634,1.0222165802925613,0.7970723185407955,1.2736892564937463,1.2562522313007336,0.998345379057797,0.7796477802192955,0.7353269416056696
mc_054,0.9998768798632273,1.0005530394202864,0.9998987262942323,0.9931478605364279,0.9996286612724624,1.000505224878915,1.0091297172675016,0.9804914102054965,1.0192343625177682,0.9974545652813652,0.9939949728921281,0.9813716409226894,1.0401905434383723,0.8040174948989389,0.6196193378639144,1.0965037652498557,0.8095351790732954,1.1583462286645387,1.1635702672727248
mc_055,1.000182938705979,1.0007125447230367,0.9992123554356797,1.001666656571468,0.9998752893583331,0.9942705014191604,0.99954957011824,0.9960193969752689,0.9967368531156734,1.0033749408592145,1.007652387302306,0.9953895200952965,0.9800178548058707,0.8523048347336879,0.6648867956623077,1.285737141146574,1.08500359916891,1.343460128431398,0.8400857720181322
mc_056,1.0009129690853937,0.9996148142044927,1.00021847466669,0.9976555089533861,1.0068945685976796,0.995616688104747,0.9912629031663712,0.9882397848050744,1.0034807805922605,0.9852883887245696,1.0063688997693347,1.0037534936155108,1.0252620010417326,0.6602020051338143,0.8521817825148338,1.1717511580906312,0.8770321018167866,1.0373296271320567,0.733823808246476
mc_057,0.9995581312930146,0.9995120783496768,1.0007780286437207,0.9916276341574036,0.9938231908307735,1.0091938074752438,0.9953075106006423,1.0001013120129503,1.0189956576940664,0.9863724909126933,0.9973501644939571,1.0059960353714674,0.9935176378311149,0.8742114585167876,0.9159834548139625,0.7440339485117636,1.236226009642973,1.1657221105353983,1.2580676775644606
mc_058,1.0007921316704957,0.9997266792755004,1.0004042722101296,1.0027854845917097,1.0045168344275293,1.005340471786905,0.9915496675056654,0.9845700859762865,1.0123592759151756,0.9995233637860036,1.0100959155492493,1.0134479739676479,0.9948918147983918,0.876474769655415,1.2707037706338262,0.6916505236985544,1.2633967102862915,1.298490628230358,1.2854475363756463
mc_059,0.9999800779161826,1.0003255293485225,1.0004915741702252,0.9937319635799445,0.9970448022447872,0.9956558741743046,1.0036367515870093,1.0196671198317238,1.018541030403539,1.0010098456254986,1.0084570879522998,1.0169742678431322,0.9886578902765785,1.1664192566280691,0.5286841406302776,0.6515114043642191,0.7051682104367994,0.7427152542664889,1.060971131057737
mc_060,0.9990563187274271,0.9991256232956358,1.000368087806192,0.9916496698333968,1.0028102230194806,1.0074481211160076,0.9925011680053386,0.9903888189917536,1.0165070926308495,0.9828894636663423,1.0061688459695075,1.0076725712403218,0.9687879491244655,0.7867167660352562,0.5605566950233117,0.6981292909714617,0.8446311541751739,0.7835042503335854,1.238397571929851
mc_061,0.9998347305874408,0.9994395376982781,1.0002842323629912,1.0029703966241303,1.0027257134920846,0.9934347835052914,0.9946214286707108,0.9883918525329177,1.0059551809738352,1.005671976198702,0.9833565554922415,0.9925505465372184,1.011576926039464,1.1313507516389594,1.1841718386105833,0.7950031723393681,0.979279772815304,0.7101766157188182,1.1918399280509573
mc_062,1.000031196489175,0.9996398074937904,0.9994494351878472,0.9909102403044204,1.0020346137584006,1.0017315845375327,1.0025447912588568,0.9881348149002265,1.0171768221567847,1.005832795154594,0.9862711814662329,1.0050404109390092,1.0122844321127413,0.6813309704430759,0.9486351083578394,1.1014817995147013,1.194033620731148,0.6117393113391989,0.6751858384699017
mc_063,0.9997663179468751,0.9990827127082113,1.0009327412924116,1.0070070210571158,1.0075548670520973,1.004159474340705,0.9992214331116707,1.0053901968585761,0.9964192017737505,1.0178168000950274,1.0173571288631793,0.9870278587646418,1.0157400947470994,0.7913331586831662,0.709234915408857,1.1722771449802756,1.2668642022291765,0.5108964589857574,1.249014818940756
mc_064,1.0009612094218288,1.0007912910697545,1.0006457245069227,1.0060572447452931,1.0080161000367744,0.9946591724658059,1.0097204375596793,0.9840624437266483,0.9869393532284665,0.9851056342407527,0.9839662346929037,0.9836131736211677,1.044416890178311,0.9105054938002735,0.7049393850656832,1.3929991633963477,1.0894132082562635,1.470078419959799,0.8418001766550627
mc_065,1.0008936527869219,0.999219740708272,0.9998070297857722,0.9964556011571888,0.9904052513287395,0.9922793722891031,1.0066705059405614,1.0068232066076281,1.005586862332957,0.9923641040920004,0.9906725663525557,0.9877391509335177,0.9875600565551718,1.1588239769314954,0.5062037700832993,0.6221354392239415,1.0884896009801746,0.6021721328780878,0.7809543397801154
mc_066,1.0004013464848145,0.9997348068436721,1.0007118816257892,1.0076098327949807,0.9999444099878217,0.9923443750819012,1.0057454850166418,0.983065086381902,0.996116395249176,0.9950735643219321,0.999768562844008,0.9940067928359143,0.9654858478270208,1.3493032215731828,0.9541040064160343,1.1908270664555165,0.8063957954399925,1.3570323187458313,0.8239146921697311
mc_067,1.0007188285053623,0.9991900645305282,0.9994403946962919,0.9939298107731607,0.9934739581202399,1.0075920012899815,0.9922007434050633,1.0065908607000005,1.012656068449471,0.9859964081611251,1.00400311456408,0.9991100377327716,1.0003812697298333,1.4318767508971553,1.485883864942072,0.9239104533651648,0.778027142095768,1.4399220688387535,0.8039285467749179
mc_068,0.9994496431816137,0.9991395436059911,1.0001116921935174,1.0045413179599672,1.0071885061851633,1.000056825840294,1.0000969895564522,0.9804686341691712,0.9894088559106688,0.9950270488488916,0.997473221029268,0.9802736380884511,1.0328442421886956,1.0147570418366896,0.7301756557866778,0.7547638128886061,1.2326209647155246,0.7399259012426546,1.108754209738772
mc_069,1.0000444609045414,1.0002388697022175,1.000896387214297,0.9936432902561233,0.9955527777433028,0.9957856557401206,0.9972507006486918,1.0108704366938002,0.99139789689591,1.0128880110299527,1.0037123899577647,1.0198741420465256,0.9648715904117877,1.0068430639539874,0.8062858588858548,1.065230170929505,1.2053300163295306,0.5991587544144703,0.9524180378913927
mc_070,0.9999124362061792,1.0009029959883347,0.9998653834508171,0.9956029655749803,1.0018418095873387,1.0060786319297916,0.9988117955842037,0.9830628389109723,0.9823377132892877,1.0111198805117503,1.0131729832544605,0.9967301424075671,0.9699842524314568,1.469258244343239,1.1019953255598802,0.8692337230710586,1.0402458193529667,0.9814215930542154,0.8352476045690879
mc_071,0.9994405257828147,0.9994828262048541,0.9995484805542392,0.9942679011736787,1.0064022806330333,0.9933838370490464,1.0024433443990675,0.9888902410651819,0.9896543194934567,1.00170921984863,1.0134104068526257,0.9912818479400722,1.0205624269268445,0.8172789743514879,0.6852392365246867,1.0008559322492785,0.9902418334050213,1.435902462159375,1.005985003564355
mc_072,1.000675907857723,0.9998598121755949,0.9991232896178418,0.9963260538018421,0.99794549318277,0.9914746670607588,0.9999043191769849,0.9859002524424886,1.016035445279697,1.0125497789255238,1.0084694316895246,1.0152698331352679,0.9974276024167187,0.9074641918091724,0.7801638598488225,1.30774854009685,0.7504330098157598,1.0754345497674047,0.6908432791144701
mc_073,0.9996073823840784,0.9994289731228928,1.000633335575984,1.0081227227419205,0.997064322137669,0.9957640773287272,0.9909769578567889,1.0064564678479804,1.0179347740738263,1.002996313660109,0.9935299800574477,0.9838028641040496,0.9562271989648162,1.3512591910298521,1.1535258471874215,0.614015622625318,0.713411715375216,0.586936263611455,0.7110741172240054
mc_074,1.000323454767363,1.0003740802160184,1.000972759338243,1.0041611743634342,1.0086429742384115,0.9942978672688951,1.0048388771555141,0.9804536761331084,0.9922149544139137,0.9947766997036248,1.0002009764654634,0.9905206104761418,0.9672611133116863,0.6679307888782224,1.0965849218660981,1.193252195021766,1.1202084708754358,0.6463675242607533,0.684395757673842
mc_075,0.9992896464481099,1.00099532518443,0.9999524293563917,0.9909029959402691,0.9973926658249841,1.0038595670339212,0.999479220185563,1.004809424672327,0.9803808550938403,1.0003830626157906,1.0144613477234532,1.0195289264455498,0.9661977947731825,0.9168779108141636,0.7249412137790444,1.0139710943187594,1.193942986647364,1.3164900166435203,1.1916167790629837
mc_076,1.00030992425366,1.0006854399179868,0.9996734988208195,1.0085877234014542,1.0085682491455767,0.9930498816615848,1.009317254843673,1.0176627919482202,0.9983604934125418,1.0097772740632074,1.0129146925584043,1.0077924986604831,0.9965801371926977,0.9084823420815691,1.4351959646403352,1.32072784524559,0.9785618971103087,1.0564855021326216,1.1618215051456127
mc_077,1.0005312199953806,1.0006161045811783,1.0006248990314226,0.9993167536094716,0.9904837495683443,1.0041904360489262,1.0040136179633874,0.9906979788490333,0.9854398118770075,1.0089263200887868,0.9908087473573215,0.9992004243514792,1.012898646347323,1.3515169631212829,0.7385322096469997,0.6103368413101992,1.1990460872223254,1.1011605655800132,0.8993248025786966
mc_078,1.0008263790492857,0.9996310259316891,1.0005312035454699,1.0054412483104942,0.9921571394883474,0.9982669035568709,0.9974815007611046,1.0073659739474166,0.9979072230771782,1.0155887933273728,1.0041155474384071,1.0011240136299064,0.982441700674619,1.4738895071558233,0.5649228893683204,0.9167975723468568,0.9234644158355938,0.5969200595105957,1.0870475297025801
mc_079,0.9999595427602291,1.000193545998017,0.999542432233182,0.993088547139886,1.008826688709216,0.9907464848219291,0.9940171145681066,0.9994282233740935,0.9811976217863685,1.0171325240019706,1.0094997421942467,1.0053867339036808,0.9688256139210907,0.7283036290742152,0.8296008633813762,0.7901374743780003,1.2514994104650183,1.1102341394784758,1.2163521381769264
mc_080,0.9996304757849818,0.9994508838907076,1.000211543373276,1.008769160220738,1.0064742256937858,1.0074583032005124,0.9964674104300728,1.0166692990367157,1.0127474052360914,1.0020748969316162,0.9993106093185358,0.990906738170697,1.0435617485965705,0.5209124795476963,0.5047210493094315,1.3381560951319744,0.8733102014646097,1.2101287034373154,1.2485619853038017
mc_081,0.9992199374317318,0.9997053362175374,1.0009635954529708,1.007855616840462,0.9927099858814715,0.9900873976187345,0.9916408957160011,1.0053867723508725,1.0058829190248793,0.9978844465351009,0.9991019488603804,0.9835055757896165,1.0015834614342072,1.4686629960623874,0.507478885166706,1.0678174184099456,1.1638278984136412,0.596186798935952,0.7492707396405855
mc_082,1.0000192830567438,0.9997250177677693,1.0004775000527104,0.9963930322268995,1.0053364805442466,1.0066012603474639,1.0078210507174488,1.0195977602306794,1.0104816210361405,1.0115802353044565,0.9862798867340692,0.9824974791029363,0.9821872054465539,0.6869583958486433,0.7934126494061342,1.37861671288015,0.7480569307985026,0.5752726394693709,0.7906823122170646
mc_083,0.9999293222719058,0.9995750566216643,0.9991979557263976,1.0084518784600267,0.9931579152055294,1.004071891912242,0.9903521851929421,0.980522260677078,0.994376918154204,1.0191990570932805,0.9919994518683801,0.9954155559697113,0.996264816629852,0.8452072731913512,0.6916826833758541,0.9900953938262858,1.0770583979680113,1.2668118001847648,1.0932644858035852
mc_084,0.9991292309882565,1.0004005114230046,1.0001910016841293,1.0091358540139672,0.9912206156121743,1.004356938311995,0.9959630662950455,1.0125785780868783,0.9852766882296046,0.9903072860626178,1.017438087591861,1.0110555500529008,1.049826128698371,1.497465954499926,1.4255334705159737,1.2632115183822514,0.7615990529944809,1.029332485323112,0.7007042191389194
mc_085,1.0009482302241175,0.9992053539157002,0.9990388616434548,0.994756946001279,1.0033026753248953,0.9953717804959821,1.001548696428122,1.0053064898047053,1.007252882488269,1.0163158414274036,1.0071793467635883,0.9879295902794366,0.991552553075456,0.9035946754121873,1.3762022557983937,1.1221946032239878,1.1819807236323399,0.713313905372471,0.8216297571100114
mc_086,0.9994352304121402,1.0006936226209862,0.9996937214339132,0.9900706604774668,0.999346099819083,0.9905631903750169,1.002650305872623,0.9928975063192547,1.0054291712838694,1.0121204504784493,1.0172874510871222,0.9945460473392409,0.991470778763208,0.5960811900655618,1.0859428366877448,1.3588057558841138,0.8705398271265483,1.2674547115128583,1.1538212160309234
mc_087,0.9991293399690109,1.0008804764036732,0.9994911098677287,0.999312000493743,1.0090720361813494,0.9940578390039154,1.0033616729383161,1.0092915671764788,0.9841504859533258,0.9926889695582911,1.0097440921107297,0.9863817484872248,0.9716142485614073,1.29205817907051,0.7017724372113825,0.7902493091392645,0.7682128123514936,1.064467381313105,0.8757186913829675
mc_088,1.000851401498166,1.0009507739086336,1.0003106263940493,0.997773686068064,0.991698282165227,0.9956524950714347,1.0036243483679352,0.9953305647094175,0.9969289087649256,0.9942378116199351,1.004858091156595,0.9915861031385671,0.9641517414873941,0.7180286639143251,1.3281882846613424,0.9102378569116674,1.2408251582249412,1.103188829311323,1.045277415331217
mc_089,1.0009578791998435,1.0004579727522191,0.9995897594382551,1.0017810956136435,1.0021560079590943,0.9957588777005943,1.0052156925722782,0.9949284186861221,0.9970328899698965,1.0104675562134169,1.0162714484321367,0.9914656482862306,0.9598046123813037,1.232906444338748,1.1214302625961086,1.2630202327965239,1.1531042234885003,1.0587215041083724,0.8129673828204012
mc_090,0.9990561552378047,1.0005761395664163,1.0005264999542414,1.0084229486169467,0.9900176866446417,1.0005779794545788,1.0005412399709412,1.000065757139257,0.9854263159909761,1.0014601064408837,0.9918707276898084,1.0032989752815404,0.9942671684540273,0.8224446366951551,0.6689881518282539,0.644289941832274,1.1935570937962916,1.4913498682980095,0.7991009787427191
mc_091,1.000181646632631,0.9992900775977928,1.0001252144287043,0.9922000441688534,1.0045922822954427,0.9955526283224005,1.000547127505339,1.0045022918876159,1.006987122901374,0.9826412915201711,1.0039542509429935,0.995791229850187,0.9525320472315932,0.8203172552822333,1.0586519300291795,0.7024691019739991,0.7549431865551925,1.2589476610266415,1.3119124344143782
mc_092,1.000277761676534,1.000389832289737,1.0004440886572428,1.0038595135993995,1.0077504666679997,1.0064182079199995,1.0004820791643008,0.9894102891143488,0.9916324484890202,1.0064744183295744,1.0161217420261326,1.0165643941861247,1.0485054756385077,1.4914575245521633,1.2550130320025286,1.237313780698823,0.8472970614193587,0.628402451280356,0.9732929713614147
mc_093,0.9990643025918797,1.0004300342472425,1.0009844336614795,1.005486649059166,0.9936501929630472,0.9904629299034271,1.009577474950121,0.991169183719145,1.0051419871756653,0.9965828887867428,0.9851073822720776,1.0103131246861348,0.9682495428925386,0.7043170247407524,0.7891002792607702,1.1333064480440211,0.8454023744372355,0.7256195787706355,0.7683756103541093
mc_094,1.0008610054552616,0.9999068094142664,1.0009842772409185,1.0088624616943909,0.99382251066541,0.9987709287809174,1.0060587240990486,1.0049116447966042,0.9975405326136123,0.9831191449828507,1.0050740222363688,1.0034089205563415,1.0355030621811885,0.6832025684605344,0.5711152531044601,0.9381018293573338,0.8385566217819845,1.4647806659325822,1.2112430128192124
mc_095,1.0002476292984113,0.9997920086405816,1.0002904857338242,1.0071456053833374,0.9931002974317298,1.001718431850113,1.0055187943930195,0.9901426075466342,0.9811561514137405,1.0183037824169736,1.0111078099069886,1.016436718046777,0.9882975013256544,0.5751480767196647,1.250086755692133,0.7506660322736469,0.832016378303319,0.8928171531426512,0.8776688581749026
mc_096,1.000078477009179,0.999661113926,1.0000671372472238,0.9925554363932629,0.9959196455712628,0.9904365100017882,1.007732565118317,1.0105442095051735,1.019704937603909,1.008844847591227,1.0144733926404592,0.9855704304278902,0.9812906319021834,0.8669120927830448,0.9762176843803929,1.1723363653834338,0.750895941269017,0.6122137382155187,1.0856607779843686
mc_097,0.9993571701201914,0.9992688507653423,1.000582919799719,0.9952325221497332,0.9962853375747563,1.001653307917109,0.9929353356736811,1.001490618209247,0.9802018729619442,1.0026114240908517,0.9884048069859277,1.0002641554458773,1.0230946484533041,1.2533998402571618,0.8632972485064999,1.2768723041073833,1.0533145689631729,0.6806268061009725,1.3126547196722589
mc_098,0.9998236529898396,0.9994099286128213,1.0004967049208005,1.0099815773226852,0.9964559390176699,1.007105733295572,1.0022138561048746,0.9849183016751782,0.9913705990665815,0.9856734265540344,0.9859433150074189,1.006354799885523,1.0329437160909951,1.1693189647992202,0.5339394329402736,1.0189366751948457,1.0819662821829434,1.0649923937821066,0.8863833800759927
mc_099,0.9996488925820971,0.999795918111932,1.000295710877623,1.0048654468334453,0.9960331573245587,0.9997319212679865,0.996984870154972,1.0199784708741024,1.0056871557882832,1.002976883003741,0.9806245831143481,1.0010388210214267,1.0488137670088464,1.0045111767996315,0.7938953036073861,0.9900584156839813,1.1879201512251116,0.9972695592632582,0.9181425334460539
mc_100,0.9994494276655372,1.0002474905381111,0.999257151694755,1.0094684023153695,1.0015751197281775,0.9978628608009604,0.9954643187566226,0.9925361436024919,0.9817289847927492,0.9825754274994647,0.9865778036442491,1.0120112326020136,1.0302999600032499,0.8413070833663615,1.3259896822203054,0.6734228136409861,0.7604094812204362,1.1640181714979017,1.2074422764371064
mc_101,1.0002011058471107,0.9996566081584104,1.0009259532485213,1.008940030856072,0.993645363487885,0.996094171544749,0.9902467283537758,0.9874510170860809,0.984241386293789,1.0053837114726436,0.9832045780746242,1.0099066973220154,0.960659242665323,0.5643619481933458,1.3836426373974477,0.7120912124243524,0.8649293244823313,0.9725582948918162,0.7106890589320138
mc_102,1.000746624934648,0.9990353685789858,0.9996972652679614,1.0033218654919074,1.0036218127150844,0.9929802947630951,1.0062611811798121,1.0010253498701303,1.0119752263907,1.0126798391816207,0.9955634117882648,1.0037037223264116,0.9533630568193872,1.349249740650936,1.0797413148640411,1.1491568489021038,0.8239912640386523,0.8050368805580214,1.231987487062552
mc_103,1.0006455298190424,0.9994180120868714,1.0007127577303168,1.0055133808113093,0.9947463504740572,0.9954903759362435,1.0031098157883545,0.9869026181745642,1.013215004403208,1.0117300134977563,0.9825360713863562,0.9849843126270533,0.9582052363933902,0.8911895402997435,1.260962137004004,1.146358580741361,1.168735302620019,0.826407999097256,0.7031429467831467
mc_104,1.0001573699878148,0.9993645024357752,1.0005313516733154,1.0087793248018935,1.0086448245869766,1.0095387690658177,1.0010905026469217,1.0103359572301902,1.0137801063242646,0.9836979592407482,1.0179327329260057,1.0072944689127605,0.967925328236325,0.6769741260756515,1.300677279095376,1.0775939117345592,1.2675722676126444,0.6109846581745562,0.943885847487468
mc_105,1.0008635390406928,1.0003627381530833,1.0003465088569867,1.0008824629946516,0.9998973655380244,1.0026890059997162,1.0046830385417056,0.9817055390873775,0.9970646379160313,1.0017278398460066,0.9818110892522374,0.9837415376693794,0.9578754296299161,1.0300437903862552,0.5581951777103826,0.7591995803971789,1.1841504440780202,1.4125911065731782,1.0168542042906519
mc_106,0.9998756583888148,1.0008746992863042,1.0006608453364836,1.0077924010649584,0.996027864910626,0.9987207380370078,1.0047764721376125,0.9897035450418463,0.9900704623115011,0.984242786493262,1.013482962168958,1.0063873398250072,0.9706846439300462,0.6541907648616775,0.5370648788753235,0.6927206067840557,0.8060140349835073,0.9030370778466301,1.2130694308201129
mc_107,1.0001452763363055,0.9993777098706689,1.0000112592007735,1.0088002466001673,1.0095416507754853,0.9958084320391586,1.0033002710039685,1.01602030457723,1.0119153827747958,0.9807465077039438,1.018639435856648,1.01122715662936,0.9562675784421111,0.5672379621253145,0.6902142731593923,1.3317451845931565,0.9698155562102067,1.2537076706573398,1.0753345406397306
mc_108,0.9998508052103926,1.000803693904714,1.0009683066838544,0.998392517099442,1.0009093695444398,1.008408339094316,0.9903010065493303,0.9841018309378048,1.0130413336794,1.01937459400144,1.015930956722353,0.9826894129226718,1.0455428428810079,0.8453216482210156,1.4009307115202418,0.6625185058558933,0.9748487147817613,0.912948298419478,1.2747993627617715
mc_109,0.9994789275367935,0.9998642762598916,1.000308828672144,0.9954006089283906,0.9956675179503282,0.9927544729121478,0.9981687443018775,0.980657627003404,0.9989613901367259,0.9861643502234378,1.009603952145979,1.011667493085216,1.0187359486016512,1.2858137957513271,1.1541534585835143,1.2534038770073108,1.2777763933904005,0.907305464713383,0.7214294080140453
mc_110,1.000452467510972,1.0005083411553533,1.0008270954099066,1.0065918843651809,1.003333785592766,0.9978004679519619,0.9913193290167095,1.0027348894193537,1.002234618972311,1.0177973583532485,1.0165942122191824,0.9825384442731577,0.9941021149701744,0.8055678644566101,0.7211644639185101,1.1707158560262467,1.195550395554985,0.5871974813363846,0.8641621557287134
mc_111,0.9998417456848921,0.9994910759678614,1.0001695888091882,0.9961252241690254,1.0005811986558204,1.003099302433631,0.991866363052976,0.9997972642939807,1.0100198074520759,1.0116391641135558,0.9873169467452974,0.9966270300783242,0.9739601464961605,0.8273699225675876,0.8332982533064407,1.220546009834829,1.2086112583083148,0.5300807750466789,1.2689438548156193
mc_112,1.0006525687774577,1.0000000801336257,1.0008578798440515,0.9990315979926937,0.9949587404398419,0.9904209233966204,1.0074405761725864,1.0129262181336678,1.0034972126753783,1.0019616403439324,0.9853722850690583,0.988240585006736,1.038591901028745,0.8915317352527348,0.7093749341083175,1.2992338517859225,1.2248300515226171,0.549318710536274,1.1679449931922452
mc_113,0.9994734813279259,1.0006533862404277,1.0005188182880311,1.003680618560773,1.0080446691166063,0.9999381585001442,0.991072040353527,1.0177687686297225,0.9965370978639991,0.9917940127757819,1.0054027836645527,0.9914212755364687,1.0361545021554375,0.5049576017931738,0.7261303759752843,1.3251726884973345,0.9380266815231838,0.854642732757578,1.0605209315196524
mc_114,1.0009877029263838,0.9997410200412435,0.999246383955861,0.993758294520499,1.0041878645278353,0.9984600521667067,1.0065310716355127,1.0040306154345966,0.9895475046772869,0.9911163397621151,1.0145000494986949,0.9942509301333783,0.9773359183931654,0.5080361560278233,1.3941098291922596,1.0207144150206533,0.7225303027904829,0.8463979313881349,1.2844443526630251
mc_115,1.0008485848184618,1.0002273142942522,0.9997457584521996,1.0088594062297518,0.9990851604644078,1.0089883391440082,0.9996461044067553,1.0135692209391995,0.9978186445714428,0.991001512886267,1.0063129969893636,1.017053427957801,0.9544340971902457,1.4077025458964019,1.3259312660277196,0.8191812691751551,0.7743743969808815,0.6434118164571259,1.0638242866233596
mc_116,0.9993966821379447,0.9999701412055584,0.999669402826259,0.9947116897459183,0.9961620590355427,0.9911338294850929,1.0028715627549194,1.0057331215981353,0.9860101248334385,1.0071457514482616,1.0045451587034564,0.9805158788646802,0.950683986347135,0.8970128045429099,0.8978317427783874,1.0295196383810348,1.264357706306007,0.5776936090336368,1.0847181828096637
mc_117,0.9997947890782775,0.9995505120363085,0.9994884184069489,1.0088056603153077,1.0054740457731115,0.9928165781355592,1.0040745662814539,0.9806655299349242,1.008088020450964,0.9876101085495682,0.9839051984335966,1.002696566885704,0.9751710053033913,1.033906163598533,0.8363439926335969,1.1604991270972878,1.0433918492667473,0.5281979702370165,1.0039912841141798
mc_118,1.0000734934016622,0.999597805503967,1.0001046783340088,0.9962894651257967,0.9999592159006044,1.00221678441813,0.9958817951066137,1.01716307130757,1.0123154874666782,1.009395363485522,0.9943657357483019,0.9876977338130799,0.9715772396932627,0.6836954432697486,0.9610810401038283,1.3457163101081948,1.2424084733255092,0.6192060118069055,0.8442555095451313
mc_119,0.9998133493070163,1.0009541915704179,0.9996039422889649,0.9939256135216182,1.006813471350783,1.006338507094052,0.9942279614142644,0.9918951456949971,0.9869937881324212,0.9958098479453682,1.0103230585133258,0.9942834986139014,1.0335399562878413,0.6316431884863565,1.0390068678967253,1.2797809322587257,0.8458438254015596,1.1461457277906062,0.9982179475615692
mc_120,1.000362111712284,0.9993714281138021,1.0000001777337053,1.0099477558953347,0.9963078354045112,1.0055450579077823,0.9959564491802262,0.9894478893168016,0.9834360906155883,0.9930373818811442,1.0040159503845463,0.9861580385478057,0.9515511416076675,0.9067035262104378,0.7405339353412228,1.1060772661055234,0.9561331441525898,1.252624965006804,1.0702560250143007
mc_121,0.9997702842677162,0.9996003604740555,1.0007297854896011,1.0068800676186,1.004078055107838,1.0078578926509176,1.0093706745898603,0.9818533240075947,0.9954699372642218,1.0093432329638392,1.0013560665899204,1.0071708187605548,1.0081187200403958,1.3786773143347273,1.3832196459482593,0.9720772039774476,0.9746540411748732,0.7006942530797334,0.8816833722699811
mc_122,1.0002492269856906,0.9990797276553725,0.9990088683240721,0.9964115862217444,1.0053161134685833,0.9944608763484272,1.009149176864993,1.0091994535921947,1.0119850327448938,0.9869373797398029,1.0082142758110586,0.9843114647335302,1.003982202504465,1.2865875362955013,1.17254899293563,0.8727219247660902,0.8103024445475979,0.649566788272943,0.7268428288623516
mc_123,0.9990315085217,1.000878463294149,1.0001079002137607,0.9934975080686584,0.9942940187736181,0.9936476523659764,1.0050909178666125,0.9858232426630341,1.0028830854370072,1.0088391663010874,1.0160827628319473,0.9870493149026556,0.9747469407064719,1.0438454266122954,1.0069521392129341,1.1290395094384391,1.116401827493536,0.6654263526479008,1.2240173410431665
mc_124,1.000314470568855,0.9999050157113658,1.000052532737266,0.9997027233178026,0.9948650899537304,1.0078258809293383,1.0020139705111182,0.984102577688751,1.0181391800640232,1.010458232496658,1.0049431057248186,0.9948470690892821,1.0006302445638817,1.077620603119654,1.03656236521964,0.6243529598724537,0.7086277154157229,0.8874168236065718,1.0128810891995967
mc_125,1.0004379816937734,0.9991565433530425,1.0006013652346624,0.9928726445489697,0.9993494364022143,1.000583150838548,1.0089848135286614,0.9893636991749061,0.992425055149779,1.003783397445376,1.0128392634501109,1.0002301038689676,1.0490286421033486,0.9744467548360111,1.4978944584854097,0.766810052871855,0.9167928631572151,0.5210056527929814,1.214074965438976
mc_126,1.0003254900001526,0.9994552889782483,0.9991398601353634,1.0064745852894388,0.9991331798388411,0.9919999492358558,1.0020754864529726,0.9856660097301514,0.9837259466367603,0.9840922630476782,1.0161000680283327,0.9857109217311986,1.0171533689268806,1.0480404121602351,1.3438863660820863,1.2105407853343233,1.2955865926709096,1.430815529489444,0.7006678697809267
mc_127,1.0009778984648332,1.0009847281983235,1.0004733587312484,1.0060907702094866,1.0014019635614007,0.9910245101116812,0.9971359637083399,0.9826172280454963,0.9972414410094517,0.99143636632763,1.0016282342652525,1.0063916163317352,1.0296038728001822,1.0006994443631436,1.4401392836159868,1.2882054446733364,1.1766524782013998,0.9035300770402781,1.300815985147751
mc_128,0.9990032209514662,1.000465559048139,0.9998340123428391,1.006101684897811,0.9912220794360203,1.0015885666506374,1.0046391170936781,1.0003001210599647,1.0099076228787167,1.0001035315599618,0.984875217456115,1.0155385416180533,1.0021335032957175,1.1992241677481106,0.844116334339396,0.610203776939224,0.8435495316187663,0.7494110414948929,1.3195184825050847
mc_129,0.9996077861321667,0.9996728282688451,1.0002734802004052,1.007889774421107,0.9985481999484732,1.0087210886921494,0.9975111113978075,0.9883576261918134,1.0098333176012255,1.0161775823339703,1.0040875461963954,1.0003737412365203,0.9839831090108546,0.6637070034811723,1.4075273762320486,0.635333268540912,1.242584573609589,1.4419295932366794,1.0752950868182038
mc_130,1.000155194049715,0.999695465581264,1.00058799227385,1.002379582186517,0.994800472275736,0.9974714059502475,1.0012680042317765,0.9907654807157406,1.0087393615647144,1.0110053197730096,1.0035967134118369,0.9940269642415134,0.9920630110000244,0.7685018986190824,0.6639350494344921,0.8517584698501299,1.1588469317484662,0.9492336902640279,0.9161045914767635
mc_131,0.9990162350595647,0.9999416653606688,0.9997460992891007,0.9939814231973174,1.000215122916382,0.9974605212730567,1.0050728648899876,0.9887688651306865,1.0192546405147793,1.019484470036861,1.0091417884148843,1.0009287519099042,0.9853407925850395,1.0903519017743926,0.9245453431638075,1.2524486770508498,1.1020740579106598,1.477204849636008,0.8253237297896416
mc_132,0.9992527203160104,0.9995172436127983,0.999195295383761,1.0070084403832187,0.9998115053375636,1.008366829340783,1.0000623379944433,1.0063101541087294,0.9811340697015049,0.9906663102619941,0.9853333961516306,1.0097453959358038,1.0035624468327922,0.6264070580327562,1.1325392362145956,0.9463652802324389,1.2580659685678166,1.3482890429235384,1.1503779101806222
mc_133,0.9994741521617982,1.000195153621584,1.0001180131146021,0.9904465620561304,1.0057917900634468,0.9900091663890198,1.0028016001131304,0.9802031877549366,0.9864284068934369,0.987888545596783,0.9932736716226849,1.0013472484909607,0.9639642279393581,1.0903800109948827,0.811554205606874,0.844878713774224,1.2815421082203884,1.25341920446539,0.7427637197933687
mc_134,0.9999863439431851,1.0003150553029019,0.9995638858061698,0.9905355173356691,1.0065073395542607,0.9991845137202234,0.9908417003715547,1.0036623064243086,1.0002291836156774,1.014129503188512,0.9994535530859257,1.0017629495353952,1.002012487820862,0.9409942067025189,1.0940623871324604,0.667550425311099,1.2321213654582923,1.4050951378672503,1.1802931360620037
mc_135,1.000631958225339,0.9998570701066505,0.9994767562292849,0.9994351424954226,1.0075892760416565,1.0028125923384807,0.9970026758746233,1.0193220147658395,0.9988987698438798,1.0146646039138287,1.013232320698855,1.017019172955878,1.0006819448577715,0.5230386150431383,0.9012613743019784,1.2968304369732475,0.9346656078715846,0.8074202415414884,1.2707876412601602
mc_136,0.9998296407619875,1.0004806086834448,1.0006917826207338,0.9980418028751488,1.0049370664100428,0.9901240044582881,1.004002317732878,0.982095097559907,1.016517343278102,0.9863422038674897,1.0149446261221726,0.9898993445201768,0.9814229270298104,0.6000404480959661,1.0689606714236457,1.1381955796014083,0.9354849551679141,1.0775576936079059,1.0640240720820238
mc_137,1.0005270139944746,1.000779890402963,1.0006400125557062,1.0030665611252871,0.9966173227018358,1.0026986191937557,0.9968001730343619,1.0180669210983004,1.0151701452657047,0.9916477787231244,1.0148070452403393,0.9901082288756063,0.9602101715398869,1.0254530490968936,0.5746636107682452,0.8786808797023297,0.8622311983994724,1.4599935424673542,0.7422883416555229
mc_138,0.9997631621340111,1.0005036553026976,1.000985066758547,0.9941511767598452,1.0005364878763896,0.9990267666781821,1.0001493944943236,0.9805966494412786,1.0086336682228372,1.0163456519855372,1.0044261335394897,0.9874534013228807,1.0093028017430996,1.1238037701074113,0.634552579878318,1.3782902528612406,1.0821285674710515,0.8173754570121453,1.186865147759414
mc_139,1.0007926273274839,0.9997936477144495,0.9999306403321105,1.0047241004170182,0.9990056654372552,0.9942604693939716,0.9986401584937978,1.0096547605892334,0.9923278352499614,1.0135165098371768,1.017806300172932,0.9888702352816896,0.9889112119199457,1.1823681268137207,1.2565714238872654,1.2638609990037986,1.1883571883323776,1.1111187176044999,0.9272784361195713
mc_140,1.0007905946468938,0.9991879542541162,0.999180639588999,0.9929802584078585,1.0026637688985318,1.0042361194586418,0.9994470697730615,1.0116256877709922,0.995848680486811,1.0066322658394544,1.0131480165419136,1.0133293253759756,1.0348759005476351,0.8485969940470534,1.3738250141716195,1.103864462351847,0.8229844988659976,1.364276864087323,1.0128343298877924
mc_141,0.99980616024539,1.00000272060704,0.9992444418860142,0.9926830023135341,0.9983406098433769,0.9961365292310663,1.002076510033278,0.9856789296375774,1.0045339573649195,0.9963687488168808,0.9989063718698485,0.99362703956568,0.9820439642296397,1.3992629689650138,1.421197627988157,1.2054582538921044,1.1502007264806808,0.6447071121560789,0.8004241278827683
mc_142,0.9991548699868935,0.9993011275810746,1.0009641093740402,0.9902185755732422,1.0000031273606247,0.9927469297784957,1.0023651941149443,1.0036180122758505,1.0136511071952674,0.9805103371022245,1.0177238815947502,1.0134530279931777,1.04247404159061,1.2354928395135298,1.4884132402209977,1.088849653700766,1.1788627944913115,0.5410069825683457,1.1799726108893933
mc_143,0.9998870223056469,1.0001850103993641,0.9992870199102047,1.0046651500047605,0.9905580883441221,1.0091569799620925,0.993165167914691,0.9808678169671055,1.019435229052269,0.9856165722148623,1.004095438096282,0.9964742864449613,0.9697795828865955,0.6159166021769514,0.9105653327161397,0.8066848650031216,0.9982066929847915,1.3517862426250389,1.0917723902208598
mc_144,1.0004388956892514,1.000298826347301,0.9990333589821382,1.0052501257262687,1.001911687212137,0.9913701748492022,0.9902960864743365,1.0077142599805127,1.0190057277044924,1.0132307064208477,0.9946415620216784,1.0109422150320297,0.9608895620112934,0.9095801166979776,0.8683575568544549,0.7056065548616629,1.2035980456792341,1.4677180648156989,1.2830231036604651
mc_145,1.000444615489642,1.0006508191296923,0.999632365579423,1.0068745711892733,0.9966981125458143,0.994266678788654,0.9921605144849832,0.9847815250678916,1.0061416715905729,1.0197206915377346,1.0036707862588394,1.001006008581291,1.0226524074310446,1.0188941735035884,0.7322785429748194,1.0996697950218082,1.0050865835027323,0.9231738274604687,1.2011654523506432
mc_146,0.9992368148738721,1.0009170320529464,0.9994855017198883,0.9973734159624561,0.9943335943752941,0.9989014654859143,1.006761517851992,1.009226605285279,0.9956986496015358,0.982079366090219,1.0071049947498523,0.9989062780726372,1.002568413380963,1.0758750375623318,0.8727225194859798,1.0973058071727226,0.9613657436616874,0.8711861107813681,0.7553881760189599
mc_147,1.0006955407629399,0.9995894661035356,1.0003725023541152,0.9930018625824304,0.9991472083721734,1.0097765180028642,1.0039927681984149,1.0197642358743726,0.9870295683210083,1.006324082706677,1.00987882826139,1.0177264550327934,0.9679675258986652,0.5947981146386465,1.4766595742959674,1.270398439139811,1.059164236828333,0.661268401416872,1.0094034122574054
mc_148,0.9998678732670054,0.9996082795821909,0.9999030207998232,1.0021734610220634,1.0099201173893764,1.0062422036976713,1.0073223545335404,1.006206400074694,1.0044263432329614,0.9921484103782734,0.9904555437178156,1.009494109096394,1.0047753223442224,1.0019232196867254,0.9223230603207665,1.0630801144135733,1.0525443216815225,0.6426561120647205,1.1325347522393274
mc_149,0.9994984502092185,1.0003329541535046,0.9997749713724061,0.9912535000713251,1.0081148301210134,1.0075269646523517,0.9962292496171397,0.9966648210087871,0.9882020452667578,0.9822952383991215,1.0044476293096531,0.9867627704856821,1.0476199298811706,1.4122983813277756,0.6741612787564585,0.9539587832920247,1.1088583078863201,0.967989752620312,1.00182796016649
mc_150,0.9998765229360302,1.0003872748751523,1.0005419698314892,0.9911823531448876,0.9960449626667981,0.9957167592006063,1.0089324122330563,1.014313636437465,0.9968095689237344,1.000059814824236,1.0128328746275865,1.0067681762237641,0.9927682420176389,0.7601734087035091,1.3300557120662924,0.6894051698757007,1.0538974393624823,0.8815600663727944,1.3158020043933798
mc_151,1.00062295660002,1.0008043109403166,0.9999970661263721,1.0033789909104494,1.0083269123760543,1.0078275101088916,0.9934712353803891,1.0012307030178556,0.991838332898589,1.013692580515848,1.0110566993911467,1.014486692308569,1.034506888108499,1.2455620391028042,1.2494209889859391,1.2560280037231002,0.8979786150245189,0.6704180842055372,1.0237018654803505
mc_152,0.9994321485008604,0.9990713325901313,1.0002644659659363,0.9930043226800592,1.0034362080812287,0.9982098736236128,1.0022764098003918,0.9974205799643958,0.9836198907966601,0.9833128507527197,0.9942554798516284,0.9859082478541029,0.9622695552096556,1.2699517526538868,0.9614372687593691,0.7421425304643527,1.1332646411217753,1.3606186994904395,0.9886040310764614
mc_153,1.0000784483578762,1.00008526999915,1.000218250126154,1.0022549934307992,0.9904877540636097,1.0057112903405228,1.004720338321166,1.0084807761043386,0.9822881838371367,1.018828110123844,0.996933217719759,1.0180574405250506,0.9822818871577815,0.945422363791899,1.3899294766515315,0.6051166342307535,1.0655656522678754,0.5726635023747914,1.0896887614475594
mc_154,1.0005320527651824,0.9998858240641841,0.9993766277461016,0.990907608930426,0.990347756520542,1.0032585096384654,0.99816287638631,1.0065736667980263,0.9983101170463716,1.0080573824601315,0.9844315504648087,0.9878272233376117,1.03637145838513,0.6987832494646419,0.6449540574663464,0.8320293287248982,1.2787432330885853,0.9714176985667101,1.3067603819273246
mc_155,1.0001827860894843,1.0003504154354945,0.9993224395671516,1.0030068345612746,1.008617735051388,1.0029727005952098,0.995162847448702,1.0097317895739235,0.981995593707622,1.0040987049906844,0.9822425665696994,1.004388350371981,0.9971464106273803,0.7098365228858108,0.6181028780974712,0.7072245920182173,0.7288604857396309,0.7954178263204131,1.0367816280329023
mc_156,0.9997696883557688,0.9997789351856486,0.9999224277567004,0.9961070967448227,0.990146676319195,1.001363774611978,1.009549375584163,0.9862142353859616,1.0127647259886376,1.0183464677709584,1.0180888397982797,1.0001768561503854,1.0391407320929424,1.3282854137285525,0.5442492632593234,0.9059943196145228,0.8299304913581953,1.068692611082219,1.1667055497031518
mc_157,1.0001863914267213,1.0007875695684878,1.0007376361930431,1.0053567135647479,0.9945754249050502,1.0093891438164455,0.9992313798121127,0.991361065240893,0.9812120123115873,0.9928810981861608,0.9959897575993113,1.0006311470207454,0.9776283410161005,0.9858810909882835,0.5033691183528,1.0522912417445407,1.1594717324636457,1.443931400231173,0.6917214800336127
mc_158,0.9999511993971317,0.9995210119365308,1.00034831433894,0.9992819418770158,1.0060289414179353,1.0026001208786832,0.9954866031977311,1.0089713144403196,0.9896073991794245,1.0148437918829154,0.9803943441445383,0.9986335931543707,1.0091414882200591,0.5888040629368615,0.8274709114263264,1.31651729648919,0.9680887915313177,0.7813354718569863,0.8840833709999154
mc_159,1.0006878339528564,0.9996184943589238,1.0005915628594622,1.0040163836592944,0.9945423842355556,1.0017632715010623,1.0046900931990401,0.9874051497655966,0.9946932954832246,1.0049340616410338,0.9824435975379844,0.982737896014804,1.0156729495931698,0.8164231190015446,1.2459542669587016,0.6367439245716935,1.0221414279703742,0.7609028811772882,1.1311857656600477
mc_160,1.0002203927282094,1.0008527556490685,1.0004210105196791,0.990718710802503,0.9927064689083946,1.0008850625394556,0.9955837264920072,0.9827097921320723,1.0064618518491901,1.0101588983129302,0.9888839485766939,1.0187871893264857,0.9627844139202716,0.8525995981326588,1.438416029509451,0.8939539278313708,0.8146980558152013,1.1016016232288366,0.9764420573983765
mc_161,1.0009765113517903,0.9995191741886648,1.0003623992813269,0.9959519060790223,0.9984367694781031,1.0083964651443047,1.008037108370287,0.9859851058143598,0.9982293808112047,1.017613964816981,1.004162397941299,1.0002681292138926,0.9675770501350908,1.2181571355910354,1.1487429739377926,0.9234708367118217,0.8874052929890595,1.0222050044284534,0.7672594360044966
mc_162,1.000757279565719,0.9997992538840406,0.9992407482871657,0.9999311812487305,1.0067977542709021,1.0025799988833788,0.9921090738890469,1.0122068665238761,1.0183493225655824,0.986445414957599,1.015995829912192,0.9807639808367278,1.026533332887303,0.5929511497950274,0.9605926342793842,1.105384435558146,1.1278634409703,1.09773758668315,1.0020347727979653
mc_163,0.9993132708124723,0.9994497453060576,1.0001502508775086,0.9991812946264895,1.0079520417068244,1.008363538804973,1.007292515448399,0.98524954678743,0.9966017381251526,0.9808653973690572,1.01410476712435,0.995416792029159,0.9852914757267468,1.0921859358471786,0.7520343595927662,0.738380752371218,1.007462788585317,1.4479745430965085,1.0440547349909493
mc_164,0.9993252046524657,1.000221191234409,1.0003852851676538,1.002653249625335,1.0016672590333988,0.9959072742903918,0.9962252319035075,1.0052429779612182,1.014165658394375,1.0013641710233412,1.0180318513363873,1.0095931812379113,0.9680579244763282,1.4676246120286882,1.3855724324719332,0.6230245269001045,0.7879449700519506,1.2765510008707932,0.7732591903917377
mc_165,1.000308913464035,0.9992447865285958,1.0006869797980313,1.0062709053758532,0.9960599150201036,0.9907757109054631,0.9982140577881954,0.9828804345301164,0.9811225389315194,0.9944778001102851,1.0030297867121436,0.9883587769660814,1.0161837919726007,1.3634672085990176,0.9662602465950573,1.2953410703354535,1.1752101223793738,1.011127595018499,1.271182704950001
mc_166,1.0005157604214097,0.9999398520771957,1.0006904644181815,0.9982245349716321,0.996078720744396,1.0091390435773908,0.9986188659317339,0.9937359899642355,1.0104109238717187,0.9921281118812999,0.9999856674263453,0.9927423279581996,0.9861558317059002,1.3731087801573922,0.8528423883003767,1.1154308866924656,1.1411354343321445,1.3200534718988681,0.978320637421491
mc_167,0.9992727435003754,1.0008260101675224,0.999453388905242,0.9983505088407769,0.9971737951759411,0.9988082018797749,1.0057299795749444,0.9845556956714974,1.0083637416378153,0.9973483900933209,1.0132083774648295,1.0052402003935257,0.9538417132251583,1.141057211289453,1.3751308811214127,1.1199706916495114,0.8683091574282654,0.7319709471441805,1.197604921386082
mc_168,0.9998288214048199,1.0005130506350435,1.0001425348106066,0.9973341761617188,1.0090338001889663,0.9916818253994124,0.9978631620193966,1.0125997483061502,1.0039950538847053,0.9870686695820672,0.9800130979422768,0.999946112197986,0.9800454806900444,1.3126035867407448,0.9431176540381627,0.6120105450858322,1.1725392063145237,1.4458751122080464,1.1780718135580708
mc_169,0.9996225454586422,0.9995990206231464,1.0002280532009316,0.9906527438367261,1.0039265559572805,0.9996010586563489,0.9971475140243261,0.9997716421962186,0.9828704459481055,0.9864542094735849,1.0072206259273084,0.9952183028302779,0.9825388871650881,1.4909225610580477,0.5105018087693228,0.7559006820846302,1.1793649563770747,1.1876892429452504,0.9484412042801886
mc_170,1.0008178360358606,1.000379635934682,0.99980389031897,1.0026399547046034,0.9939053403681377,0.9943983241185498,0.9940617676635158,0.9948561538720129,1.004378241525399,1.0092167459921437,0.990860755569005,1.0136218753328408,1.0333901341784517,0.9648965809057317,1.1062659589884474,0.7236352582380522,1.0987749862117329,1.1929968519870688,0.9874847555839336
mc_171,0.9995852560655341,0.9991542214361407,1.00041834597798,0.9911435013447651,0.995196847413374,0.99586691816672,0.999148857080496,0.9951433320934056,0.9893909567974993,1.0090637708288417,0.9812219857630023,1.0001303819471838,1.0332424201600168,0.7061022077473627,0.5076815046317712,0.9898484906001508,1.1542958072901857,0.7781212708432856,0.7222328098880922
mc_172,0.9999745418324535,1.0004246233935483,0.9996895633584255,1.0003213896412175,1.0020892377338626,0.993702327909357,1.0050588906184381,1.011806424312792,0.9980989531652757,0.9952705700191071,0.9828410339175043,1.0068782415046644,1.0388945715809408,1.130658959978482,1.3415918174483439,1.3397696486397914,1.222667066094755,0.7718230015618515,1.2448134120480763
mc_173,1.0002487734670533,0.9999959355082175,1.0008096629577814,1.0075515915173305,0.9909130709121596,0.9914865880740578,1.008326175964444,1.0114403145781246,0.9941875034097826,0.9866862242206466,0.9890085112085176,1.0081947706622172,0.9610692976711043,1.3133178084994344,0.7516406430182692,0.9258083722030856,1.0495730577351066,0.8060160626224673,1.2068243400402134
mc_174,1.0008804455078903,1.0005498801195296,1.0008680754019728,0.992256201564735,1.0012500497716406,0.9921014163838285,0.9948833479928781,1.0060252111494534,0.9902145206855623,0.9872603746345382,1.0040888751995307,1.0139385800613572,0.9845041008539016,1.4717521318275204,0.532555114881651,0.7693148444311458,0.870964902785133,1.0862917551458677,0.7563283957369056
mc_175,0.9991826582052227,0.9990790364506844,1.0006186657487577,1.001752367230136,1.0032326558749176,1.0038115078924663,0.9956693261731093,0.9980025153672931,0.9917630900330721,1.008075746772804,0.9810459514767175,1.0068326469538929,1.0062035693036149,0.957719747141386,1.2537249648994875,0.9848742971960198,0.8408471550454573,0.9748373196097553,0.994359054175436
mc_176,1.000889376142914,0.9991092554235931,1.0005449451323143,0.9965004977566889,0.9900963115947841,0.9976369596033585,0.9967526607520336,0.989722401625635,0.9890039379042139,0.9853528929173395,1.0097226280945493,1.015691043949383,0.9942467757989947,1.3303520982156716,1.4488901115280939,0.7766401183056497,1.03525131581012,1.1303003640578995,0.9849594387731178
mc_177,1.0001910354860901,0.9993649867482904,1.0006361417541612,1.0051227945466965,1.0036103854736655,0.9998192759509191,1.0090449613941217,0.9803520406169339,0.9875378582366192,1.017037511627998,1.015382247903497,0.9840727979069528,1.0177284042086772,1.0437681719434408,0.7371740470307026,1.130760044257384,0.700180579879176,0.562144354410716,0.6803914899364697
mc_178,0.9999215469392105,0.9995237385439704,1.0003758816639252,0.9932065121414673,1.009654375005873,1.00436170234143,1.001683165041307,1.0104886147197902,0.9935288594376483,0.9836056867073613,0.9837940489900675,1.004810358408351,0.9910165471920694,1.3254473074845543,1.0208064866837443,1.2666009372495122,1.049768387660913,1.3422286199098696,0.9806988798604596
mc_179,1.0000941135372652,0.9991883972885691,0.9991842176061346,0.9948452433024161,0.9966839679573789,1.0007320554734322,1.0086302213345335,0.9979222514902794,1.0049870088848247,0.9839615451680784,1.0130513938364973,1.0091796015388064,0.983261837153426,1.200248760717007,1.1725514580718688,1.0808031260859128,1.2248237209033148,1.0881005318478922,1.288798679204521
mc_180,1.0000765107641807,0.9991710374633659,1.0002332361384225,0.994953762989179,0.9977295751750028,1.0015410265003977,1.000732859101248,0.988219197538095,0.9858202204382531,0.9852501085904731,1.0157078965638293,0.9867651973824721,1.044825886186893,1.1809348173516145,0.5577351891007976,0.6045017778683314,0.7820902139642661,0.6439563357865542,0.7642460135962122
mc_181,0.9996092888252932,0.9993462660038672,0.9990692528496296,1.0007621494457593,1.006646594234527,0.9985245839916749,1.0007038053155122,1.0128609193257105,1.017864442577296,0.9843272177403863,0.9839077171063851,0.9817328135947352,0.993974670837334,0.5599780160063936,1.4865563820944705,0.7738590116112841,1.2909194340432233,1.3121789481728305,0.948959317255406
mc_182,0.9996455438330539,1.0001464167531486,0.9994318146935349,1.0032994266781532,0.9925630777244189,0.9930655661278764,1.0048978014423962,0.9925408684891655,0.985462570150915,0.9843817468227396,0.9890650978692005,1.0162185749620103,1.0404682985895148,0.906952055652021,0.6434638966012199,0.8322460032071431,1.0761390660806451,1.3330821200364074,1.0314110266068925
mc_183,1.0000201334156196,0.999972285108727,0.999742825264581,1.0038107279166242,1.009554658717672,0.9997592653054019,1.0095757801516105,0.998626281325411,0.9875401899910017,1.0162521610848794,0.9806021554402639,1.0132735379853213,1.0332141541630497,1.1049560364955493,1.345038366629749,0.665195682764365,0.7579050795061801,0.9744715142073102,1.241370786182487
mc_184,1.0006943023799961,0.9993106343751186,0.9990727679794283,0.9921055416578194,1.0086340447424444,1.0054336057890818,1.0005467037674842,1.005952483892004,0.9964470487592162,0.9982757234986526,0.9996421511106733,0.98570263870524,1.0459819343854075,0.8698897594175382,1.4581584427313476,1.3505103535769232,0.977063641177565,1.028376131555743,0.9354426562035794
mc_185,1.0001815967570904,0.9991354942375368,1.000955758832557,1.0045796122662016,1.0050326034140118,0.9957580463927059,1.006021195963652,0.9832816173829699,1.0081991347535446,1.0004284912907555,1.001461464783828,0.9899264843068735,1.0289434157618806,0.9925795251197529,1.339373253377322,1.2776825619989927,0.7507730658932228,1.1040843599502534,1.1691969883139346
mc_186,1.0007117426532646,0.999317871354733,0.9998926528768668,0.9964117390732649,1.0020035342065172,0.9923422140817446,0.9972693649569941,1.0197392693752134,1.0100215872553386,0.9856702387222614,1.0188747673536804,0.9932126085714821,1.0441812021412837,0.5123304066438589,1.0431942580944737,1.2498113043874484,0.9893751361124752,0.6222661109097128,1.0489489746719627
mc_187,0.9996227560403714,1.0000695995450488,1.00014239324615,0.9984338775077338,1.0078482236954416,1.0013643953156368,0.994018842721796,1.0160585158568778,1.017063600697325,0.9937685833842989,1.0059865638504693,1.0001157950741897,1.03076385684323,1.4231559225181112,0.8985485750319806,1.1315076062944671,0.9872780911874105,1.3703611122768526,1.243356698239892
mc_188,0.9998578781203935,0.9994476556785649,0.9992268645187774,1.0063591161928742,0.9917427574050268,1.0087375523015116,0.994381702883472,1.014204116241973,0.996760310669328,1.0115058843586322,1.00388265449642,1.0152287381838048,1.0328902948457173,1.2338423646475674,1.0533188926598163,1.3306942678091565,1.1535487544512597,1.296620504142978,1.2696553871286875
mc_189,1.0000996082417812,1.0007513019294507,0.9997235246552926,1.0031977255661615,0.9991171193279164,1.0072591041984948,0.9988568071214098,0.9920342329365611,1.012179112514452,0.986013395756791,0.9947010541188004,1.0126601571535037,0.962539954245974,1.2844998953310285,1.1205924829629728,0.813276549580559,1.1615358330278949,0.8700385253060922,1.2446067168205759
mc_190,1.0000899282759825,1.0003109813405375,1.000244788695372,0.9941318349021431,0.9967075109082848,1.0054900168327892,0.9969927493036225,1.0110133481093442,0.9995779127562018,0.992740705816938,0.9865870712016629,0.9946125205586357,0.9835923996098522,0.9822493126126607,0.7685877345749614,0.8528385692859802,1.1472097423183567,0.6188621161759753,0.931330727539638
mc_191,1.0007745938614359,0.9992281542274749,0.999252658574425,1.001896838727089,0.990565285271438,0.9995297791654549,1.0014701700475597,1.0188995098980078,1.0128320755001716,0.9906533545828677,0.9990011509296168,1.004006200086529,0.9663184216912506,1.090273075984104,1.1977583678128298,1.0713903009940549,0.7777590299108169,1.4436889664165626,1.0650631517817581
mc_192,0.9995657677060857,0.9994056375364063,1.0008297815920535,1.0046734647465723,0.990900669498556,1.007159300112332,1.0095545220020585,0.9878638533694157,1.0099011173079209,1.0052541163843538,1.0067688715768512,1.0159973818802672,0.9532600987881276,0.6109785663959694,1.0782185255424954,0.7917891427035053,0.9832559716972096,1.453314099721199,1.0333847747616156
mc_193,1.0007564538373808,0.9994024921673919,1.0006142602493924,0.9973748314884218,1.0072383511394003,1.0062147234085388,1.0056029762587189,0.9852225233408785,1.003122868757813,0.9855798537634171,0.9872315040275491,0.984126800744768,0.9848192879219685,1.0978102168233685,0.6197255733149301,1.3839262278271787,0.8255487319887391,0.8155047242252189,1.2656429735856394
mc_194,1.0000023336585644,1.000124242690839,1.0008381236560948,1.0020039029271963,1.00760013452828,0.9951168364749138,0.9951207040802459,1.0086269747461885,1.009271317580868,1.0102236311645185,1.0156543383499492,1.0170675318562348,0.9794939681911482,1.3525945458671818,0.8998212169597776,0.9160639616830057,0.9006137761483246,0.842244806638327,0.8793717427184411
mc_195,0.9994440662072257,1.0003892002335062,1.000126013644205,1.0059304087845164,1.001169801441013,1.0083614939726135,0.9901880544257464,0.9941945689819953,1.0118555461827035,0.9816674064486132,0.9991364446878027,1.0013483945419586,0.991217058079649,0.8039870471228305,1.2442776087303709,0.6449323848479585,0.8776030455824675,1.0434600530959568,0.668482623313721
mc_196,1.0008235059575146,0.9996897291492708,1.0007687921487636,1.0068945027688243,1.0076825144698356,1.0062047815644333,1.0033525162641606,0.9964829665248532,1.0058567808171062,1.00384388020472,0.9965267495862877,0.9984030279605641,1.02283358592543,1.413632613884406,0.742508507739019,1.359921418122563,1.0641172217061698,1.1181446537677138,1.295385101989
mc_197,0.9995851200542285,1.0000866834110214,1.0005336089576622,0.9994337351503767,1.0001097935758165,1.008831564666503,1.002537197790792,1.0157048873941834,0.9991565935246155,0.9968233036686042,1.0116155234766253,0.9971863600465954,1.01021753758328,0.5229928935762483,0.5295478009634099,1.0250666954019998,0.7355949878016195,0.6227711731812187,1.0878933570198217
mc_198,1.0001041106089992,0.999653430328478,1.000676146812872,0.9978798217171579,1.0085637995396128,0.9924123549562255,1.0067614205467585,0.9896314614906108,0.9892642347405387,0.9837558041995791,0.9846768115060134,0.9847672594529212,0.9578310127809047,1.2216807138274444,0.816295117549732,1.2987765074418003,1.2376403351452463,0.7761209450206412,1.1663464934771146
mc_199,0.9993402069490893,0.9994987092191597,0.9990869359046399,0.9964996148733172,0.99793715576997,0.9903982874957823,1.00849636423291,0.9883449835608779,0.9915591288908977,1.0032362265477215,1.0168761097810521,1.0196408993580848,1.0176437389233493,1.0636121570372232,1.2353970276910773,0.7109124479343926,1.1271600653987741,0.9685357969266946,0.7543391813160377
