parameter,extreme,factor,CT1_pF,POS,delta_cin_pF,shift_delta_pF,dev_1m_pct,shift_dev_1m_pct
FRT1,min,0.999,20,1,0.5402996582404919,0.0,-0.025471211254457504,-1.6495775856384398e-07
FRT1,min,0.999,20,100,0.5402996582404919,0.0,-0.056309456432190874,-0.04921001774099709
FRT1,min,0.999,12,1,0.5403054107829818,2.6811121101033564e-09,-0.025467390805722356,-1.6078539610830944e-07
FRT1,min,0.999,12,100,0.5403054107829818,2.6811121101033564e-09,-0.032262017932638276,-0.049377128347460886
FRT1,max,1.001,20,1,0.5402996582404919,0.0,-0.025470881493161457,1.648035374834933e-07
FRT1,max,1.001,20,100,0.5402996582404919,0.0,0.042109692140113175,0.04920913083130696
FRT1,max,1.001,12,1,0.5403054107829818,2.6811121101033564e-09,-0.02546706938800769,1.6063231855767413e-07
FRT1,max,1.001,12,100,0.5403054107829818,2.6811121101033564e-09,0.06649194248760093,0.04937683207277832
FRT2,min,0.999,20,1,0.5402996582404919,0.0,-0.025471211254457504,-1.6495775856384398e-07
FRT2,min,0.999,20,100,0.5402996582404919,0.0,-0.056309458733483364,-0.04921002004228958
FRT2,min,0.999,12,1,0.5403054107829818,2.6811121101033564e-09,-0.025467390805722356,-1.6078539610830944e-07
FRT2,min,0.999,12,100,0.5403054107829818,2.6811121101033564e-09,-0.032262017932638276,-0.049377128347460886
FRT2,max,1.001,20,1,0.5402996582404919,0.0,-0.025470881493161457,1.648035374834933e-07
FRT2,max,1.001,20,100,0.5402996582404919,0.0,0.042109692140113175,0.04920913083130696
FRT2,max,1.001,12,1,0.5403054107829818,2.6811121101033564e-09,-0.02546706938800769,1.6063231855767413e-07
FRT2,max,1.001,12,100,0.5403054107829818,2.6811121101033564e-09,0.06649194479171339,0.04937683437689078
FRB,min,0.999,20,1,0.5402996582404919,0.0,-0.02547071685422564,3.294424733013557e-07
FRB,min,0.999,20,100,0.5402996582404919,0.0,0.09131049788209111,0.0984099365732849
FRB,min,0.999,12,1,0.5403054107829818,2.6811121101033564e-09,-0.025466906525051236,3.234952750119646e-07
FRB,min,0.999,12,100,0.5403054107829818,2.6811121101033564e-09,0.11585912556579814,0.09874401515097553
FRB,max,1.001,20,1,0.5402996582404919,0.0,-0.02547137577599834,-3.294792993990825e-07
FRB,max,1.001,20,100,0.5402996582404919,0.0,-0.10531224756783475,-0.09821280887664097
FRB,max,1.001,12,1,0.5403054107206815,2.6188118340542133e-09,-0.025467553538616183,-3.235182899352651e-07
FRB,max,1.001,12,100,0.5403054107206815,2.6188118340542133e-09,-0.0814315123040088,-0.09854662271883141
FRS1,min,0.99,20,1,0.5402996766893692,1.844887731472511e-08,-0.028098361250084025,-0.002627314953385085
FRS1,min,0.99,20,100,0.5402996766893692,1.844887731472511e-08,-0.0071175242114529524,-1.8085520259170096e-05
FRS1,min,0.99,12,1,0.5403054264339208,1.833205109935676e-08,-0.028094545106227553,-0.002627315085901305
FRS1,min,0.99,12,100,0.5403054264339208,1.833205109935676e-08,0.01709747650473492,-1.7633910087688776e-05
FRS1,max,1.01,20,1,0.540299642866374,-1.537411786767251e-08,-0.022867867856379842,0.0026031784403190983
FRS1,max,1.01,20,100,0.540299642866374,-1.537411786767251e-08,-0.007081349714110896,1.808897708288626e-05
FRS1,max,1.01,12,1,0.5403053923887209,-1.571314878212604e-08,-0.022864051448412415,0.0026031785719138334
FRS1,max,1.01,12,100,0.5403053923887209,-1.571314878212604e-08,0.017132751237047827,1.764082222521779e-05
FRS2,min,0.99,20,1,0.5402996766893692,1.844887731472511e-08,-0.028098361250084025,-0.002627314953385085
FRS2,min,0.99,20,100,0.5402996766893692,1.844887731472511e-08,-0.0071175242114529524,-1.8085520259170096e-05
FRS2,min,0.99,12,1,0.5403054264339208,1.833205109935676e-08,-0.028094545106227553,-0.002627315085901305
FRS2,min,0.99,12,100,0.5403054264339208,1.833205109935676e-08,0.01709747650473492,-1.7633910087688776e-05
FRS2,max,1.01,20,1,0.540299642866374,-1.537411786767251e-08,-0.022867867856379842,0.0026031784403190983
FRS2,max,1.01,20,100,0.540299642866374,-1.537411786767251e-08,-0.007081349714110896,1.808897708288626e-05
FRS2,max,1.01,12,1,0.5403053923887209,-1.571314878212604e-08,-0.022864051448412415,0.0026031785719138334
FRS2,max,1.01,12,100,0.5403053923887209,-1.571314878212604e-08,0.017132751237047827,1.764082222521779e-05
FRBIAS,min,0.99,20,1,0.5402996274923628,-3.074812904291235e-08,-0.020016565468128356,0.005454480828570585
FRBIAS,min,0.99,20,100,0.5402996274923628,-3.074812904291235e-08,-0.006007091380755281,0.0010923473104385018
FRBIAS,min,0.99,12,1,0.5403053792943839,-2.8807485730197868e-08,-0.020012748989306495,0.005454481031019753
FRBIAS,min,0.99,12,100,0.5403053792943839,-2.8807485730197868e-08,0.018211167545634233,0.001096057130811623
FRBIAS,max,1.01,20,1,0.5402996889886208,3.074812893189005e-08,-0.030817288803042242,-0.005346242506343302
FRBIAS,max,1.01,20,100,0.5402996889886208,3.074812893189005e-08,-0.008170155714615213,-0.0010707170234214303
FRBIAS,max,1.01,12,1,0.5403054395280703,3.142620064178203e-08,-0.03081347272384516,-0.005346242703518911
FRBIAS,max,1.01,12,100,0.5403054395280703,3.142620064178203e-08,0.016040756820956403,-0.0010743535938662063
FREQ,min,0.99,20,1,0.5402996520287758,-6.211716030435355e-09,-0.02546256375260958,8.482544089361e-06
FREQ,min,0.99,20,100,0.5402996520287758,-6.211716030435355e-09,-0.007062901555832113,3.653713536166947e-05
FREQ,min,0.99,12,1,0.5403054054830578,-2.6188118340542133e-09,-0.025458747475926025,8.482544400223446e-06
FREQ,min,0.99,12,100,0.5403054054830578,-2.6188118340542133e-09,0.01715073520622834,3.5624791405730605e-05
FREQ,max,1.01,20,1,0.5402996613153613,3.07486947015434e-09,-0.025479630549252175,-8.58425255323425e-06
FREQ,max,1.01,20,100,0.5402996613153613,3.07486947015434e-09,-0.007135257457957511,-3.581876676372886e-05
FREQ,max,1.01,12,1,0.5403054134017936,5.29992394415757e-09,-0.025475814273190345,-8.584252864096698e-06
FREQ,max,1.01,12,100,0.5403054134017936,5.29992394415757e-09,0.017080185741780163,-3.492467304244684e-05
FCT1,min,0.98,20,1,0.5402815720105829,-1.8086229908953477e-05,-0.02547752345987142,-6.47716317248026e-06
FCT1,min,0.98,20,100,0.5402815720105829,-1.8086229908953477e-05,-0.9119116433930152,-0.9048122047018214
FCT1,min,0.98,12,1,0.5402882501542939,-1.715794757572997e-05,-0.025473300643907848,-6.070623581599932e-06
FCT1,min,0.98,12,100,0.5402882501542939,-1.715794757572997e-05,-0.8392252059105876,-0.8563403163254102
FCT1,max,1.02,20,1,0.5403175425898313,1.7884349339469807e-05,-0.025464694535637378,6.351761061562655e-06
FCT1,max,1.02,20,100,0.5403175425898313,1.7884349339469807e-05,0.8793116983926819,0.8864111370838756
FCT1,max,1.02,12,1,0.5403223725291162,1.696442724652414e-05,-0.025461277960825424,5.952059500824447e-06
FCT1,max,1.02,12,100,0.5403223725291162,1.696442724652414e-05,0.8562539582267714,0.8391388478119488
FCT2,min,0.98,20,1,0.5402815720105829,-1.8086229908953477e-05,-0.02547752345987142,-6.47716317248026e-06
FCT2,min,0.98,20,100,0.5402815720105829,-1.8086229908953477e-05,-0.9119116433930152,-0.9048122047018214
FCT2,min,0.98,12,1,0.5402882501542939,-1.715794757572997e-05,-0.025473300643907848,-6.070623581599932e-06
FCT2,min,0.98,12,100,0.5402882501542939,-1.715794757572997e-05,-0.8392252059105876,-0.8563403163254102
FCT2,max,1.02,20,1,0.5403175425898313,1.7884349339469807e-05,-0.025464694535637378,6.351761061562655e-06
FCT2,max,1.02,20,100,0.5403175425898313,1.7884349339469807e-05,0.8793116983926819,0.8864111370838756
FCT2,max,1.02,12,1,0.5403223725291162,1.696442724652414e-05,-0.025461277960825424,5.952059500824447e-06
FCT2,max,1.02,12,100,0.5403223725291162,1.696442724652414e-05,0.8562539582267714,0.8391388478119488
FCB,min,0.98,20,1,0.5403401240149545,4.0465774462594695e-05,-0.025456702855453095,1.4343441245845412e-05
FCB,min,0.98,20,100,0.5403401240149545,4.0465774462594695e-05,1.9786783102011762,1.98577774889237
FCB,min,0.98,12,1,0.5403459475143415,4.0539412471840564e-05,-0.025452994350072533,1.4235670253714972e-05
FCB,min,0.98,12,100,0.5403459475143415,4.0539412471840564e-05,1.9966430237437605,1.9795279133289378
FCB,max,1.02,20,1,0.540261506903098,-3.815133739382137e-05,-0.025484850576795726,-1.3804280096785249e-05
FCB,max,1.02,20,100,0.540261506903098,-3.815133739382137e-05,-1.9163963816916985,-1.9092969430005047
FCB,max,1.02,12,1,0.5402671831946477,-3.822490722193983e-05,-0.02548092620947573,-1.3696189149481341e-05
FCB,max,1.02,12,100,0.5402671831946477,-3.822490722193983e-05,-1.88680258936762,-1.9039176997824425
FCS,min,0.98,20,1,0.5400861394746131,-0.00021351876587871743,-0.03585951441010815,-0.01038846811340921
FCS,min,0.98,20,100,0.5400861394746131,-0.00021351876587871743,-0.008977531697540453,-0.0018780930063466705
FCS,min,0.98,12,1,0.540091872355776,-0.00021353574609361825,-0.03585562792612906,-0.010388397905802815
FCS,min,0.98,12,100,0.540091872355776,-0.00021353574609361825,0.014196718744630132,-0.0029183916701924772
FCS,max,1.02,20,1,0.5405049245895621,0.00020526634907025443,-0.015864574049140323,0.009606472247558617
FCS,max,1.02,20,100,0.5405049245895621,0.00020526634907025443,-0.005294232898822582,0.0018052057923712006
FCS,max,1.02,12,1,0.5405106956395527,0.00020528753768300767,-0.015860825527602707,0.009606404492723541
FCS,max,1.02,12,100,0.5405106956395527,0.00020528753768300767,0.019920288940400432,0.0028051785255778228
FCEQ,min,0.98,20,1,0.3162554371892538,-0.22404422105123806,-0.025345948724597722,0.0001250975721012182
FCEQ,min,0.98,20,100,0.3162554371892538,-0.22404422105123806,-0.005638143175212829,0.0014612955159809538
FCEQ,min,0.98,12,1,0.3162611875022626,-0.22404422059960705,-0.02534213240661387,0.00012509761371237715
FCEQ,min,0.98,12,100,0.3162611875022626,-0.22404422059960705,0.019385848333008937,0.0022707379181863274
FCEQ,max,1.02,20,1,0.764326362612227,0.2240267043717351,-0.025591928295309874,-0.0001208819986109333
FCEQ,max,1.02,20,100,0.764326362612227,0.2240267043717351,-0.008560274247260136,-0.0014608355560663533
FCEQ,max,1.02,12,1,0.7643321123372622,0.2240267042353925,-0.025588112059227175,-0.00012088203890092686
FCEQ,max,1.02,12,100,0.7643321123372622,0.2240267042353925,0.014845086140757857,-0.0022700242740647525
FCAC,min,0.95,20,1,0.5402996582404919,0.0,-0.02547104629669894,0.0
FCAC,min,0.95,20,100,0.5402996582404919,0.0,-0.007099438691193782,0.0
FCAC,min,0.95,12,1,0.5403054081018697,0.0,-0.025467230020326248,0.0
FCAC,min,0.95,12,100,0.5403054081018697,0.0,0.01711511041482261,0.0
FCAC,max,1.05,20,1,0.5402996582404919,0.0,-0.02547104629669894,0.0
FCAC,max,1.05,20,100,0.5402996582404919,0.0,-0.007099438691193782,0.0
FCAC,max,1.05,12,1,0.5403054081018697,0.0,-0.025467230020326248,0.0
FCAC,max,1.05,12,100,0.5403054081018697,0.0,0.01711511041482261,0.0
FCOFF,min,0.5,20,1,0.9734929654742255,0.4331933072337336,0.007304558710452547,0.03277560500715149
FCOFF,min,0.5,20,100,0.9734929654742255,0.4331933072337336,-4.442144179444762,-4.435044740753568
FCOFF,min,0.5,12,1,0.9734499014851984,0.4331444933833287,0.007297530528060925,0.03276476054838717
FCOFF,min,0.5,12,100,0.9734499014851984,0.4331444933833287,-6.980299692538927,-6.99741480295375
FCOFF,max,1.5,20,1,0.14118115077442267,-0.3991185074660692,-0.05576139142167147,-0.03029034512497253
FCOFF,max,1.5,20,100,0.14118115077442267,-0.3991185074660692,4.417409862750388,4.4245093014415815
FCOFF,max,1.5,12,1,0.1412412960782025,-0.3990641120236672,-0.055728988242587096,-0.03026175822226085
FCOFF,max,1.5,12,100,0.1412412960782025,-0.3990641120236672,6.996504340127685,6.979389229712862
FCSEL,min,0.5,20,1,2.013283147142936,1.472983488902444,0.030483364716760164,0.055954411013459104
FCSEL,min,0.5,20,100,2.013283147142936,1.472983488902444,0.12756601418442148,0.13466545287561527
FCSEL,min,0.5,12,1,2.0132888280568806,1.472983419955011,0.030487220002362037,0.055954450022688285
FCSEL,min,0.5,12,100,2.0132888280568806,1.472983419955011,0.2297759032029667,0.2126607927881441
FCSEL,max,1.5,20,1,0.9296744787965302,0.38937482055603834,-0.08128525696811106,-0.05581421067141212
FCSEL,max,1.5,20,100,0.9296744787965302,0.38937482055603834,-0.1414000688782835,-0.1343006301870897
FCSEL,max,1.5,12,1,0.9296688794186055,0.3893634713167359,-0.08128147957852105,-0.055814249558194806
FCSEL,max,1.5,12,100,0.9296688794186055,0.3893634713167359,-0.1946422544239823,-0.21175736483880492
FCIN,min,0.6,20,1,2.5011595438109246,1.9608598855704327,0.08050118667444206,0.105972232971141
FCIN,min,0.6,20,100,2.5011595438109246,1.9608598855704327,0.2039397925801767,0.21103923127137048
FCIN,min,0.6,12,1,2.501165145145707,1.9608597370438372,0.08050505620156301,0.10597228622188926
FCIN,min,0.6,12,100,2.501165145145707,1.9608597370438372,0.3322867586867062,0.3151716482718836
FCIN,max,1.4,20,1,1.4106418244794607,0.8703421662389689,-0.1465481543393432,-0.12107710804264427
FCIN,max,1.4,20,100,1.4106418244794607,0.8703421662389689,-0.2327190810903934,-0.22561964239919963
FCIN,max,1.4,12,1,1.4106363235359416,0.8703309154340719,-0.14654439157404386,-0.12107716155371762
FCIN,max,1.4,12,100,1.4106363235359416,0.8703309154340719,-0.31144950653277936,-0.328564616947602
FCJO,min,0.7,20,1,0.9921869611651857,0.4518873029246938,-0.008307901749493585,0.017163144547205356
FCJO,min,0.7,20,100,0.9921869611651857,0.4518873029246938,0.03420699299554464,0.04130643168673842
FCJO,min,0.7,12,1,0.99219271397944,0.4518873058775703,-0.008304073414200364,0.017163156606125884
FCJO,min,0.7,12,100,0.99219271397944,0.4518873058775703,0.08231272784480215,0.06519761742997954
FCJO,max,1.3,20,1,0.08869598660971326,-0.45160367163077864,-0.04262097739986537,-0.017149931103166427
FCJO,max,1.3,20,100,0.08869598660971326,-0.45160367163077864,-0.04837247010254231,-0.041273031411348526
FCJO,max,1.3,12,1,0.08870171705445119,-0.4516036910474185,-0.04261717260605202,-0.017149942585725775
FCJO,max,1.3,12,100,0.08870171705445119,-0.4516036910474185,-0.047999740380810785,-0.0651148507956334
FCX1,min,0.5,20,1,0.5410354711740664,0.0007358129335744978,0.011816295831423851,0.03728734212812279
FCX1,min,0.5,20,100,0.5410354711740664,0.0007358129335744978,-0.0007426419533884676,0.006356796737805315
FCX1,min,0.5,12,1,0.5410412967662818,0.0007358886644120988,0.011820138102636157,0.037287368122962405
FCX1,min,0.5,12,100,0.5410412967662818,0.0007358886644120988,0.02699306782478761,0.009877957409965
FCX1,max,1.5,20,1,0.5395653453843339,-0.0007343128561579926,-0.0626960867131543,-0.03722504041645536
FCX1,max,1.5,20,100,0.5395653453843339,-0.0007343128561579926,-0.013447554657453065,-0.006348115966259282
FCX1,max,1.5,12,1,0.5395710245457124,-0.000734383556157292,-0.0626922963752552,-0.03722506635492895
FCX1,max,1.5,12,100,0.5395710245457124,-0.000734383556157292,0.00725063703030937,-0.00986447338451324
FCBNC,min,0.6666666666666666,20,1,0.5402996595501579,1.3096660422817763e-09,-0.02547104629669894,0.0
FCBNC,min,0.6666666666666666,20,100,0.5402996595501579,1.3096660422817763e-09,-0.007099438691193782,0.0
FCBNC,min,0.6666666666666666,12,1,0.5403054109110978,2.809228183409118e-09,-0.025467230020326248,0.0
FCBNC,min,0.6666666666666666,12,100,0.5403054109110978,2.809228183409118e-09,0.01711511041482261,0.0
FCBNC,max,1.3333333333333333,20,1,0.54029965831783,7.73381358953884e-11,-0.02547104629669894,0.0
FCBNC,max,1.3333333333333333,20,100,0.54029965831783,7.73381358953884e-11,-0.007099438691193782,0.0
FCBNC,max,1.3333333333333333,12,1,0.540305411323428,3.2215583534167536e-09,-0.025467230020326248,0.0
FCBNC,max,1.3333333333333333,12,100,0.540305411323428,3.2215583534167536e-09,0.01711511041482261,0.0
