test,POS,CPL,stimulus,temperature_C,connection,metric,OPA810,AD8065,delta_AD_minus_OPA
E0,100,AC,zero,25,50ohm,cin_pF,26.919053394277036,26.91891879453718,-0.00013459973985519014
E0,100,AC,zero,25,50ohm,gain_error_pct,-0.44695066739548484,-0.36955371536080417,0.07739695203468067
E0,100,AC,zero,25,50ohm,flat_pct,24.890989202023505,24.94928447384297,0.058295271819464034
E0,100,DC,zero,25,50ohm,cin_pF,26.919056828158183,26.9189211498951,-0.00013567826308147346
E0,100,DC,zero,25,50ohm,gain_error_pct,-0.0016529531878917147,-0.001167188265815966,0.00048576492207574873
E0,100,DC,zero,25,50ohm,flat_pct,0.6936913400764411,0.2657259253726951,-0.42796541470374594
E0,1,AC,zero,25,50ohm,cin_pF,29.724588824094468,28.379070522702197,-1.3455183013922714
E0,1,AC,zero,25,50ohm,gain_error_pct,-0.5368983456458976,-0.4187899645812787,0.11810838106461885
E0,1,AC,zero,25,50ohm,flat_pct,24.534183205774273,24.6240128756795,0.08982966990522812
E0,1,DC,zero,25,50ohm,cin_pF,29.75893770270979,28.40260568771111,-1.3563320149986815
E0,1,DC,zero,25,50ohm,gain_error_pct,-0.09280233740207589,-0.050353804122638124,0.04244853327943776
E0,1,DC,zero,25,50ohm,flat_pct,0.5371366590721016,0.1780819326719807,-0.3590547264001209
E5,1,DC,100,25,50ohm,bi_max,5.74409513589,5.74265072489,-0.0014444110000004784
E5,1,DC,100,25,50ohm,bi_min,5.74409511506,5.74265072489,-0.0014443901700005313
E5,1,DC,100,25,50ohm,input_i_max,4.41702734078e-11,3.14483887872e-07,3.144397175985922e-07
E5,1,DC,100,25,50ohm,input_i_min,-6.9653123844e-11,3.1448388721e-07,3.14553540333844e-07
E5,1,DC,100,25,50ohm,differential_max,0.884464314197,3.13952546814,2.255061153943
E5,1,DC,100,25,50ohm,differential_min,0.884463925525,3.13952546814,2.255061542615
E8,1,DC,40,25,50ohm,recovery_one_div_s,0.0010027272293450335,0.0010157051976801747,1.2977968335141192e-05
E8,1,DC,40,25,50ohm,recovery_tenth_div_s,0.001311927229345033,0.001558405197680174,0.00024647796833514096
E8,1,DC,40,25,50ohm,bi_max,5.95009055521,5.94728353781,-0.0028070174000003334
E8,1,DC,40,25,50ohm,bi_min,-6.01750302841,-6.55426422139,-0.5367611929800002
E8,1,DC,40,25,50ohm,input_i_max,0.00193736773767,0.00266928439947,0.0007319166618000002
E8,1,DC,40,25,50ohm,input_i_min,-0.00353656464352,-0.00500080814065,-0.00146424349713
E8,1,DC,40,25,50ohm,differential_max,2.42351697958,3.33707205151,0.9135550719299999
E8,1,DC,40,25,50ohm,differential_min,-6.07053413382,-4.80442123001,1.2661129038099999
E8,1,DC,-40,25,50ohm,recovery_one_div_s,0.001007045060670243,0.000992912345539415,-1.4132715130827853e-05
E8,1,DC,-40,25,50ohm,recovery_tenth_div_s,0.0013550450606702427,0.001247112345539415,-0.00010793271513082764
E8,1,DC,-40,25,50ohm,bi_max,6.01456894825,6.5244843153,0.5099153670499996
E8,1,DC,-40,25,50ohm,bi_min,-5.95156046545,-6.32802493159,-0.37646446613999984
E8,1,DC,-40,25,50ohm,input_i_max,0.00353350680129,0.00499640507012,0.0014628982688299997
E8,1,DC,-40,25,50ohm,input_i_min,-0.00193816484705,-0.00266983544708,-0.0007316706000299999
E8,1,DC,-40,25,50ohm,differential_max,6.06372257221,7.0087924076,0.94506983539
E8,1,DC,-40,25,50ohm,differential_min,-2.425906527,-2.87312208054,-0.44721555354
E9,1,DC,zero,25,50ohm,offset_bnc_v,7.605335322440994e-05,-0.0004036966061782784,-0.00047974995940268833
