test,POS,CPL,power,bleed,variant,stimulus,mode,temperature_C,connection,metric,OPA810,OPA828,delta_OPA828_minus_OPA810
E0b,100,AC,1,0,real,zero,contact,25,50ohm,cin_pF,24.443516688031355,30.879282050692996,6.435765362661641
E0b,100,AC,1,0,real,zero,contact,25,50ohm,gain_error_pct,-0.1702928161776196,-0.5277222046374264,-0.35742938845980676
E0b,100,AC,1,0,real,zero,contact,25,50ohm,flat_pct,24.982470904682152,24.866195614106278,-0.11627529057587438
E0b,100,DC,1,0,real,zero,contact,25,50ohm,cin_pF,24.443517177695913,30.87928692119236,6.435769743496447
E0b,100,DC,1,0,real,zero,contact,25,50ohm,gain_error_pct,-0.0003608544552613502,-0.00010489163331239837,0.0002559628219489518
E0b,100,DC,1,0,real,zero,contact,25,50ohm,flat_pct,0.08430627949389535,0.3437644123742145,0.25945813288031916
E0b,1,AC,1,0,real,zero,contact,25,50ohm,cin_pF,24.828076996861263,31.248528975602547,6.4204519787412835
E0b,1,AC,1,0,real,zero,contact,25,50ohm,gain_error_pct,-0.18773719038277514,-0.5417451824611508,-0.35400799207837563
E0b,1,AC,1,0,real,zero,contact,25,50ohm,flat_pct,24.68162190425368,24.56741842468757,-0.1142034795661111
E0b,1,DC,1,0,real,zero,contact,25,50ohm,cin_pF,24.83296371734753,31.297179628532366,6.464215911184837
E0b,1,DC,1,0,real,zero,contact,25,50ohm,gain_error_pct,-0.015726011580097232,-0.014903590032866454,0.0008224215472307783
E0b,1,DC,1,0,real,zero,contact,25,50ohm,flat_pct,0.05690250851487777,0.30885139168650433,0.25194888317162656
E5b,100,AC,1,0,real,100,contact,25,50ohm,bi_max,-2.00092290583e-05,-1.00376697523e-05,9.971559306e-06
E5b,100,AC,1,0,real,100,contact,25,50ohm,bi_min,-2.00092303578e-05,-1.00376710431e-05,9.971559314699998e-06
E5b,100,AC,1,0,real,100,contact,25,50ohm,input_i_max,2.00072382717e-12,1.00366760216e-12,-9.9705622501e-13
E5b,100,AC,1,0,real,100,contact,25,50ohm,input_i_min,2.00072016579e-12,1.003654214e-12,-9.970659517899999e-13
E5b,100,AC,1,0,real,100,contact,25,50ohm,differential_max,-7.55018921894e-05,-2.07900146794e-05,5.4711877510000005e-05
E5b,100,AC,1,0,real,100,contact,25,50ohm,differential_min,-7.55018921931e-05,-2.07900146848e-05,5.4711877508300004e-05
E5b,100,AC,1,0,real,-100,contact,25,50ohm,bi_max,-2.00092489316e-05,-1.00376896248e-05,9.971559306800001e-06
E5b,100,AC,1,0,real,-100,contact,25,50ohm,bi_min,-2.00092491163e-05,-1.00376898059e-05,9.971559310400002e-06
E5b,100,AC,1,0,real,-100,contact,25,50ohm,input_i_max,2.00072383238e-12,1.00366761317e-12,-9.9705621921e-13
E5b,100,AC,1,0,real,-100,contact,25,50ohm,input_i_min,2.00072331196e-12,1.00366570584e-12,-9.9705760612e-13
E5b,100,AC,1,0,real,-100,contact,25,50ohm,differential_max,-7.55018921895e-05,-2.07900146794e-05,5.4711877510099996e-05
E5b,100,AC,1,0,real,-100,contact,25,50ohm,differential_min,-7.550189219e-05,-2.07900146802e-05,5.47118775098e-05
E5b,100,DC,1,0,real,100,contact,25,50ohm,bi_max,0.990805427615,0.990805392367,-3.524799996323935e-08
E5b,100,DC,1,0,real,100,contact,25,50ohm,bi_min,0.990805427613,0.990805392365,-3.524799996323935e-08
E5b,100,DC,1,0,real,100,contact,25,50ohm,input_i_max,2.99182378872e-12,5.95900140906e-12,2.96717762034e-12
E5b,100,DC,1,0,real,100,contact,25,50ohm,input_i_min,2.99144101919e-12,5.95898042974e-12,2.9675394105500002e-12
E5b,100,DC,1,0,real,100,contact,25,50ohm,differential_max,-7.04887835025e-05,-2.24485288238e-05,4.80402546787e-05
E5b,100,DC,1,0,real,100,contact,25,50ohm,differential_min,-7.04887853304e-05,-2.24485288595e-05,4.80402564709e-05
E5b,100,DC,1,0,real,-100,contact,25,50ohm,bi_max,-0.990805475164,-0.990805416228,5.8935999969200736e-08
E5b,100,DC,1,0,real,-100,contact,25,50ohm,bi_min,-0.990805475164,-0.990805416228,5.8935999969200736e-08
E5b,100,DC,1,0,real,-100,contact,25,50ohm,input_i_max,1.01025330802e-12,-3.95154579715e-12,-4.96179910517e-12
E5b,100,DC,1,0,real,-100,contact,25,50ohm,input_i_min,1.00964794469e-12,-3.95157952738e-12,-4.96122747207e-12
E5b,100,DC,1,0,real,-100,contact,25,50ohm,differential_max,-8.05147955496e-05,-1.91301370294e-05,6.13846585202e-05
E5b,100,DC,1,0,real,-100,contact,25,50ohm,differential_min,-8.05147986177e-05,-1.91301370671e-05,6.138466155059999e-05
E5b,1,AC,1,0,real,100,contact,25,50ohm,bi_max,-2.0006830027e-05,-1.00258653785e-05,9.9809646485e-06
E5b,1,AC,1,0,real,100,contact,25,50ohm,bi_min,-2.10596470768e-05,-1.10514593077e-05,1.0008187769099998e-05
E5b,1,AC,1,0,real,100,contact,25,50ohm,input_i_max,2.00048871076e-12,1.00249204377e-12,-9.979966669899999e-13
E5b,1,AC,1,0,real,100,contact,25,50ohm,input_i_min,-2.34195587453e-12,-1.40983963771e-11,-1.1756440502569999e-11
E5b,1,AC,1,0,real,100,contact,25,50ohm,differential_max,-7.55021974685e-05,-2.07902844468e-05,5.4711913021700004e-05
E5b,1,AC,1,0,real,100,contact,25,50ohm,differential_min,-7.55065737604e-05,-2.07962882144e-05,5.4710285545999995e-05
E5b,1,AC,1,0,real,-100,contact,25,50ohm,bi_max,-1.89587350021e-05,-9.02380316806e-06,9.934931834039999e-06
E5b,1,AC,1,0,real,-100,contact,25,50ohm,bi_min,-2.00116486435e-05,-1.00494973413e-05,9.962151302200002e-06
E5b,1,AC,1,0,real,-100,contact,25,50ohm,input_i_max,6.34361179949e-12,1.61062865052e-11,9.762674705710002e-12
E5b,1,AC,1,0,real,-100,contact,25,50ohm,input_i_min,2.0009590101e-12,1.00484349321e-12,-9.961155168899998e-13
E5b,1,AC,1,0,real,-100,contact,25,50ohm,differential_max,-7.54972107609e-05,-2.07850707303e-05,5.47121400306e-05
E5b,1,AC,1,0,real,-100,contact,25,50ohm,differential_min,-7.55015871215e-05,-2.07910735176e-05,5.47105136039e-05
E5b,1,DC,1,0,real,100,contact,25,50ohm,bi_max,5.74409515333,5.52083645461,-0.2232586987199996
E5b,1,DC,1,0,real,100,contact,25,50ohm,bi_min,5.74409510844,5.52083645461,-0.22325865382999943
E5b,1,DC,1,0,real,100,contact,25,50ohm,input_i_max,1.51695231249e-11,0.000211425265227,0.00021142525005747687
E5b,1,DC,1,0,real,100,contact,25,50ohm,input_i_min,-2.97152359024e-11,0.000211425265227,0.00021142529494223592
E5b,1,DC,1,0,real,100,contact,25,50ohm,differential_max,0.884464314198,4.04475896882,3.160294654622
E5b,1,DC,1,0,real,100,contact,25,50ohm,differential_min,0.88446394322,4.04475896882,3.1602950256
E5b,1,DC,1,0,real,-100,contact,25,50ohm,bi_max,-5.74558147973,-5.52182372769,0.22375775204000004
E5b,1,DC,1,0,real,-100,contact,25,50ohm,bi_min,-5.74558148512,-5.52182372769,0.2237577574299996
E5b,1,DC,1,0,real,-100,contact,25,50ohm,input_i_max,-2.82540188874e-12,-0.000211424736032,-0.00021142473320659812
E5b,1,DC,1,0,real,-100,contact,25,50ohm,input_i_min,-8.22865060536e-12,-0.000211424736032,-0.0002114247278033494
E5b,1,DC,1,0,real,-100,contact,25,50ohm,differential_max,-0.886075684373,-3.04475901775,-2.158683333377
E5b,1,DC,1,0,real,-100,contact,25,50ohm,differential_min,-0.886075729837,-3.04475901775,-2.158683287913
E7b,100,DC,1,0,real,4kv,contact,25,50ohm,bi_max,6.0831953844,5.53708748151,-0.5461079028899993
E7b,100,DC,1,0,real,4kv,contact,25,50ohm,bi_min,3.95791252047e-05,3.95910650345e-05,1.1939829799999962e-08
E7b,100,DC,1,0,real,4kv,contact,25,50ohm,input_i_max,0.00474678894924,0.00552715693997,0.0007803679907300003
E7b,100,DC,1,0,real,4kv,contact,25,50ohm,input_i_min,-0.000126191332744,-3.63064735723e-07,0.000125828268008277
E7b,100,DC,1,0,real,4kv,contact,25,50ohm,differential_max,4.05023375682,4.0583794313,0.008145674479999698
E7b,100,DC,1,0,real,4kv,contact,25,50ohm,differential_min,-0.000267401514134,-5.90634979296e-05,0.0002083380162044
E7b,100,DC,1,0,real,4kv,contact,25,50ohm,dhp_i2t_raw,7.17714251918521e-08,5.2929221795050275e-08,-1.884220339680182e-08
E7b,100,DC,1,0,real,4kv,contact,25,50ohm,dlp_i2t_raw,2.4422552353751193e-14,2.021619428668866e-14,-4.206358067062534e-15
E7b,100,DC,1,0,real,4kv,contact,25,50ohm,diff_supply_excess,-5.90880970576,-5.89883893763,0.009970768130000529
E7b,100,DC,1,0,real,8kv,air,25,50ohm,bi_max,6.16440899673,5.54336703766,-0.6210419590699994
E7b,100,DC,1,0,real,8kv,air,25,50ohm,bi_min,7.918223072e-05,7.9194168652e-05,1.1937931999994708e-08
E7b,100,DC,1,0,real,8kv,air,25,50ohm,input_i_max,0.00479053793586,0.00553609061555,0.0007455526796900005
E7b,100,DC,1,0,real,8kv,air,25,50ohm,input_i_min,-0.000127056188307,-3.62998260063e-07,0.000126693190046937
E7b,100,DC,1,0,real,8kv,air,25,50ohm,differential_max,4.12310099561,4.06217011512,-0.06093088048999995
E7b,100,DC,1,0,real,8kv,air,25,50ohm,differential_min,-0.00026702863297,-6.36586002323e-05,0.00020337003273769997
E7b,100,DC,1,0,real,8kv,air,25,50ohm,dhp_i2t_raw,1.7469807854727676e-07,1.3371350284448501e-07,-4.0984575702791746e-08
E7b,100,DC,1,0,real,8kv,air,25,50ohm,dlp_i2t_raw,2.6764651729543405e-14,2.166748612285882e-14,-5.097165606684584e-15
E7b,100,DC,1,0,real,8kv,air,25,50ohm,diff_supply_excess,-5.83664778401,-5.89812492066,-0.061477136649999764
E7b,100,DC,1,0,real,8kv,contact,25,50ohm,bi_max,6.20243529631,5.54290172909,-0.6595335672200004
E7b,100,DC,1,0,real,8kv,contact,25,50ohm,bi_min,7.91822307438e-05,7.91941686758e-05,1.1937931999994708e-08
E7b,100,DC,1,0,real,8kv,contact,25,50ohm,input_i_max,0.0052523449853,0.00592144355824,0.00066909857294
E7b,100,DC,1,0,real,8kv,contact,25,50ohm,input_i_min,-0.000146850546696,-3.63064701869e-07,0.00014648748199413102
E7b,100,DC,1,0,real,8kv,contact,25,50ohm,differential_max,4.21884919381,4.06051302442,-0.15833616939000006
E7b,100,DC,1,0,real,8kv,contact,25,50ohm,differential_min,-0.000267084758845,-5.84377149777e-05,0.00020864704386729997
E7b,100,DC,1,0,real,8kv,contact,25,50ohm,dhp_i2t_raw,3.66948584920794e-07,2.736237903321876e-07,-9.332479458860639e-08
E7b,100,DC,1,0,real,8kv,contact,25,50ohm,dlp_i2t_raw,4.092128037520233e-14,3.501778778438249e-14,-5.9034925908198374e-15
E7b,100,DC,1,0,real,8kv,contact,25,50ohm,diff_supply_excess,-5.74203885096,-5.90045355956,-0.15841470859999962
E7b,100,DC,1,0,real,-4kv,contact,25,50ohm,bi_max,-3.96270858735e-05,-3.9615142248e-05,1.1943625500001015e-08
E7b,100,DC,1,0,real,-4kv,contact,25,50ohm,bi_min,-6.0846756546,-5.53863561445,0.5460400401499994
E7b,100,DC,1,0,real,-4kv,contact,25,50ohm,input_i_max,0.000126459631814,3.63132630647e-07,-0.000126096499183353
E7b,100,DC,1,0,real,-4kv,contact,25,50ohm,input_i_min,-0.00474789824496,-0.00552846394554,-0.0007805657005800007
E7b,100,DC,1,0,real,-4kv,contact,25,50ohm,differential_max,-2.66146078918e-05,5.07320195275e-05,7.73466274193e-05
E7b,100,DC,1,0,real,-4kv,contact,25,50ohm,differential_min,-4.05167231781,-3.05841327276,0.9932590450499994
E7b,100,DC,1,0,real,-4kv,contact,25,50ohm,dhp_i2t_raw,2.4431836501945432e-14,2.0223115473561657e-14,-4.2087210283837756e-15
E7b,100,DC,1,0,real,-4kv,contact,25,50ohm,dlp_i2t_raw,7.176393962831795e-08,5.2926849843992254e-08,-1.8837089784325692e-08
E7b,100,DC,1,0,real,-4kv,contact,25,50ohm,diff_supply_excess,-5.90737216572,-6.89885249691,-0.99148033119
E7b,100,DC,1,0,real,-8kv,contact,25,50ohm,bi_max,-7.92301914126e-05,-7.92182458893e-05,1.1945523300006269e-08
E7b,100,DC,1,0,real,-8kv,contact,25,50ohm,bi_min,-6.20391268084,-5.54452760363,0.6593850772100005
E7b,100,DC,1,0,real,-8kv,contact,25,50ohm,input_i_max,0.000146940741942,3.63132136415e-07,-0.000146577609805585
E7b,100,DC,1,0,real,-8kv,contact,25,50ohm,input_i_min,-0.00525346908746,-0.00592283846412,-0.0006693693766599996
E7b,100,DC,1,0,real,-8kv,contact,25,50ohm,differential_max,-2.6633290394e-05,4.97468605229e-05,7.63801509169e-05
E7b,100,DC,1,0,real,-8kv,contact,25,50ohm,differential_min,-4.22037535334,-3.06117675891,1.1591985944299998
E7b,100,DC,1,0,real,-8kv,contact,25,50ohm,dhp_i2t_raw,4.093039818434713e-14,3.503869795744593e-14,-5.891700226901202e-15
E7b,100,DC,1,0,real,-8kv,contact,25,50ohm,dlp_i2t_raw,3.669454515034578e-07,2.7360990819716805e-07,-9.333554330628975e-08
E7b,100,DC,1,0,real,-8kv,contact,25,50ohm,diff_supply_excess,-5.74051223847,-6.89989572367,-1.1593834852000002
E7b,1,DC,1,0,real,4kv,contact,25,50ohm,bi_max,6.59773967063,5.59627825556,-1.0014614150700005
E7b,1,DC,1,0,real,4kv,contact,25,50ohm,bi_min,0.00298129575722,0.00156375146595,-0.0014175442912699998
E7b,1,DC,1,0,real,4kv,contact,25,50ohm,input_i_max,0.0056762354642,0.0061692084383,0.0004929729741000007
E7b,1,DC,1,0,real,4kv,contact,25,50ohm,input_i_min,-0.000116773183493,-1.58686801807e-07,0.000116614496691193
E7b,1,DC,1,0,real,4kv,contact,25,50ohm,differential_max,4.39915966424,4.0843231772,-0.31483648704
E7b,1,DC,1,0,real,4kv,contact,25,50ohm,differential_min,-0.000240911999385,-4.97769928742e-05,0.0001911350065108
E7b,1,DC,1,0,real,4kv,contact,25,50ohm,dhp_i2t_raw,3.4130140520382803e-06,3.587429859299947e-06,1.744158072616665e-07
E7b,1,DC,1,0,real,4kv,contact,25,50ohm,dlp_i2t_raw,3.526817451992004e-13,3.532475921267301e-13,5.658469275296971e-16
E7b,1,DC,1,0,real,4kv,contact,25,50ohm,diff_supply_excess,-5.56420180303,-5.89485224714,-0.33065044411000066
E7b,1,DC,1,0,real,8kv,air,25,50ohm,bi_max,6.69394103146,5.65206038562,-1.04188064584
E7b,1,DC,1,0,real,8kv,air,25,50ohm,bi_min,0.00478099599252,0.00295034391073,-0.00183065208179
E7b,1,DC,1,0,real,8kv,air,25,50ohm,input_i_max,0.00579825392296,0.0062662704964,0.00046801657344000026
E7b,1,DC,1,0,real,8kv,air,25,50ohm,input_i_min,-0.000115577030628,-1.58672219061e-07,0.000115418358408939
E7b,1,DC,1,0,real,8kv,air,25,50ohm,differential_max,4.50975992894,4.08909454621,-0.4206653827300002
E7b,1,DC,1,0,real,8kv,air,25,50ohm,differential_min,-0.000240318067263,-5.28669068329e-05,0.0001874511604301
E7b,1,DC,1,0,real,8kv,air,25,50ohm,dhp_i2t_raw,6.964603876786193e-06,7.320702025389447e-06,3.560981486032538e-07
E7b,1,DC,1,0,real,8kv,air,25,50ohm,dlp_i2t_raw,4.86142171732264e-13,4.878234281659166e-13,1.681256433652541e-15
E7b,1,DC,1,0,real,8kv,air,25,50ohm,diff_supply_excess,-5.45471956018,-5.89376731705,-0.43904775686999997
E7b,1,DC,1,0,real,8kv,contact,25,50ohm,bi_max,7.11357510854,5.65374096391,-1.4598341446300003
E7b,1,DC,1,0,real,8kv,contact,25,50ohm,bi_min,0.00477070773288,0.00292214529521,-0.0018485624376699998
E7b,1,DC,1,0,real,8kv,contact,25,50ohm,input_i_max,0.00591249396866,0.00687527838944,0.0009627844207799998
E7b,1,DC,1,0,real,8kv,contact,25,50ohm,input_i_min,-0.000132338857037,-1.58686379205e-07,0.000132180170657795
E7b,1,DC,1,0,real,8kv,contact,25,50ohm,differential_max,4.77118332631,4.10544320924,-0.6657401170700004
E7b,1,DC,1,0,real,8kv,contact,25,50ohm,differential_min,-0.000240312096237,-5.01832479869e-05,0.00019012884825009998
E7b,1,DC,1,0,real,8kv,contact,25,50ohm,dhp_i2t_raw,1.3673702090624907e-05,1.4374942279534447e-05,7.012401889095404e-07
E7b,1,DC,1,0,real,8kv,contact,25,50ohm,dlp_i2t_raw,5.045711067483556e-13,5.063823123994372e-13,1.811205651081613e-15
E7b,1,DC,1,0,real,8kv,contact,25,50ohm,diff_supply_excess,-5.19907159432,-5.88985593352,-0.6907843391999995
E7b,1,DC,1,0,real,-4kv,contact,25,50ohm,bi_max,-0.00298587184162,-0.00155723504766,0.00142863679396
E7b,1,DC,1,0,real,-4kv,contact,25,50ohm,bi_min,-6.59929532925,-5.5977957126,1.0014996166500003
E7b,1,DC,1,0,real,-4kv,contact,25,50ohm,input_i_max,0.000117603025754,1.58718045883e-07,-0.000117444307708117
E7b,1,DC,1,0,real,-4kv,contact,25,50ohm,input_i_min,-0.00567770412774,-0.00617061015753,-0.0004929060297899999
E7b,1,DC,1,0,real,-4kv,contact,25,50ohm,differential_max,-4.64429434648e-05,1.99915376875e-05,6.64344811523e-05
E7b,1,DC,1,0,real,-4kv,contact,25,50ohm,differential_min,-4.40066355258,-3.08091331777,1.3197502348100003
E7b,1,DC,1,0,real,-4kv,contact,25,50ohm,dhp_i2t_raw,3.528192872983975e-13,3.534124588654342e-13,5.931715670366936e-16
E7b,1,DC,1,0,real,-4kv,contact,25,50ohm,dlp_i2t_raw,3.413015246364401e-06,3.5874909759831557e-06,1.7447572961875474e-07
E7b,1,DC,1,0,real,-4kv,contact,25,50ohm,diff_supply_excess,-5.56269900623,-6.89802942861,-1.3353304223800002
E7b,1,DC,1,0,real,-8kv,contact,25,50ohm,bi_max,-0.00477543703266,-0.00290720879322,0.00186822823944
E7b,1,DC,1,0,real,-8kv,contact,25,50ohm,bi_min,-7.1150619638,-5.65526826218,1.4597937016199998
E7b,1,DC,1,0,real,-8kv,contact,25,50ohm,input_i_max,0.000133515084423,1.58717477808e-07,-0.00013335636694519198
E7b,1,DC,1,0,real,-8kv,contact,25,50ohm,input_i_min,-0.00591384349798,-0.00687665915264,-0.0009628156546599995
E7b,1,DC,1,0,real,-8kv,contact,25,50ohm,differential_max,-4.64699044502e-05,2.12675959901e-05,6.77375004403e-05
E7b,1,DC,1,0,real,-8kv,contact,25,50ohm,differential_min,-4.77271085925,-3.14778109082,1.62492976843
E7b,1,DC,1,0,real,-8kv,contact,25,50ohm,dhp_i2t_raw,5.047978590960172e-13,5.065852256319868e-13,1.7873665359696358e-15
E7b,1,DC,1,0,real,-8kv,contact,25,50ohm,dlp_i2t_raw,1.3673700675722135e-05,1.4375008309153736e-05,7.01307633431601e-07
E7b,1,DC,1,0,real,-8kv,contact,25,50ohm,diff_supply_excess,-5.19754552355,-6.84065181481,-1.6431062912600005
E7c,100,DC,0,0,off_load_only,4kv,contact,25,50ohm,bi_max,1.15907330136,1.12832599028,-0.03074731108000006
E7c,100,DC,0,0,off_load_only,4kv,contact,25,50ohm,bi_min,3.96031016749e-05,3.96031016749e-05,0.0
E7c,100,DC,0,0,off_load_only,4kv,contact,25,50ohm,input_i_max,1.1590587092e-18,1.12835376486e-18,-3.070494433999986e-20
E7c,100,DC,0,0,off_load_only,4kv,contact,25,50ohm,input_i_min,3.9601271826e-23,3.9601271826e-23,0.0
E7c,100,DC,0,0,off_load_only,4kv,contact,25,50ohm,differential_max,1.15907330136,1.12832599028,-0.03074731108000006
E7c,100,DC,0,0,off_load_only,4kv,contact,25,50ohm,differential_min,3.96031016749e-05,3.96031016749e-05,0.0
E7c,100,DC,0,0,off_load_only,4kv,contact,25,50ohm,dhp_i2t_raw,1.0372955534810048e-07,7.85182057716661e-08,-2.521134957643437e-08
E7c,100,DC,0,0,off_load_only,4kv,contact,25,50ohm,dlp_i2t_raw,5.056871240582964e-15,4.318763337466514e-15,-7.381079031164495e-16
E7c,100,DC,0,0,off_load_only,4kv,contact,25,50ohm,diff_supply_excess,1.15404350801,1.08325045502,-0.07079305299000005
E7c,100,DC,0,0,real,4kv,contact,25,50ohm,bi_max,0.557275115178,0.029741828269,-0.527533286909
E7c,100,DC,0,0,real,4kv,contact,25,50ohm,bi_min,3.71364585651e-05,4.32162566544e-08,-3.70932423084456e-05
E7c,100,DC,0,0,real,4kv,contact,25,50ohm,input_i_max,0.000508377144374,0.000512472664783,4.095520408999931e-06
E7c,100,DC,0,0,real,4kv,contact,25,50ohm,input_i_min,-1.41688796783e-05,2.96213423614e-09,1.417184181253614e-05
E7c,100,DC,0,0,real,4kv,contact,25,50ohm,differential_max,0.375437225741,0.0125973687218,-0.3628398570192
E7c,100,DC,0,0,real,4kv,contact,25,50ohm,differential_min,3.68675674765e-05,-5.06992933724e-05,-8.75668608489e-05
E7c,100,DC,0,0,real,4kv,contact,25,50ohm,dhp_i2t_raw,1.0603331984059663e-07,8.049941918132954e-08,-2.5533900659267094e-08
E7c,100,DC,0,0,real,4kv,contact,25,50ohm,dlp_i2t_raw,2.2433300792524522e-15,2.658322296330888e-14,2.4339892884056428e-14
E7c,100,DC,0,0,real,4kv,contact,25,50ohm,diff_supply_excess,-0.589686156985,-1.09691484925,-0.507228692265
E7c,100,DC,0,0,off_load_only,8kv,air,25,50ohm,bi_max,1.60821846328,1.60453081624,-0.0036876470400000194
E7c,100,DC,0,0,off_load_only,8kv,air,25,50ohm,bi_min,7.92062033261e-05,7.92062033261e-05,0.0
E7c,100,DC,0,0,off_load_only,8kv,air,25,50ohm,input_i_max,1.60819792948e-18,1.60459803945e-18,-3.5998900300000296e-21
E7c,100,DC,0,0,off_load_only,8kv,air,25,50ohm,input_i_min,7.9202543652e-23,7.9202543652e-23,0.0
E7c,100,DC,0,0,off_load_only,8kv,air,25,50ohm,differential_max,1.60821846328,1.60453081624,-0.0036876470400000194
E7c,100,DC,0,0,off_load_only,8kv,air,25,50ohm,differential_min,7.92062033261e-05,7.92062033261e-05,0.0
E7c,100,DC,0,0,off_load_only,8kv,air,25,50ohm,dhp_i2t_raw,2.086645231078357e-07,1.6093408039109335e-07,-4.7730442716742346e-08
E7c,100,DC,0,0,off_load_only,8kv,air,25,50ohm,dlp_i2t_raw,6.38869467347966e-15,5.407042111888449e-15,-9.816525615912114e-16
E7c,100,DC,0,0,off_load_only,8kv,air,25,50ohm,diff_supply_excess,1.15516197512,1.08384978261,-0.07131219250999998
E7c,100,DC,0,0,real,8kv,air,25,50ohm,bi_max,0.643917317055,0.0582731144467,-0.5856442026083
E7c,100,DC,0,0,real,8kv,air,25,50ohm,bi_min,7.42966484572e-05,1.06116429492e-07,-7.4190532027708e-05
E7c,100,DC,0,0,real,8kv,air,25,50ohm,input_i_max,0.000531434776913,0.000513951146342,-1.7483630571000033e-05
E7c,100,DC,0,0,real,8kv,air,25,50ohm,input_i_min,-1.23843590008e-05,5.92279256173e-09,1.239028179336173e-05
E7c,100,DC,0,0,real,8kv,air,25,50ohm,differential_max,0.448500319839,0.0233859662473,-0.4251143535917
E7c,100,DC,0,0,real,8kv,air,25,50ohm,differential_min,7.39937909279e-05,-5.06901321946e-05,-0.0001246839231225
E7c,100,DC,0,0,real,8kv,air,25,50ohm,dhp_i2t_raw,2.1151543376575837e-07,1.6313613214055685e-07,-4.837930162520152e-08
E7c,100,DC,0,0,real,8kv,air,25,50ohm,dlp_i2t_raw,2.84015037251489e-15,3.5993031591170914e-14,3.3152881218656025e-14
E7c,100,DC,0,0,real,8kv,air,25,50ohm,diff_supply_excess,-0.35090433563,-1.05454240919,-0.70363807356
E7c,100,DC,0,0,off_load_only,-4kv,contact,25,50ohm,bi_max,-3.96031016747e-05,-3.96031016747e-05,0.0
E7c,100,DC,0,0,off_load_only,-4kv,contact,25,50ohm,bi_min,-1.15907363366,-1.12832599357,0.030747640089999972
E7c,100,DC,0,0,off_load_only,-4kv,contact,25,50ohm,input_i_max,-3.9601271826e-23,-3.9601271826e-23,0.0
E7c,100,DC,0,0,off_load_only,-4kv,contact,25,50ohm,input_i_min,-1.15916458832e-18,-1.12835376486e-18,3.081082345999997e-20
E7c,100,DC,0,0,off_load_only,-4kv,contact,25,50ohm,differential_max,-3.96031016747e-05,-3.96031016747e-05,0.0
E7c,100,DC,0,0,off_load_only,-4kv,contact,25,50ohm,differential_min,-1.15907363366,-1.12832599357,0.030747640089999972
E7c,100,DC,0,0,off_load_only,-4kv,contact,25,50ohm,dhp_i2t_raw,5.0563233725587834e-15,4.318122243617347e-15,-7.382011289414361e-16
E7c,100,DC,0,0,off_load_only,-4kv,contact,25,50ohm,dlp_i2t_raw,1.0372712913839783e-07,7.85192165900033e-08,-2.5207912548394536e-08
E7c,100,DC,0,0,off_load_only,-4kv,contact,25,50ohm,diff_supply_excess,1.1540291604,1.08325187319,-0.07077728720999987
E7c,100,DC,0,0,real,-4kv,contact,25,50ohm,bi_max,-3.7183939432e-05,-8.25843002116e-08,3.71013551317884e-05
E7c,100,DC,0,0,real,-4kv,contact,25,50ohm,bi_min,-0.557145047569,-0.0297418107001,0.5274032368689
E7c,100,DC,0,0,real,-4kv,contact,25,50ohm,input_i_max,1.41669046519e-05,-2.95918333884e-09,-1.416986383523884e-05
E7c,100,DC,0,0,real,-4kv,contact,25,50ohm,input_i_min,-0.000508385701334,-0.000512472649906,-4.08694857200007e-06
E7c,100,DC,0,0,real,-4kv,contact,25,50ohm,differential_max,-3.73848971769e-05,4.07932324776e-05,7.81781296545e-05
E7c,100,DC,0,0,real,-4kv,contact,25,50ohm,differential_min,-0.373448665615,-0.0126216876358,0.3608269779792
E7c,100,DC,0,0,real,-4kv,contact,25,50ohm,dhp_i2t_raw,2.243471782544141e-15,2.6582754747522778e-14,2.4339282964978637e-14
E7c,100,DC,0,0,real,-4kv,contact,25,50ohm,dlp_i2t_raw,1.0603530662099732e-07,8.049941863153688e-08,-2.5535887989460437e-08
E7c,100,DC,0,0,real,-4kv,contact,25,50ohm,diff_supply_excess,-0.598239750706,-1.09688763805,-0.4986478873439999
E7c,100,DC,0,1,off_load_only,4kv,contact,25,50ohm,bi_max,1.1590733014,1.11957541687,-0.03949788453000003
E7c,100,DC,0,1,off_load_only,4kv,contact,25,50ohm,bi_min,3.96031016748e-05,3.96031016748e-05,0.0
E7c,100,DC,0,1,off_load_only,4kv,contact,25,50ohm,input_i_max,1.15916458832e-18,1.11956579803e-18,-3.959879029000011e-20
E7c,100,DC,0,1,off_load_only,4kv,contact,25,50ohm,input_i_min,3.9601271826e-23,3.9601271826e-23,0.0
E7c,100,DC,0,1,off_load_only,4kv,contact,25,50ohm,differential_max,1.1590733014,1.11957541687,-0.03949788453000003
E7c,100,DC,0,1,off_load_only,4kv,contact,25,50ohm,differential_min,3.96031016748e-05,3.96031016748e-05,0.0
E7c,100,DC,0,1,off_load_only,4kv,contact,25,50ohm,dhp_i2t_raw,1.037297915134231e-07,7.851836043576154e-08,-2.5211431077661567e-08
E7c,100,DC,0,1,off_load_only,4kv,contact,25,50ohm,dlp_i2t_raw,5.056870987782128e-15,4.318762337850665e-15,-7.381086499314629e-16
E7c,100,DC,0,1,off_load_only,4kv,contact,25,50ohm,diff_supply_excess,1.15404350828,1.08325046543,-0.0707930428500001
E7c,100,DC,0,1,real,4kv,contact,25,50ohm,bi_max,0.557345865277,0.0298705107753,-0.5274753545017
E7c,100,DC,0,1,real,4kv,contact,25,50ohm,bi_min,3.71425784232e-05,4.36754605506e-08,-3.70989029626494e-05
E7c,100,DC,0,1,real,4kv,contact,25,50ohm,input_i_max,0.000508442682232,0.000512660485383,4.217803151000069e-06
E7c,100,DC,0,1,real,4kv,contact,25,50ohm,input_i_min,-1.41686472453e-05,2.96507698569e-09,1.417161232228569e-05
E7c,100,DC,0,1,real,4kv,contact,25,50ohm,differential_max,0.375457256541,0.0127259521998,-0.3627313043412
E7c,100,DC,0,1,real,4kv,contact,25,50ohm,differential_min,3.68682913884e-05,-5.05634215383e-05,-8.74317129267e-05
E7c,100,DC,0,1,real,4kv,contact,25,50ohm,dhp_i2t_raw,1.0603600337264544e-07,8.049899827112775e-08,-2.5537005101517697e-08
E7c,100,DC,0,1,real,4kv,contact,25,50ohm,dlp_i2t_raw,2.242435911884456e-15,2.6141550621994936e-14,2.389911471011048e-14
E7c,100,DC,0,1,real,4kv,contact,25,50ohm,diff_supply_excess,-0.589423253372,-1.09625950869,-0.506836255318
E7c,100,DC,0,1,off_load_only,8kv,air,25,50ohm,bi_max,1.58430356117,1.57998880097,-0.00431476019999999
E7c,100,DC,0,1,off_load_only,8kv,air,25,50ohm,bi_min,7.92062033261e-05,7.92062033261e-05,0.0
E7c,100,DC,0,1,off_load_only,8kv,air,25,50ohm,input_i_max,1.58437512784e-18,1.58003408398e-18,-4.341043860000019e-21
E7c,100,DC,0,1,off_load_only,8kv,air,25,50ohm,input_i_min,7.9202543652e-23,7.9202543652e-23,0.0
E7c,100,DC,0,1,off_load_only,8kv,air,25,50ohm,differential_max,1.58430356117,1.57998880097,-0.00431476019999999
E7c,100,DC,0,1,off_load_only,8kv,air,25,50ohm,differential_min,7.92062033261e-05,7.92062033261e-05,0.0
E7c,100,DC,0,1,off_load_only,8kv,air,25,50ohm,dhp_i2t_raw,2.086656050304243e-07,1.6093517369310885e-07,-4.773043133731546e-08
E7c,100,DC,0,1,off_load_only,8kv,air,25,50ohm,dlp_i2t_raw,6.3886913037290305e-15,5.407041730025363e-15,-9.816495737036678e-16
E7c,100,DC,0,1,off_load_only,8kv,air,25,50ohm,diff_supply_excess,1.1551619746,1.08384978164,-0.07131219296000002
E7c,100,DC,0,1,real,8kv,air,25,50ohm,bi_max,0.643988237279,0.0590448674324,-0.5849433698466
E7c,100,DC,0,1,real,8kv,air,25,50ohm,bi_min,7.43089000927e-05,1.07219044045e-07,-7.4201681048655e-05
E7c,100,DC,0,1,real,8kv,air,25,50ohm,input_i_max,0.000531489151884,0.000514072926358,-1.7416225525999918e-05
E7c,100,DC,0,1,real,8kv,air,25,50ohm,input_i_min,-1.23842046521e-05,5.92866277211e-09,1.239013331487211e-05
E7c,100,DC,0,1,real,8kv,air,25,50ohm,differential_max,0.448620018681,0.0235937960462,-0.4250262226348
E7c,100,DC,0,1,real,8kv,air,25,50ohm,differential_min,7.40005390137e-05,-5.05541803251e-05,-0.0001245547193388
E7c,100,DC,0,1,real,8kv,air,25,50ohm,dhp_i2t_raw,2.1151452673283e-07,1.631344842508344e-07,-4.838004248199561e-08
E7c,100,DC,0,1,real,8kv,air,25,50ohm,dlp_i2t_raw,2.8389094221357493e-15,3.540708545884262e-14,3.256817603670687e-14
E7c,100,DC,0,1,real,8kv,air,25,50ohm,diff_supply_excess,-0.341993555787,-1.05380355342,-0.7118099976330001
E7c,100,DC,0,1,off_load_only,-4kv,contact,25,50ohm,bi_max,-3.96031016746e-05,-3.96031016746e-05,0.0
E7c,100,DC,0,1,off_load_only,-4kv,contact,25,50ohm,bi_min,-1.15907363501,-1.11957541689,0.03949821811999987
E7c,100,DC,0,1,off_load_only,-4kv,contact,25,50ohm,input_i_max,-3.9601271826e-23,-3.9601271826e-23,0.0
E7c,100,DC,0,1,off_load_only,-4kv,contact,25,50ohm,input_i_min,-1.1590587092e-18,-1.11956579803e-18,3.949291117e-20
E7c,100,DC,0,1,off_load_only,-4kv,contact,25,50ohm,differential_max,-3.96031016746e-05,-3.96031016746e-05,0.0
E7c,100,DC,0,1,off_load_only,-4kv,contact,25,50ohm,differential_min,-1.15907363501,-1.11957541689,0.03949821811999987
E7c,100,DC,0,1,off_load_only,-4kv,contact,25,50ohm,dhp_i2t_raw,5.056322673418751e-15,4.318121915445746e-15,-7.382007579730045e-16
E7c,100,DC,0,1,off_load_only,-4kv,contact,25,50ohm,dlp_i2t_raw,1.0372736551486289e-07,7.851945664753896e-08,-2.5207908867323933e-08
E7c,100,DC,0,1,off_load_only,-4kv,contact,25,50ohm,diff_supply_excess,1.154029162,1.08325187288,-0.07077728912000003
E7c,100,DC,0,1,real,-4kv,contact,25,50ohm,bi_max,-3.71900832855e-05,-8.34119271694e-08,3.7106671358330596e-05
E7c,100,DC,0,1,real,-4kv,contact,25,50ohm,bi_min,-0.557216120635,-0.0298704931653,0.5273456274697
E7c,100,DC,0,1,real,-4kv,contact,25,50ohm,input_i_max,1.41666855908e-05,-2.96209551114e-09,-1.416964768631114e-05
E7c,100,DC,0,1,real,-4kv,contact,25,50ohm,input_i_min,-0.000508434876092,-0.000512660494184,-4.225618091999953e-06
E7c,100,DC,0,1,real,-4kv,contact,25,50ohm,differential_max,-3.73962217393e-05,4.06494072567e-05,7.804562899600001e-05
E7c,100,DC,0,1,real,-4kv,contact,25,50ohm,differential_min,-0.373454486413,-0.0127502811054,0.3607042053076
E7c,100,DC,0,1,real,-4kv,contact,25,50ohm,dhp_i2t_raw,2.2426329054572342e-15,2.614109065874542e-14,2.3898457753288186e-14
E7c,100,DC,0,1,real,-4kv,contact,25,50ohm,dlp_i2t_raw,1.0603440909304344e-07,8.049899780156459e-08,-2.5535411291478852e-08
E7c,100,DC,0,1,real,-4kv,contact,25,50ohm,diff_supply_excess,-0.598089907511,-1.09623229702,-0.498142389509
E7c,100,DC,0,2,off_load_only,4kv,contact,25,50ohm,bi_max,1.15907328155,1.08747145771,-0.07160182384000002
E7c,100,DC,0,2,off_load_only,4kv,contact,25,50ohm,bi_min,3.96031016748e-05,3.96031016748e-05,0.0
E7c,100,DC,0,2,off_load_only,4kv,contact,25,50ohm,input_i_max,1.15916458832e-18,1.08748442516e-18,-7.168016316000002e-20
E7c,100,DC,0,2,off_load_only,4kv,contact,25,50ohm,input_i_min,3.9601271826e-23,3.9601271826e-23,0.0
E7c,100,DC,0,2,off_load_only,4kv,contact,25,50ohm,differential_max,1.15907328155,1.08747145771,-0.07160182384000002
E7c,100,DC,0,2,off_load_only,4kv,contact,25,50ohm,differential_min,3.96031016748e-05,3.96031016748e-05,0.0
E7c,100,DC,0,2,off_load_only,4kv,contact,25,50ohm,dhp_i2t_raw,1.0374150114337247e-07,7.853011282208166e-08,-2.521138832129081e-08
E7c,100,DC,0,2,off_load_only,4kv,contact,25,50ohm,dlp_i2t_raw,5.0568665808525814e-15,4.318758117511724e-15,-7.381084633408574e-16
E7c,100,DC,0,2,off_load_only,4kv,contact,25,50ohm,diff_supply_excess,1.15404351046,1.08325046617,-0.07079304429
E7c,100,DC,0,2,real,4kv,contact,25,50ohm,bi_max,0.857482594954,0.148393426267,-0.709089168687
E7c,100,DC,0,2,real,4kv,contact,25,50ohm,bi_min,3.95798569936e-05,7.79462149009e-07,-3.8800394844591004e-05
E7c,100,DC,0,2,real,4kv,contact,25,50ohm,input_i_max,0.000735580083653,0.000549761071118,-0.000185819012535
E7c,100,DC,0,2,real,4kv,contact,25,50ohm,input_i_min,-1.40062104863e-05,3.19828806026e-09,1.400940877436026e-05
E7c,100,DC,0,2,real,4kv,contact,25,50ohm,differential_max,0.861459312264,0.0872330159311,-0.7742262963329
E7c,100,DC,0,2,real,4kv,contact,25,50ohm,differential_min,0.00373486534253,-0.000116368673579,-0.003851234016109
E7c,100,DC,0,2,real,4kv,contact,25,50ohm,dhp_i2t_raw,1.0468658306435378e-07,8.02809720462105e-08,-2.440561101814328e-08
E7c,100,DC,0,2,real,4kv,contact,25,50ohm,dlp_i2t_raw,3.8343505471340024e-15,2.0351673462292993e-15,-1.799183200904703e-15
E7c,100,DC,0,2,real,4kv,contact,25,50ohm,diff_supply_excess,0.51186047125,-0.82508249599,-1.3369429672400002
E7c,100,DC,0,2,off_load_only,8kv,air,25,50ohm,bi_max,1.15999479473,1.11602347694,-0.043971317790000075
E7c,100,DC,0,2,off_load_only,8kv,air,25,50ohm,bi_min,7.92062033261e-05,7.92062033261e-05,0.0
E7c,100,DC,0,2,off_load_only,8kv,air,25,50ohm,input_i_max,1.16001162126e-18,1.11617766624e-18,-4.383395502000001e-20
E7c,100,DC,0,2,off_load_only,8kv,air,25,50ohm,input_i_min,7.9202543652e-23,7.9202543652e-23,0.0
E7c,100,DC,0,2,off_load_only,8kv,air,25,50ohm,differential_max,1.15999479473,1.11602347694,-0.043971317790000075
E7c,100,DC,0,2,off_load_only,8kv,air,25,50ohm,differential_min,7.92062033261e-05,7.92062033261e-05,0.0
E7c,100,DC,0,2,off_load_only,8kv,air,25,50ohm,dhp_i2t_raw,2.0871783798212975e-07,1.6098769952976644e-07,-4.773013845236331e-08
E7c,100,DC,0,2,off_load_only,8kv,air,25,50ohm,dlp_i2t_raw,6.388678632291816e-15,5.407029437353839e-15,-9.816491949379764e-16
E7c,100,DC,0,2,off_load_only,8kv,air,25,50ohm,diff_supply_excess,1.15516197663,1.0838497992,-0.07131217743000007
E7c,100,DC,0,2,real,8kv,air,25,50ohm,bi_max,0.945177712615,0.286591126101,-0.658586586514
E7c,100,DC,0,2,real,8kv,air,25,50ohm,bi_min,7.91827721648e-05,1.6762423553e-06,-7.75065298095e-05
E7c,100,DC,0,2,real,8kv,air,25,50ohm,input_i_max,0.000768643300552,0.000550632591617,-0.00021801070893500004
E7c,100,DC,0,2,real,8kv,air,25,50ohm,input_i_min,-1.2767196822e-05,6.38690838711e-09,1.277358373038711e-05
E7c,100,DC,0,2,real,8kv,air,25,50ohm,differential_max,0.940860483268,0.157190002309,-0.783670480959
E7c,100,DC,0,2,real,8kv,air,25,50ohm,differential_min,0.00377446825725,-0.000116347316165,-0.003890815573415
E7c,100,DC,0,2,real,8kv,air,25,50ohm,dhp_i2t_raw,2.098440000274145e-07,1.6283650970618448e-07,-4.7007490321230015e-08
E7c,100,DC,0,2,real,8kv,air,25,50ohm,dlp_i2t_raw,4.870711816052803e-15,2.627158309885545e-15,-2.243553506167258e-15
E7c,100,DC,0,2,real,8kv,air,25,50ohm,diff_supply_excess,0.606629384833,-0.619971387418,-1.226600772251
E7c,100,DC,0,2,off_load_only,-4kv,contact,25,50ohm,bi_max,-3.96031016746e-05,-3.96031016746e-05,0.0
E7c,100,DC,0,2,off_load_only,-4kv,contact,25,50ohm,bi_min,-1.1590736148,-1.08747762121,0.07159599359000013
E7c,100,DC,0,2,off_load_only,-4kv,contact,25,50ohm,input_i_max,-3.9601271826e-23,-3.9601271826e-23,0.0
E7c,100,DC,0,2,off_load_only,-4kv,contact,25,50ohm,input_i_min,-1.15916458832e-18,-1.08748442516e-18,7.168016316000002e-20
E7c,100,DC,0,2,off_load_only,-4kv,contact,25,50ohm,differential_max,-3.96031016746e-05,-3.96031016746e-05,0.0
E7c,100,DC,0,2,off_load_only,-4kv,contact,25,50ohm,differential_min,-1.1590736148,-1.08747762121,0.07159599359000013
E7c,100,DC,0,2,off_load_only,-4kv,contact,25,50ohm,dhp_i2t_raw,5.056318260079548e-15,4.318117619889251e-15,-7.382006401902976e-16
E7c,100,DC,0,2,off_load_only,-4kv,contact,25,50ohm,dlp_i2t_raw,1.0373907512613478e-07,7.853120268685359e-08,-2.5207872439281195e-08
E7c,100,DC,0,2,off_load_only,-4kv,contact,25,50ohm,diff_supply_excess,1.15402916408,1.08325187475,-0.07077728933000005
E7c,100,DC,0,2,real,-4kv,contact,25,50ohm,bi_max,-3.96259733889e-05,-1.01413186733e-06,3.8611841521570004e-05
E7c,100,DC,0,2,real,-4kv,contact,25,50ohm,bi_min,-0.857203805229,-0.148393590888,0.708810214341
E7c,100,DC,0,2,real,-4kv,contact,25,50ohm,input_i_max,1.40279546022e-05,-3.17895075038e-09,-1.403113355295038e-05
E7c,100,DC,0,2,real,-4kv,contact,25,50ohm,input_i_min,-0.000735063760272,-0.000549757670496,0.000185306089776
E7c,100,DC,0,2,real,-4kv,contact,25,50ohm,differential_max,0.00365565951312,0.00010612064447,-0.00354953886865
E7c,100,DC,0,2,real,-4kv,contact,25,50ohm,differential_min,-0.829738122253,-0.0872327677333,0.7425053545197
E7c,100,DC,0,2,real,-4kv,contact,25,50ohm,dhp_i2t_raw,3.830537410256223e-15,2.0351625244708184e-15,-1.795374885785405e-15
E7c,100,DC,0,2,real,-4kv,contact,25,50ohm,dlp_i2t_raw,1.046831735639891e-07,8.028034035077538e-08,-2.4402833213213717e-08
E7c,100,DC,0,2,real,-4kv,contact,25,50ohm,diff_supply_excess,0.480108928819,-0.825082583167,-1.305191511986
E9,100,AC,1,0,real,zero,contact,25,50ohm,offset_bnc_v,0.005600761492657166,0.0010852114704746484,-0.004515550022182518
E9,100,AC,1,0,real,zero,contact,25,air,offset_bnc_v,0.005600761492657166,0.0010852114704746484,-0.004515550022182518
E9,100,AC,1,0,real,zero,contact,85,50ohm,offset_bnc_v,0.00741745571790968,0.0038102666668704847,-0.0036071890510391957
E9,100,AC,1,0,real,zero,contact,85,air,offset_bnc_v,0.00741745571790968,0.0038102666668704847,-0.0036071890510391957
E9,100,DC,1,0,real,zero,contact,25,50ohm,offset_bnc_v,0.007617842932853623,0.0020970908372326988,-0.005520752095620925
E9,100,DC,1,0,real,zero,contact,25,air,offset_bnc_v,0.007617823109931869,0.0020970808850372885,-0.005520742224894581
E9,100,DC,1,0,real,zero,contact,85,50ohm,offset_bnc_v,0.009434535175769554,0.0048221440810455206,-0.004612391094724034
E9,100,DC,1,0,real,zero,contact,85,air,offset_bnc_v,0.009434515334933082,0.004822134110925301,-0.0046123812240077815
E9,1,AC,1,0,real,zero,contact,25,50ohm,offset_bnc_v,5.604646987338111e-05,1.085964329421018e-05,-4.5186826579170924e-05
E9,1,AC,1,0,real,zero,contact,25,air,offset_bnc_v,5.604646987267413e-05,1.085964329370519e-05,-4.518682657896894e-05
E9,1,AC,1,0,real,zero,contact,85,50ohm,offset_bnc_v,7.422601533309222e-05,3.8129100165090144e-05,-3.609691516800208e-05
E9,1,AC,1,0,real,zero,contact,85,air,offset_bnc_v,7.422601533248625e-05,3.8129100164484156e-05,-3.609691516800209e-05
E9,1,DC,1,0,real,zero,contact,25,50ohm,offset_bnc_v,7.605335322440994e-05,2.0896128998656434e-05,-5.5157224225753505e-05
E9,1,DC,1,0,real,zero,contact,25,air,offset_bnc_v,7.40724221264701e-05,1.9901597277528866e-05,-5.417082484894123e-05
E9,1,DC,1,0,real,zero,contact,85,50ohm,offset_bnc_v,9.423271809212221e-05,4.8165405578006594e-05,-4.606731251411562e-05
E9,1,DC,1,0,real,zero,contact,85,air,offset_bnc_v,9.225000237588404e-05,4.7169086713125716e-05,-4.5080915662758326e-05
