buffer,part,voltage_V,voltage_limit_V,power_W,power_limit_W
OPA810,rt1,49.5042963551,100.0,0.00446384650222,0.125
OPA810,rt2,49.5042963551,100.0,0.00446384650222,0.125
OPA810,rb,0.991884580703,75.0,8.94395474034e-05,0.0625
OPA810,rs1,47.1279051871,100.0,0.0445098085637,0.125
OPA810,rs2,47.1279051871,100.0,0.0445098085637,0.125
OPA810,req,0.933136824399,100.0,1.11960388033e-08,0.125
OPA810,rbias,5.75654872955,75.0,3.30117066346e-06,0.0625
OPA810,rprot,0.000962577659194,75.0,3.27126760031e-11,0.0625
OPA810,ct1,49.5042963551,80.0,,
OPA810,ct2fixed,49.5042963551,80.0,,
OPA810,ct2trim,49.5042963551,80.0,,
OPA810,cb,0.991884580703,40.0,,
OPA810,cs,94.2558103743,160.0,,
OPA810,cac,5.73529543857e-08,40.0,,
OPA810,ceq,0.933136824399,160.0,,
OPA828,rt1,49.5040577096,100.0,0.00446384650222,0.125
OPA828,rt2,49.5040577096,100.0,0.00446384650222,0.125
OPA828,rb,0.991884580703,75.0,8.94395474034e-05,0.0625
OPA828,rs1,47.1338113119,100.0,0.0445209653063,0.125
OPA828,rs2,47.1338113119,100.0,0.0445209653063,0.125
OPA828,req,5.73337168757e-11,100.0,3.28713532228e-28,0.125
OPA828,rbias,5.73324846372,75.0,3.28701379467e-06,0.0625
OPA828,rprot,0.211425265227,75.0,4.47006427762e-05,0.0625
OPA828,ct1,49.5040577096,80.0,,
OPA828,ct2fixed,49.5040577096,80.0,,
OPA828,ct2trim,49.5040577096,80.0,,
OPA828,cb,0.991884580703,40.0,,
OPA828,cs,94.2676226238,160.0,,
OPA828,cac,2.11617579948e-05,40.0,,
OPA828,ceq,5.73337168757e-11,160.0,,
