test,buffer,POS,CPL,power,bleed,stimulus,temperature_C,connection,variant,id,s2b_test,mode,stop,zin,cin,g1,gmin,gmax,peak,fc,cin_pF,gain_error_pct,flat_pct,peak_db,vp_max,vp_min,vn_max,vn_min,bi_max,bi_min,differential_max,differential_min,input_i_max,input_i_min,positive_rail_excess_max,positive_rail_excess_min,negative_rail_excess_max,negative_rail_excess_min,dhp_i_max,dhp_i_min,dlp_i_max,dlp_i_min,dhp_reverse_max,dhp_reverse_min,dlp_reverse_max,dlp_reverse_min,tvsp_i_max,tvsp_i_min,tvsn_i_max,tvsn_i_min,rail_sourcep_i_max,rail_sourcep_i_min,rail_sourcen_i_max,rail_sourcen_i_min,relay_open_max,relay_open_min,relay_second_open_max,relay_second_open_min,rt1_v,rt1_p,rt2_v,rt2_p,rb_v,rb_p,rs1_v,rs1_p,rs1_energy,rs2_v,rs2_p,rs2_energy,req_v,req_p,rbias_v,rbias_p,rprot_v,rprot_p,rprot_energy,ct1_v,ct2fixed_v,ct2trim_v,cb_v,cs_v,cac_v,ceq_v,input_energy,input_charge,gun_i_peak,gun_i2t,first_peak_A,rise_10_90_ns,t10_s,peak_time_ns,i30_A,i60_A,i30_switch_A,i60_switch_A,max_step_first100ns,gun_body_initial_V,gun_fast_initial_V,gun_body_final_V,gun_fast_final_V,gun_final_current_A,dhp_i2t,dlp_i2t,rt1_energy,rt2_energy,diff_supply_excess,dhp_i2t_raw,dhp_i2t_uA2s,dhp_i2t_disagreement,dhp_tail_i2t,dhp_i2t_absolute_disagreement,dlp_i2t_raw,dlp_i2t_uA2s,dlp_i2t_disagreement,dlp_tail_i2t,dlp_i2t_absolute_disagreement,offset,input_i,bi,offset_bnc_v
E0,OPA810,100,AC,1,0,zero,25,50ohm,real,e0b_opa810_pos100_cplac_pwr1_bleed0_zero_t25_50ohm_real_contact,E0b,contact,0.002,999148.0323610785,2.4443516688031355e-11,0.009891182344620943,0.007420120593246958,0.009891395872434462,0.009891395872434462,8.81466878312,24.443516688031355,-0.1702928161776196,24.982470904682152,0.00018750629999851717,,,,,,,,,,,,,,,,,,,,,,,,,,,,,,,,,,,,,,,,,,,,,,,,,,,,,,,,,,,,,,,,,,,,,,,,,,,,,,,,,,,,,,,,,,,,,,,,,
E0,OPA810,100,DC,1,0,zero,25,50ohm,real,e0b_opa810_pos100_cpldc_pwr1_bleed0_zero_t25_50ohm_real_contact,E0b,contact,0.002,999147.9374603695,2.444351717769591e-11,0.009908019296936951,0.009899666214496167,0.009908045048794143,0.009908045048794143,,24.443517177695913,-0.0003608544552613502,0.08430627949389535,2.257540000248112e-05,,,,,,,,,,,,,,,,,,,,,,,,,,,,,,,,,,,,,,,,,,,,,,,,,,,,,,,,,,,,,,,,,,,,,,,,,,,,,,,,,,,,,,,,,,,,,,,,,
E0,OPA810,1,AC,1,0,zero,25,50ohm,real,e0b_opa810_pos1_cplac_pwr1_bleed0_zero_t25_50ohm_real_contact,E0b,contact,0.002,1000047.717148793,2.4828076996861264e-11,0.9882597953386921,0.7443412492214448,0.988274567982202,0.988274567982202,8.73429596626,24.828076996861263,-0.18773719038277514,24.68162190425368,0.00012983690400016775,,,,,,,,,,,,,,,,,,,,,,,,,,,,,,,,,,,,,,,,,,,,,,,,,,,,,,,,,,,,,,,,,,,,,,,,,,,,,,,,,,,,,,,,,,,,,,,,,
E0,OPA810,1,DC,1,0,zero,25,50ohm,real,e0b_opa810_pos1_cpldc_pwr1_bleed0_zero_t25_50ohm_real_contact,E0b,contact,0.002,999146.1238807882,2.483296371734753e-11,0.9899629100419801,0.9893995963127994,0.9901172929466739,0.9901172929466739,,24.83296371734753,-0.015726011580097232,0.05690250851487777,0.001354442989599739,,,,,,,,,,,,,,,,,,,,,,,,,,,,,,,,,,,,,,,,,,,,,,,,,,,,,,,,,,,,,,,,,,,,,,,,,,,,,,,,,,,,,,,,,,,,,,,,,
E0,OPA828,100,AC,1,0,zero,25,50ohm,real,e0b_opa828_pos100_cplac_pwr1_bleed0_zero_t25_50ohm_real_contact,E0b,contact,0.002,999078.0040700968,3.0879282050692995e-11,0.009855768044045341,0.00740501348294045,0.009855983644692867,0.009855983644692867,8.7835390613,30.879282050692996,-0.5277222046374264,24.866195614106278,0.00019000679999863564,,,,,,,,,,,,,,,,,,,,,,,,,,,,,,,,,,,,,,,,,,,,,,,,,,,,,,,,,,,,,,,,,,,,,,,,,,,,,,,,,,,,,,,,,,,,,,,,,
E0,OPA828,100,DC,1,0,zero,25,50ohm,real,e0b_opa828_pos100_cpldc_pwr1_bleed0_zero_t25_50ohm_real_contact,E0b,contact,0.002,999077.8434978528,3.087928692119236e-11,0.009908044657874258,0.009873984326378342,0.00990807062276769,0.00990807062413654,,30.87928692119236,-0.00010489163331239837,0.3437644123742145,2.276329999956405e-05,,,,,,,,,,,,,,,,,,,,,,,,,,,,,,,,,,,,,,,,,,,,,,,,,,,,,,,,,,,,,,,,,,,,,,,,,,,,,,,,,,,,,,,,,,,,,,,,,
E0,OPA828,1,AC,1,0,zero,25,50ohm,real,e0b_opa828_pos1_cplac_pwr1_bleed0_zero_t25_50ohm_real_contact,E0b,contact,0.002,1000631.2693538961,3.1248528975602546e-11,0.9847546963062521,0.7428258896079338,0.984757237371839,0.984757237371839,8.70382557823,31.248528975602547,-0.5417451824611508,24.56741842468757,2.241308100108218e-05,,,,,,,,,,,,,,,,,,,,,,,,,,,,,,,,,,,,,,,,,,,,,,,,,,,,,,,,,,,,,,,,,,,,,,,,,,,,,,,,,,,,,,,,,,,,,,,,,
E0,OPA828,1,DC,1,0,zero,25,50ohm,real,e0b_opa828_pos1_cpldc_pwr1_bleed0_zero_t25_50ohm_real_contact,E0b,contact,0.002,999070.8793342718,3.1297179628532366e-11,0.989971052990823,0.9869135136163673,0.9901195200258234,0.9901195578877872,,31.297179628532366,-0.014903590032866454,0.30885139168650433,0.0013028667891008966,,,,,,,,,,,,,,,,,,,,,,,,,,,,,,,,,,,,,,,,,,,,,,,,,,,,,,,,,,,,,,,,,,,,,,,,,,,,,,,,,,,,,,,,,,,,,,,,,
E5,OPA810,1,DC,1,0,100,25,50ohm,real,e5b_opa810_pos1_cpldc_pwr1_bleed0_100_t25_50ohm_real_contact,E5b,contact,0.002,,,,,,,,,,,,4.97618643627,4.97618643625,-4.97962936398,-4.97962936398,5.74409515333,5.74409510844,0.884464314198,0.88446394322,1.51695231249e-11,-2.97152359024e-11,0.767908717061,0.76790867217,-10.7237244724,-10.7237245173,0.000943872604919,0.000943872561936,-1.12864405322e-11,-1.12912457162e-11,-0.767908744777,-0.767908744783,10.723724545,10.723724545,-5.71115057542e-12,-5.71115057544e-12,-5.71459694196e-12,-5.71503730187e-12,0.0476269369915,0.047626936952,0.0407411090758,0.0407411090758,4.75221060035,4.75221060033,5.7441896257,5.74418962567,49.5040577096,0.00446384650222,49.5040577096,0.00446384650222,0.991884580703,8.94395474034e-05,47.1279051871,0.0445098085637,4.45098085637e-08,47.1279051871,0.0445098085637,4.45098085637e-08,5.80590738247e-11,3.23858138466e-28,5.74409512362,3.2994628789e-06,2.9715576666e-08,6.45365517088e-20,6.45365517088e-26,49.5040577096,49.5040577096,49.5040577096,0.991884580703,94.2558103743,5.73385179337e-08,5.80590738247e-11,4.54599466883e-17,7.91420506961e-18,,,,,,,,,,,,,,,,,,,,,,,,,,,,,,,,,,,
E5,OPA810,1,DC,1,0,-100,25,50ohm,real,e5b_opa810_pos1_cpldc_pwr1_bleed0_neg100_t25_50ohm_real_contact,E5b,contact,0.002,,,,,,,,,,,,4.97814171734,4.97814171734,-4.9776735535,-4.9776735535,-5.74558147973,-5.74558148512,-0.886075684373,-0.886075729837,-2.82540188874e-12,-8.22865060536e-12,-10.7237231971,-10.7237232025,0.767907931618,0.76790792623,-1.1286058893e-11,-1.12889732284e-11,0.000943857531897,0.000943857526859,10.7237232627,10.7237232627,-0.7679079919,-0.767907991901,-5.7131058565e-12,-5.7131058565e-12,-5.71264081687e-12,-5.71308117679e-12,0.0437163904625,0.0437163904621,0.0446527143841,0.0446527143793,-4.7536969647,-4.7536969647,-5.74567598856,-5.74567598856,49.5040577096,0.00446384650222,49.5040577096,0.00446384650222,0.991884580703,8.94395474034e-05,47.1271620057,0.0445084047838,4.45084047838e-08,47.1271620057,0.0445084047838,4.45084047838e-08,5.76589723775e-11,3.30826159626e-28,5.74558148795,3.30117066346e-06,8.21329759759e-09,1.41679274073e-20,1.41679274073e-26,49.5040577096,49.5040577096,49.5040577096,0.991884580703,94.2543240114,5.73529543857e-08,5.76589723775e-11,2.15629461681e-17,3.75296151095e-18,,,,,,,,,,,,,,,,,,,,,,,,,,,,,,,,,,,
E5,OPA810,1,DC,1,0,sine100,25,50ohm,real,e5b_opa810_pos1_cpldc_pwr1_bleed0_sine100_t25_50ohm_real_contact,E5b,contact,0.002,,,,,,,,,,,,4.97814182893,4.97566807648,-4.97715075841,-4.97962947503,5.75506681056,-5.7565487244,0.793411391088,-0.7857986268,9.54600386158e-07,-9.62577749291e-07,0.778812148827,-10.7346904417,0.778811532546,-10.7346961745,0.00118417590582,-2.74717374214e-07,0.00118416091904,-2.74715863426e-07,10.7346905045,-0.778812215178,10.7346962409,-0.778811595267,-5.71063221564e-12,-5.7131059681e-12,-5.71211702035e-12,-5.71459694196e-12,0.0486636523942,0.0437161672699,0.0456983003843,0.0407408869848,5.95973102122,-5.96120165706,5.70413551044,-5.70561647725,49.5042963551,0.0022319516539,49.5042963551,0.0022319516539,0.991427471599,4.46633880386e-05,47.12780051,0.021876818452,2.1876818452e-05,47.12780051,0.021876818452,2.1876818452e-05,0.933136824399,1.11960388033e-08,5.75654872955,3.04976128974e-06,0.000962577659194,3.27126760031e-11,3.27126760031e-14,49.5042963551,49.5042963551,49.5042963551,0.991427471599,94.25560102,4.60600446672e-11,0.933136824399,1.73991859843e-10,5.9121968129e-11,,,,,,,,,,,,,,,,,,,,,,,,,,,,,,,,,,,
E5,OPA828,1,DC,1,0,100,25,50ohm,real,e5b_opa828_pos1_cpldc_pwr1_bleed0_100_t25_50ohm_real_contact,E5b,contact,0.002,,,,,,,,,,,,4.97608261324,4.97608261324,-4.97783634955,-4.97783634955,5.52083645461,5.52083645461,4.04475896882,4.04475896882,0.000211425265227,0.000211425265227,0.54475384137,0.54475384137,-10.4986728042,-10.4986728042,0.000732566854278,0.000732566854278,-1.12750087045e-11,-1.12750260517e-11,-0.756200306446,-0.756200306446,10.7101192692,10.7101192692,-5.71104675241e-12,-5.71104675241e-12,-5.71280305474e-12,-5.71280305474e-12,0.0478345821829,0.0478345821829,0.0443271235902,0.0443271235902,4.74039833898,4.74039833898,5.73237737616,5.73237737616,49.5040577096,0.00446384650222,49.5040577096,0.00446384650222,0.991884580703,8.94395474034e-05,47.1338113119,0.0445209653063,4.45209653063e-08,47.1338113119,0.0445209653063,4.45209653063e-08,5.7324847343e-11,3.286079388e-28,5.73226171984,3.28588244247e-06,0.211425265227,4.47006427762e-05,4.47006427762e-11,49.5040577096,49.5040577096,49.5040577096,0.991884580703,94.2676226238,2.11617579948e-05,5.7324847343e-11,1.16724431169e-09,2.11425265227e-10,,,,,,,,,,,,,,,,,,,,,,,,,,,,,,,,,,,
E5,OPA828,1,DC,1,0,-100,25,50ohm,real,e5b_opa828_pos1_cpldc_pwr1_bleed0_neg100_t25_50ohm_real_contact,E5b,contact,0.002,,,,,,,,,,,,4.97634923856,4.97634923856,-4.97706993901,-4.97706993901,-5.52182372769,-5.52182372769,-3.04475901775,-3.04475901775,-0.000211424736032,-0.000211424736032,-10.4981729662,-10.4981729662,0.544753788679,0.544753788679,-1.12743061415e-11,-1.12746530861e-11,0.000732557397599,0.000732557397593,10.7096189021,10.7096189021,-0.756199724517,-0.756199724517,-5.71131337773e-12,-5.71131337773e-12,-5.71203358373e-12,-5.71203358373e-12,0.047301333672,0.047301333672,0.0458599385468,0.0458599385468,-4.74138508282,-4.74138508282,-5.73336411901,-5.73336411901,49.5040577096,0.00446384650222,49.5040577096,0.00446384650222,0.991884580703,8.94395474034e-05,47.1333179405,0.0445200332681,4.45200332681e-08,47.1333179405,0.0445200332681,4.45200332681e-08,5.73337168757e-11,3.28713532228e-28,5.73324846372,3.28701379467e-06,0.211424736032,4.47004190063e-05,4.47004190063e-11,49.5040577096,49.5040577096,49.5040577096,0.991884580703,94.2666358809,2.11617150203e-05,5.73337168757e-11,1.16745012404e-09,2.11424736032e-10,,,,,,,,,,,,,,,,,,,,,,,,,,,,,,,,,,,
E7,OPA810,100,DC,1,0,4kv,25,50ohm,real,e7a_target2ohm_4kv_contact,E7a,contact,0.002,,,,,,,,,,,,,,,,,,,,,,,,,,,,,,,,,,,,,,,,,,,,,,,,,,,,,,,,,,,,,,,,,,,,,,,,,,14.9858678658,3.93935303689e-06,14.985867865763495,0.805105078604813,1.000619980152508e-07,1.3209789753237917,7.926373584232879,4.046079137271234,7.93656834223981,4.051826649784338,2.6666566343047017e-11,3999.9999999999995,3999.9999999999964,0.0,0.0,0.0,,,,,,,,,,,,,,,,,,,
E7,OPA810,100,DC,1,0,8kv,25,50ohm,real,e7a_target2ohm_8kv_air,E7a,air,0.002,,,,,,,,,,,,,,,,,,,,,,,,,,,,,,,,,,,,,,,,,,,,,,,,,,,,,,,,,,,,,,,,,,,,,,,,,,14.8953492394,8.0498595932e-06,14.895349239352548,0.5079992794313816,1.000308598208423e-07,0.9224283578137863,9.910942413475432,7.169563179411343,9.914248955981298,7.171951760566067,2.6666566343047017e-11,7999.999999999999,7999.999999999993,-0.0,-0.0,0.0,,,,,,,,,,,,,,,,,,,
E7,OPA810,100,DC,1,0,8kv,25,50ohm,real,e7a_target2ohm_8kv_contact,E7a,contact,0.002,,,,,,,,,,,,,,,,,,,,,,,,,,,,,,,,,,,,,,,,,,,,,,,,,,,,,,,,,,,,,,,,,,,,,,,,,,29.9717357315,1.57574121476e-05,29.97173573153648,0.8051050786041645,1.0006199801525087e-07,1.3209789753237917,15.852747168465894,8.092158274542543,15.873136684479784,8.103653299568764,2.6666566343047017e-11,7999.999999999999,7999.999999999993,0.0,0.0,0.0,,,,,,,,,,,,,,,,,,,
E7,OPA810,1,DC,1,0,4kv,25,50ohm,real,e7b_opa810_pos1_cpldc_pwr1_bleed0_4kv_t25_50ohm_real_contact,E7b,contact,0.002,,,,,,,,,,,,5.03057818544,4.97566621887,-4.97962874534,-4.97962937021,6.59773967063,0.00298129575722,4.39915966424,-0.000240911999385,0.0056762354642,-0.000116773183493,1.60104187916,-4.97515885262,-4.98261065975,-11.5773684299,14.8598875399,-2.27544933156e-08,0.000256335409592,-0.0882072037982,4.9751588919,-1.64835286517,11.6075676323,4.98261062048,-5.71063035804e-12,-5.7655423246e-12,-5.71459230659e-12,-5.7150326665e-12,0.048667367589,-3.06087636226e-17,0.0407423463434,0.0407410966205,6.44383853705,0.0029512364972,7.27389356736,0.00333271498347,231.815869848,0.00306881423033,231.815869848,0.00306881423033,4.26260775932,6.06332328586e-05,230.889158082,0.0327927592184,6.55855184368e-05,230.889158082,0.0327927592184,6.55855184368e-05,0.838732283237,1.04854307686e-09,6.6275078915,1.0044163132e-06,5.67623810119,2.93526707848e-08,5.87053415696e-11,231.815869848,231.815869848,231.815869848,4.26260775932,461.778316164,1.54321751378e-06,0.838732283237,1.19205523982e-10,3.6022209912e-11,15.0295463234,,15.02954632336896,0.8061360018058918,1.0006215564753181e-07,1.3279999975427412,7.441892896699443,3.417308729530466,7.452976627062527,3.4229520613243274,2.6553523297534462e-11,3999.9999999999995,3999.9999999999964,0.0030284818445193338,0.0030276613275743423,2.6101998854840365e-09,3.41300167039e-06,3.51697234886e-13,6.13762846065e-06,6.13762846065e-06,-5.56420180303,3.4130140520382803e-06,3.4130140520382803,3.6277753597283847e-06,1.5013779971011289e-21,1.2381648280391204e-11,3.526817451992004e-13,3.5268174519920043e-07,0.0027914977925618195,1.3395565618051488e-21,9.84510313200418e-16,,,,
E7,OPA828,1,DC,1,0,4kv,25,50ohm,real,e7b_opa828_pos1_cpldc_pwr1_bleed0_4kv_t25_50ohm_real_contact,E7b,contact,0.002,,,,,,,,,,,,5.03119818231,4.97561278407,-4.97783519484,-4.97783635437,5.59627825556,0.00156375146595,4.0843231772,-4.97769928742e-05,0.0061692084383,-1.58686801807e-07,0.576830057067,-4.97478467635,-4.97940010103,-10.57411352,14.9246943913,-0.000494183596121,0.000256935016278,-0.0884024521253,4.97478474526,-1.65186002359,11.6074981304,4.97940003213,-5.71057692324e-12,-5.76616232148e-12,-5.71279841937e-12,-5.71324341465e-12,0.0487742367644,-3.12293804951e-17,0.0443294330054,0.0443271139443,6.47940317603,0.00149660314587,7.61896436113,0.00186725508497,156.969636334,0.00207896871745,156.969636334,0.00207896871745,2.91015031595,4.12811758257e-05,155.363878788,0.0220611150677,4.41222301354e-05,155.363878788,0.0220611150677,4.41222301354e-05,0.502051919562,4.63974023534e-10,6.62905578508,4.10902183404e-07,6.16920844025,6.50065402349e-07,1.3001308047e-09,156.969636334,156.969636334,156.969636334,2.91015031595,310.727757576,1.54555410692e-06,0.502051919562,1.59708056503e-08,2.93827589962e-09,15.0379241,,15.037924100004142,0.8067629206264375,1.000622013666238e-07,1.3257310125799067,7.616985002963226,3.627289863293688,7.627810637974365,3.633001287265809,2.6553523297534462e-11,3999.9999999999995,3999.9999999999964,0.006737060307206984,0.006735294616715645,5.616950358770407e-09,3.58741742268e-06,3.51835926611e-13,4.15793743489e-06,4.15793743489e-06,-5.89485224714,3.587429859299947e-06,3.587429859299947,3.4667214229588775e-06,1.0400393051986395e-22,1.2436619946597477e-11,3.532475921267301e-13,3.532475921267301e-07,0.003996249506560446,9.653540441361551e-23,1.4116655157301108e-15,,,,
E7,OPA810,100,DC,0,2,4kv,25,50ohm,off_load_only,e7c_opa810_pos100_cpldc_pwr0_bleed2_4kv_t25_50ohm_off_load_only_contact,E7c,contact,0.002,,,,,,,,,,,,0.138884521041,2.43249829224e-14,1.76808290813e-06,-2.8838918409e-07,1.15907328155,3.96031016748e-05,1.15907328155,3.96031016748e-05,1.15916458832e-18,3.9601271826e-23,1.15404174238,3.96031016505e-05,-3.96031016515e-05,-1.15907151346,6.05834082058,-0.184174345839,0.000227868909512,-0.00467489134884,-3.96031020465e-05,-1.15404193764,1.15907170872,3.96031020475e-05,-7.20166826096e-25,-8.70547745761e-13,5.23477024535e-17,-8.53802040189e-18,0.0,0.0,0.0,0.0,-0.00391796212606,-3646.80179511,0.490313440044,-0.0146407272605,1841.60236635,0.241181987018,1841.60236635,0.241181987018,1.70600220252,2.21644186299e-05,18.2020828197,0.000259342693283,5.18685386566e-07,18.2020828197,0.000259342693283,5.18685386566e-07,3647.79728818,0.0519742735236,1.15907328155,2.43763501368e-08,1.33226762955e-15,2.43819094525e-34,4.8763818905e-37,1841.60236635,1841.60236635,1841.60236635,1.70600220252,36.4041656393,3.8373369482e-08,3647.79728818,4.87533601153e-22,6.75365702824e-22,14.0243236727,,14.024323672739536,0.734739885663889,1.0005782986039288e-07,1.1979999956045824,0.31751594257604926,0.037997192286779356,0.3143780331723356,0.0379583480373924,2.6666566343047017e-11,3999.9999999999995,3999.9999999999964,0.04844565527273209,0.048432494307569504,4.1867204029759244e-08,1.03738075201e-07,5.05256480685e-15,0.000482363974036,0.000482363974036,1.15404351046,1.0374150114337247e-07,0.10374150114337247,3.302383650431565e-05,1.669940961792898e-22,3.4259423724710076e-12,5.0568665808525814e-15,5.056866580852581e-09,0.0008506797507512087,1.5392834372012054e-22,4.301774002581791e-18,,,,
E7,OPA810,100,DC,0,2,4kv,25,50ohm,real,e7c_opa810_pos100_cpldc_pwr0_bleed2_4kv_t25_50ohm_real_contact,E7c,contact,0.002,,,,,,,,,,,,-0.054152497724,-0.189980881309,0.190364182517,0.189985689656,0.857482594954,3.95798569936e-05,0.861459312264,0.00373486534253,0.000735580083653,-1.40062104863e-05,1.0175571137,0.190020461166,0.190311645776,-0.667129922524,6.06670946337,-0.184158722429,0.000243179901322,-0.00410532169549,-0.190020463167,-1.15620287501,0.781058027781,-0.190311643775,1.19510590168e-09,5.36746814073e-12,1.21307760618e-09,1.19532969211e-09,0.0,0.0,0.0,0.0,-0.00391796439874,-3646.98479984,0.490366063904,-0.014641058598,1841.69391637,0.241209194995,1841.69391637,0.241209194995,1.51933824813,1.34117450642e-05,18.2021313614,0.000259317406609,5.18634813218e-07,18.2021313614,0.000259317406609,5.18634813218e-07,3647.79077673,0.0519688184829,0.971343615357,1.47492822974e-08,0.735580083936,5.33252932245e-10,1.06650586449e-12,1841.69391637,1841.69391637,1841.69391637,1.51933824813,36.4042627228,3.99941278983e-08,3647.79077673,2.4328750493e-12,5.45144455648e-12,14.026005639,,14.026005638965442,0.7347017227359183,1.0005783708577527e-07,1.2000000000000108,0.31752341578865384,0.037998123218586546,0.31438504704994763,0.03795927337670868,2.6666566343047017e-11,3999.9999999999995,3999.9999999999964,0.04830494326640659,0.048291820545130947,4.174554390725836e-08,1.04683361148e-07,3.83062052342e-15,0.000482418389991,0.000482418389991,0.51186047125,1.0468658306435378e-07,0.10468658306435377,3.0776783991475755e-05,1.5794680066924544e-22,3.2219163537773e-12,3.8343505471340024e-15,3.834350547134003e-09,0.0009727915244449095,1.723820606007364e-22,3.730023714002659e-18,,,,
E7,OPA828,100,DC,0,2,4kv,25,50ohm,off_load_only,e7c_opa828_pos100_cpldc_pwr0_bleed2_4kv_t25_50ohm_off_load_only_contact,E7c,contact,0.002,,,,,,,,,,,,0.135901696474,2.43249829224e-14,1.66910984167e-06,-2.81447797861e-07,1.08747145771,3.96031016748e-05,1.08747145771,3.96031016748e-05,1.08748442516e-18,3.9601271826e-23,1.08324879712,3.96031016505e-05,-3.96031016515e-05,-1.0874697886,4.85028773001,-0.114417584066,0.000168618366397,-0.00410171037171,-3.96031020465e-05,-1.08324905778,1.08746976864,3.96031020475e-05,-7.2016682608e-25,-8.67158564186e-13,4.94173115183e-17,-8.33251521615e-18,0.0,0.0,0.0,0.0,-0.00391796212606,-3461.44628703,0.689329944047,-0.0160692630611,1748.00000821,0.232834712186,1748.00000821,0.232834712186,1.52356255806,2.26203430903e-05,17.2772876424,0.000250376032057,5.00752064113e-07,17.2772876424,0.000250376032057,5.00752064113e-07,3462.43680531,0.0501769911056,1.08747145771,2.48779226214e-08,1.33226762955e-15,2.49939923689e-34,4.99879847377e-37,1748.00000821,1748.00000821,1748.00000821,1.52356255806,34.5545752848,3.37535256412e-08,3462.43680531,4.9756571907e-22,6.92404126076e-22,14.2211232094,,14.221123209439861,0.7479515854198818,1.0005867484533132e-07,1.2149492896664496,0.03235377091574428,0.002469976278712154,0.038414303531464356,0.0028662954145053376,2.6666566343047017e-11,3999.9999999999995,3999.9999999999964,0.06880779772186599,0.06878975192613955,5.740662157403408e-08,7.85280038677e-08,4.31550185214e-15,0.000465669424371,0.000465669424371,1.08325046617,7.853011282208166e-08,0.07853011282208165,2.685535912102458e-05,2.2278949024820634e-22,2.10895438165158e-12,4.318758117511724e-15,4.318758117511724e-09,0.0007539818816247706,2.0216140195023091e-22,3.256265371723742e-18,,,,
E7,OPA828,100,DC,0,2,4kv,25,50ohm,real,e7c_opa828_pos100_cpldc_pwr0_bleed2_4kv_t25_50ohm_real_contact,E7c,contact,0.002,,,,,,,,,,,,-0.39887386675,-0.509585699467,0.513822190259,0.509377691047,0.148393426267,7.79462149009e-07,0.0872330159311,-0.000116368673579,0.000549761071118,3.19828806026e-09,0.560900810197,0.509378601743,0.509376911585,0.364955478771,4.87254519381,-0.114769350798,0.000209467907263,-0.00277464278203,-0.509381800351,-1.08978017374,0.0756160776645,-0.509373712977,0.000301690259416,4.0608464768e-06,0.000355702822384,0.00029926027109,0.0,0.0,0.0,0.0,-0.00392177316548,-3461.93163375,0.689358027835,-0.0160699771504,1748.24270496,0.232912520223,1748.24270496,0.232912520223,1.02392232708,2.25558517016e-06,17.2773134557,0.000250302990705,5.00605981411e-07,17.2773134557,0.000250302990705,5.00605981411e-07,3462.41401556,0.0501614632295,0.584940510266,2.47893079346e-09,0.54976107334,1.12587735568e-05,2.25175471136e-08,1748.24270496,1748.24270496,1748.24270496,1.02392232708,34.5546269114,1.7588204837e-08,3462.41401556,1.07752797837e-08,1.27569734599e-07,14.2221425952,,14.222142595184877,0.7479801673132349,1.0005867929574725e-07,1.2137271767087967,0.032357564469881125,0.0024700560122908736,0.038419064435846195,0.0028664248301391027,2.6553523297534462e-11,3999.9999999999995,3999.9999999999964,0.06482626407473664,0.0648091333681332,5.4495582587401606e-08,8.02791422098e-08,2.03272132145e-15,0.000465825040447,0.000465825040447,-0.82508249599,8.02809720462105e-08,0.0802809720462105,2.2792903023683944e-05,3.063767656651401e-17,1.8298364104963575e-12,2.0351673462292993e-15,2.0351673462292993e-09,0.0012018789431892764,2.0625901207522626e-17,2.4460247792993947e-18,,,,
E9,OPA810,1,DC,1,0,zero,25,50ohm,real,e9_opa810_pos1_cpldc_pwr1_bleed0_zero_t25_50ohm_real_contact,E9,contact,0.002,,,,,,,,,,,,,,,,,,,,,,,,,,,,,,,,,,,,,,,,,,,,,,,,,,,,,,,,,,,,,,,,,,,,,,,,,,,,,,,,,,,,,,,,,,,,,,,,,,,,,,,,,7.53018408527e-05,2.00074364087e-12,-1.99951111161e-07,7.605335322440994e-05
E9,OPA810,1,DC,1,0,zero,25,air,real,e9_opa810_pos1_cpldc_pwr1_bleed0_zero_t25_air_real_contact,E9,contact,0.002,,,,,,,,,,,,,,,,,,,,,,,,,,,,,,,,,,,,,,,,,,,,,,,,,,,,,,,,,,,,,,,,,,,,,,,,,,,,,,,,,,,,,,,,,,,,,,,,,,,,,,,,,7.33404840952e-05,2.00074167651e-12,-2.16131779221e-06,7.40724221264701e-05
E9,OPA828,1,DC,1,0,zero,25,50ohm,real,e9_opa828_pos1_cpldc_pwr1_bleed0_zero_t25_50ohm_real_contact,E9,contact,0.002,,,,,,,,,,,,,,,,,,,,,,,,,,,,,,,,,,,,,,,,,,,,,,,,,,,,,,,,,,,,,,,,,,,,,,,,,,,,,,,,,,,,,,,,,,,,,,,,,,,,,,,,,2.06896463283e-05,1.00371728903e-12,-1.00384985202e-07,2.0896128998656434e-05
E9,OPA828,1,DC,1,0,zero,25,air,real,e9_opa828_pos1_cpldc_pwr1_bleed0_zero_t25_air_real_contact,E9,contact,0.002,,,,,,,,,,,,,,,,,,,,,,,,,,,,,,,,,,,,,,,,,,,,,,,,,,,,,,,,,,,,,,,,,,,,,,,,,,,,,,,,,,,,,,,,,,,,,,,,,,,,,,,,,1.97049419568e-05,1.00371235863e-12,-1.08508770835e-06,1.9901597277528866e-05
