test,scale_V_div,ix,POS,tap,CPL,corner,polarity,mux_model,id,gdc,s3dc,g2m,s32m,source_gain_2m,source_gain_dc,bnc_gain_dc,bnc_loss_2m_db,bnc_peak_db,bnc_peak_Hz,bnc_minus3_Hz,s3_gain_dc,s3_loss_2m_db,s3_peak_db,s3_peak_Hz,s3_minus3_Hz,ideal_gain,gain_error_pct
E11,0.005,0,1,0,AC,nomi,zero,SWI1,e11_s00_pos1_tap0_cplac_ronnomi_zero,49.4737880893917,50.06142666693901,49.34601569080116,49.952730994546535,49.335639837424765,49.471312844319286,49.47378808962299,0.022458649084740157,0.0001270560000660198,741.3102413009458,,50.06142666722691,0.01887704323227005,4.108181584320392e-09,263.02679918954664,28458709.69532071,50.043955782668625,-1.1393337799309178
E11,0.005,0,1,0,DC,nomi,zero,SWI1,e11_s00_pos1_tap0_cpldc_ronnomi_zero,49.566632701462574,50.061323840397684,49.427993539561236,49.952730992246124,49.41759089040239,49.564152689515204,49.56663270154675,0.02432590685313691,1.7283477666134454e-05,11.091748152624165,25732520.371830072,50.06132384022391,0.018859201699349043,1.784629657970336e-05,266.0725059798895,28458815.28427667,50.043955782668625,-0.9538076550039243
E11,0.005,0,1,0,DC,slow,zero,SWI1,e11_s00_pos1_tap0_cpldc_ronslow_zero,49.56653237265415,50.06122251027508,49.42740175799318,49.952132936833166,49.41699955368572,49.56405236590777,49.56653237291948,0.024412264411413413,1.7283477635276034e-05,11.091748152624165,25666500.384890843,50.06122251028427,0.018945557846514933,1.784629502713933e-05,266.0725059798895,28364617.172868967,50.043955782668625,-0.9540081360124741
E11,0.01,1,1,1,DC,nomi,zero,SWI1,e11_s01_pos1_tap1_cpldc_ronnomi_zero,24.77524613668379,25.022511162786557,24.696917291807186,24.959104567967163,24.691721943670352,24.77400653447866,24.77524613671014,0.027501051661825652,1.7282293709657224e-05,11.091748152624165,23557671.90570627,25.022511162683827,0.02203439221292677,1.7845039772369733e-05,254.09727055493863,25486271.982827574,25.014453993000743,-0.956278543427469
E11,0.02,2,1,2,DC,nomi,zero,SWI1,e11_s02_pos1_tap2_cpldc_ronnomi_zero,12.405088133538639,12.528894953485066,12.367556798909979,12.498853172305985,12.364954799086727,12.404467458553032,12.405088133514127,0.026315443924608935,1.728199830395485e-05,11.091748152624165,24247886.018929157,12.528894953539792,0.020848794489462794,1.7844759118937775e-05,260.01595631653555,26389468.25994323,12.524782759278697,-0.9556622902373024
E11,0.05,3,1,3,DC,nomi,zero,SWI1,e11_s03_pos1_tap3_cpldc_ronnomi_zero,4.953141141353057,5.002575103254001,4.938907552749238,4.991339948261741,4.937868273581627,4.952893316385494,4.953141141362804,0.024993061672956222,1.7281915254310017e-05,11.091748152624165,25147440.23599162,5.002575103237987,0.019526415125925827,1.78446971860978e-05,263.02679918954664,27610960.259628065,5.000884425711197,-0.9546968152859048
E11,0.1,4,1,4,DC,nomi,zero,SWI1,e11_s04_pos1_tap4_cpldc_ronnomi_zero,2.4740970449426256,2.4987893392862257,2.467092120864985,2.4932832467043773,2.4665729388932616,2.4739732562137573,2.474097044942268,0.024624348129856033,1.7281903439393404e-05,11.091748152624165,25427483.255723137,2.498789339287333,0.019157702010004708,1.784469154286506e-05,263.02679918954664,28002245.731491238,2.4979342467444097,-0.9542765920763863
E11,0.2,5,1,5,DC,nomi,zero,SWI1,e11_s05_pos1_tap5_cpldc_ronnomi_zero,1.2370513724364125,1.2493975480517927,1.2335698706461447,1.2466656863238736,1.2333102641314855,1.2369894779293282,1.237051372436179,0.024476774270019652,1.7281900492414528e-05,11.091748152624165,25543241.43085815,1.2493975480522903,0.01901012825859336,1.784469110120399e-05,263.02679918954664,28167098.11673764,1.2489671233722048,-0.9540484063226162
E11,0.2,5,1,5,DC,slow,zero,SWI1,e11_s05_pos1_tap5_cpldc_ronslow_zero,1.2370488685103342,1.249395019137155,1.2335498274198795,1.2466454303148524,1.2332902335484883,1.236986974129474,1.2370488685110432,0.024600267230458144,1.7281900488557225e-05,11.091748152624165,25446088.87341581,1.2493950191371663,0.019133621218169698,1.784468896425871e-05,263.02679918954664,28028640.433786973,1.2489671233722048,-0.9542488859900833
E11,0.5,6,100,0,AC,nomi,zero,SWI1,e11_s06_pos100_tap0_cplac_ronnomi_zero,0.49516717793954257,50.06142666693901,0.4937431634954464,49.95273104975629,0.4936603994497158,0.495142402610712,0.4951671779397198,0.025012311187144313,0.00018793403592821007,1995.262314968967,,50.06142666722603,0.018877043231876504,4.107921215904546e-09,263.02679918954664,28458709.695319597,0.5007867347672896,-1.1221457034362503
E11,0.5,6,100,0,DC,nomi,zero,SWI1,e11_s06_pos100_tap0_cpldc_ronnomi_zero,0.49601032564849373,50.061323840397684,0.4945632772433153,49.952731048031005,0.49448037577724546,0.49598550814685627,0.49601032564833647,0.025374257125418347,1.7791426829722113e-05,35.48133892335828,25727854.242126018,50.06132384029557,0.018859201705987767,1.784629657777471e-05,266.0725059798895,28458815.28094988,0.5007867347672896,-0.9537810783212364
E11,1.0,7,100,1,DC,nomi,zero,SWI1,e11_s07_pos100_tap1_cpldc_ronnomi_zero,0.24792440467604737,25.022511162786557,0.24711074596169938,24.959104600437964,0.24706934759198074,0.24791199996490482,0.2479244046749721,0.028549402657079483,1.7790224493270254e-05,35.48133892335828,23553438.61935895,25.022511162692545,0.02203439221631465,1.7845039776227037e-05,254.09727055493863,25486271.980929382,0.2503180762037158,-0.9562519675149983
E11,2.0,8,100,2,DC,nomi,zero,SWI1,e11_s08_pos100_tap2_cpldc_ronnomi_zero,0.12413697419830037,12.528894953485066,0.12374646397952944,12.49885318784701,0.12372572969732405,0.12413076309916948,0.12413697419878099,0.027363795100944516,1.7789925066347856e-05,35.48133892335828,24243485.58667137,12.528894953540831,0.020848794490544015,1.7844759118937775e-05,260.01595631653555,26389468.259211756,0.12533471752169212,-0.9556357141857652
E11,5.0,9,100,3,DC,nomi,zero,SWI1,e11_s09_pos100_tap3_cpldc_ronnomi_zero,0.04956578683301688,5.002575103254001,0.04941738740130094,4.991339954180628,0.04940910542828824,0.049563306846175555,0.04956578683283005,0.026041412899893947,1.7789841164244143e-05,35.48133892335828,25142924.25128441,5.002575103238042,0.019526415126136384,1.78446971860978e-05,263.02679918954664,27610960.259449042,0.05004353759276212,-0.9546702389824135
E11,10.0,10,100,4,DC,nomi,zero,SWI1,e11_s10_pos100_tap4_cpldc_ronnomi_zero,0.0247581409924487,2.4987893392862257,0.024685063606652322,2.493283249566264,0.024680926187514957,0.024756902237586913,0.024758140992445346,0.02567269936394344,1.7789829279896785e-05,35.48133892335828,25422909.930024743,2.498789339287337,0.01915770201006736,1.784469154479371e-05,263.02679918954664,28002245.73142896,0.02499667173640475,-0.95425001566114
E11,20.0,11,100,5,DC,nomi,zero,SWI1,e11_s11_pos100_tap5_cpldc_ronnomi_zero,0.012379099015625956,1.2493975480517927,0.012342770041654313,1.2466656877347508,0.012340701187197507,0.012378479636796056,0.01237909901565222,0.025525125505889912,1.7789826334846735e-05,35.48133892335828,25538610.51456396,1.2493975480522903,0.019010128258616924,1.7844691099275335e-05,263.02679918954664,28167098.116713926,0.012498335868202376,-0.9540218298462633
