scale_V_div,POS,tap,gain_dc,ideal,error_pct,minus3_s3_Hz,minus3_bnc_Hz,loss_s3_2m_db,loss_bnc_2m_db,peak_s3_db,peak_bnc_db,noise_uV,noise_pct_div,noise_10m_uV,recovery_positive_us,recovery_negative_us
0.005,1,0,49.56663270154675,50.043955782668625,-0.9538076550039243,28458815.28427667,25732520.371830072,0.018859201699349043,0.02432590685313691,1.784629657970336e-05,1.7283477666134454e-05,32.216909315093915,0.6443381863018783,57.47297053689171,0.03425000000002089,0.034750000000021986
0.01,1,1,24.77524613671014,25.014453993000743,-0.956278543427469,25486271.982827574,23557671.90570627,0.02203439221292677,0.027501051661825652,1.7845039772369733e-05,1.7282293709657224e-05,60.99625880490123,0.6099625880490124,109.22032154090671,0.036750000000021286,0.037000000000021835
0.02,1,2,12.405088133514127,12.524782759278697,-0.9556622902373024,26389468.25994323,24247886.018929157,0.020848794489462794,0.026315443924608935,1.7844759118937775e-05,1.728199830395485e-05,119.56528225496973,0.5978264112748486,213.9686327463404,0.03600000000002134,0.03600000000002134
0.05,1,3,4.953141141362804,5.000884425711197,-0.9546968152859048,27610960.259628065,25147440.23599162,0.019526415125925827,0.024993061672956222,1.78446971860978e-05,1.7281915254310017e-05,297.08882914248863,0.5941776582849773,531.1128630493644,0.03500000000002084,0.03500000000002084
0.1,1,4,2.474097044942268,2.4979342467444097,-0.9542765920763863,28002245.731491238,25427483.255723137,0.019157702010004708,0.024624348129856033,1.784469154286506e-05,1.7281903439393404e-05,593.5676161808965,0.5935676161808965,1060.810274021354,0.03775000000002179,0.03775000000002179
0.2,1,5,1.237051372436179,1.2489671233722048,-0.9540484063226162,28167098.11673764,25543241.43085815,0.01901012825859336,0.024476774270019652,1.784469110120399e-05,1.7281900492414528e-05,1186.0729070626091,0.5930364535313045,2119.4551905245867,551.2167499999999,551.2167499999999
0.5,100,0,0.49601032564833647,0.5007867347672896,-0.9537810783212364,28458815.28094988,25727854.242126018,0.018859201705987767,0.025374257125418347,1.784629657777471e-05,1.7791426829722113e-05,3216.024547987918,0.6432049095975836,5734.95966173841,0.034750000000021986,0.034750000000021986
1.0,100,1,0.2479244046749721,0.2503180762037158,-0.9562519675149983,25486271.980929382,23553438.61935895,0.02203439221631465,0.028549402657079483,1.7845039776227037e-05,1.7790224493270254e-05,6093.944229277408,0.6093944229277408,10908.18468425825,0.03725000000002238,0.03725000000002238
2.0,100,2,0.12413697419878099,0.12533471752169212,-0.9556357141857652,26389468.259211756,24243485.58667137,0.020848794490544015,0.027363795100944516,1.7844759118937775e-05,1.7789925066347856e-05,11948.22087319177,0.5974110436595885,21375.07828226415,0.033750000000021485,0.033750000000021485
5.0,100,3,0.04956578683283005,0.05004353759276212,-0.9546702389824135,27610960.259449042,25142924.25128441,0.019526415126136384,0.026041412899893947,1.78446971860978e-05,1.7789841164244143e-05,29690.314135992805,0.5938062827198561,53061.15359957935,0.027750000000021886,0.027750000000021886
10.0,100,4,0.024758140992445346,0.02499667173640475,-0.95425001566114,28002245.73142896,25422909.930024743,0.01915770201006736,0.02567269936394344,1.784469154479371e-05,1.7789829279896785e-05,59320.26209015846,0.5932026209015846,105982.04891358547,0.024000000000022132,0.024000000000022132
20.0,100,5,0.01237909901565222,0.012498335868202376,-0.9540218298462633,28167098.116713926,25538610.51456396,0.019010128258616924,0.025525125505889912,1.7844691099275335e-05,1.7789826334846735e-05,118534.65728754204,0.5926732864377102,211748.34819997114,0.02025000000002238,0.02025000000002238
