variant,criterion,status,value
A,S3b-C1,PASA,A=0.293351027 V; B=3.54773599 V; margen B=0.452264015 V
A,S3b-C2,CONDICIONAL,4051=4.92183205 mA; diodo=4.92154377 mA
A,S3b-C3,PASA,0.414362776 % div; exceso=0 puntos
A,S3b-C4,FALLA,perdida=-0.0564674017 dB; pico=8.36227488 dB
A,S3b-C5,PASA,0.276769778 us; sin recuperar=0
A,S3b-C6,PASA,THD=0.00696880359 %
B,S3b-C1,PASA,A=0.27569716 V; B=3.53114849 V; margen B=0.468851512 V
B,S3b-C2,CONDICIONAL,4051=2.93498421 mA; diodo=2.93473764 mA
B,S3b-C3,PASA,0.437762372 % div; exceso=0 puntos
B,S3b-C4,FALLA,perdida=-0.10888775 dB; pico=8.34901146 dB
B,S3b-C5,PASA,0.359135306 us; sin recuperar=0
B,S3b-C6,PASA,THD=0.0069713798 %
C,S3b-C1,PASA,A=0.843716057 V; B=3.55808053 V; margen B=0.441919466 V
C,S3b-C2,PASA,4051=4.20645493 mA; diodo=4.20620817 mA
C,S3b-C3,PASA,0.40897479 % div; exceso=0 puntos
C,S3b-C4,FALLA,perdida=0.00761783682 dB; pico=2.26364871 dB
C,S3b-C5,FALLA,1.10842296 us; sin recuperar=0
C,S3b-C6,PASA,THD=0.00696660508 %
D,S3b-C1,PASA,A=0.81693407 V; B=3.54581219 V; margen B=0.454187808 V
D,S3b-C2,PASA,4051=2.51729876 mA; diodo=2.51708861 mA
D,S3b-C3,PASA,0.423488991 % div; exceso=0 puntos
D,S3b-C4,FALLA,perdida=0.00187059337 dB; pico=2.23800053 dB
D,S3b-C5,FALLA,1.15502907 us; sin recuperar=0
D,S3b-C6,PASA,THD=0.00696683892 %
