test,scale_V_div,ix,POS,tap,CPL,corner,polarity,mux_model,id,variant,temp_C,noise_model,density_100k,noise_315m_uV,noise_315m_pct_div,noise_10m_uV,noise_10m_pct_div,control
B2,0.005,0,1,0,DC,nomi,zero,SWI1,b2_a_s00_pos1_tap0_cpldc_nomi_zero_t25,A,25,sheet,1.1553073878e-08,20.718138776684093,0.41436277553368184,40.412987416611045,0.8082597483322209,
B2,0.5,6,100,0,DC,nomi,zero,SWI1,b2_a_s06_pos100_tap0_cpldc_nomi_zero_t25,A,25,sheet,1.16321125836e-06,2064.793524014416,0.4129587048028832,4027.377099122531,0.8054754198245062,
B2,0.005,0,1,0,DC,nomi,zero,SWI1,b2_b_s00_pos1_tap0_cpldc_nomi_zero_t25,B,25,sheet,1.19738075365e-08,21.888118597844485,0.4377623719568897,48.39045721160101,0.9678091442320202,
B2,0.5,6,100,0,DC,nomi,zero,SWI1,b2_b_s06_pos100_tap0_cpldc_nomi_zero_t25,B,25,sheet,1.20496100862e-06,2182.026187898519,0.4364052375797038,4825.708847406498,0.9651417694812996,
B2,0.005,0,1,0,DC,nomi,zero,SWI1,b2_c_s00_pos1_tap0_cpldc_nomi_zero_t25,C,25,sheet,1.1522959171e-08,20.44873951644427,0.40897479032888545,36.549229089029,0.7309845817805799,
B2,0.5,6,100,0,DC,nomi,zero,SWI1,b2_c_s06_pos100_tap0_cpldc_nomi_zero_t25,C,25,sheet,1.16022377969e-06,2037.7951605545984,0.4075590321109197,3640.505593587464,0.7281011187174928,
B2,0.005,0,1,0,DC,nomi,zero,SWI1,b2_d_s00_pos1_tap0_cpldc_nomi_zero_t25,D,25,sheet,1.1920271036e-08,21.17444954268361,0.4234889908536722,38.17596418669092,0.7635192837338183,
B2,0.5,6,100,0,DC,nomi,zero,SWI1,b2_d_s06_pos100_tap0_cpldc_nomi_zero_t25,D,25,sheet,1.19964737676e-06,2110.522036665737,0.4221044073331474,3803.478526262475,0.760695705252495,
B2,0.005,0,1,0,DC,nomi,zero,SWI1,b2_none_s00_pos1_tap0_cpldc_nomi_zero_t25_controloriginal,NONE,25,original,1.81806049651e-08,32.216909315093915,0.6443381863018783,57.47297053689171,1.149459410737834,original
B2,0.005,0,1,0,DC,nomi,zero,SWI1,b2_none_s00_pos1_tap0_cpldc_nomi_zero_t25_controlsheet,NONE,25,sheet,1.11667063799e-08,19.80647642774755,0.39612952855495104,35.244409411348016,0.7048881882269603,sheet
