test,scale_V_div,ix,POS,tap,CPL,corner,polarity,amplitude_V,mux_model,id,variant,temp_C,noise_model,out_peak,recovery_s,initial_offset_V,terminal_error_V,pulse_end_s,observation_after_end_s,BNC_peak_V,BNC_plateau_V,max_step_pulse_and_5us_s
B4,0.005,0,1,0,DC,nomi,negative,0.2,SWI1,b4_a_s00_pos1_tap0_cpldc_nomi_negative_t25_amplitude_v0p2,A,25,original,3.83929958812,2.0977822827949662e-07,0.003769570318748274,-0.00017064272575992518,1.1020000000000001e-05,1.8979999999999998e-05,0.2,-0.2,5.000000000010964e-10
B4,0.005,0,1,0,DC,nomi,negative,2.0,SWI1,b4_a_s00_pos1_tap0_cpldc_nomi_negative_t25_amplitude_v2p0,A,25,original,3.83955021618,2.676342851514431e-07,0.003769570318748274,-0.001809856451053117,1.1020000000000001e-05,1.8979999999999998e-05,2.0,-2.0,5.000000000010964e-10
B4,0.005,0,1,0,DC,nomi,negative,4.5,SWI1,b4_a_s00_pos1_tap0_cpldc_nomi_negative_t25_amplitude_v4p5,A,25,original,3.8393683711,2.7676977806539084e-07,0.003769570318748274,-0.005302495609812081,1.1020000000000001e-05,1.8979999999999998e-05,4.5,-4.5,5.000000000010964e-10
B4,0.005,0,1,0,DC,nomi,positive,0.2,SWI1,b4_a_s00_pos1_tap0_cpldc_nomi_positive_t25_amplitude_v0p2,A,25,original,3.83929986036,2.0967913720822092e-07,0.003769570318748274,0.0001706427223430963,1.1020000000000001e-05,1.8979999999999998e-05,0.2,0.2,5.000000000010964e-10
B4,0.005,0,1,0,DC,nomi,positive,2.0,SWI1,b4_a_s00_pos1_tap0_cpldc_nomi_positive_t25_amplitude_v2p0,A,25,original,3.83954600373,2.677607430417907e-07,0.003769570318748274,0.0018098564457618635,1.1020000000000001e-05,1.8979999999999998e-05,2.0,2.0,5.000000000010964e-10
B4,0.005,0,1,0,DC,nomi,positive,4.5,SWI1,b4_a_s00_pos1_tap0_cpldc_nomi_positive_t25_amplitude_v4p5,A,25,original,3.83982591249,2.7656575067832906e-07,0.003769570318748274,0.005302042674846463,1.1020000000000001e-05,1.8979999999999998e-05,4.5,4.5,5.000000000010964e-10
B4,0.005,0,1,0,DC,nomi,negative,0.2,SWI1,b4_b_s00_pos1_tap0_cpldc_nomi_negative_t25_amplitude_v0p2,B,25,original,3.83930762762,2.7359194557321697e-07,0.0037693302487643286,-0.00017063267055700227,1.1020000000000001e-05,1.8979999999999998e-05,0.2,-0.2,5.000000000010964e-10
B4,0.005,0,1,0,DC,nomi,negative,2.0,SWI1,b4_b_s00_pos1_tap0_cpldc_nomi_negative_t25_amplitude_v2p0,B,25,original,3.83995196429,3.505214668092392e-07,0.0037693302487643286,-0.001809756465784689,1.1020000000000001e-05,1.8979999999999998e-05,2.0,-2.0,5.000000000010964e-10
B4,0.005,0,1,0,DC,nomi,negative,4.5,SWI1,b4_b_s00_pos1_tap0_cpldc_nomi_negative_t25_amplitude_v4p5,B,25,original,3.83988901637,3.59059260558645e-07,0.0037693302487643286,-0.0053022152446767,1.1020000000000001e-05,1.8979999999999998e-05,4.5,-4.5,5.000000000010964e-10
B4,0.005,0,1,0,DC,nomi,positive,0.2,SWI1,b4_b_s00_pos1_tap0_cpldc_nomi_positive_t25_amplitude_v0p2,B,25,original,3.83930784771,2.7388919532433645e-07,0.0037693302487643286,0.00017063267488643319,1.1020000000000001e-05,1.8979999999999998e-05,0.2,0.2,5.000000000010964e-10
B4,0.005,0,1,0,DC,nomi,positive,2.0,SWI1,b4_b_s00_pos1_tap0_cpldc_nomi_positive_t25_amplitude_v2p0,B,25,original,3.83974674186,3.507022690948884e-07,0.0037693302487643286,0.0018097564165012758,1.1020000000000001e-05,1.8979999999999998e-05,2.0,2.0,5.000000000010964e-10
B4,0.005,0,1,0,DC,nomi,positive,4.5,SWI1,b4_b_s00_pos1_tap0_cpldc_nomi_positive_t25_amplitude_v4p5,B,25,original,3.83980919399,3.5913530640053186e-07,0.0037693302487643286,0.005301756186132316,1.1020000000000001e-05,1.8979999999999998e-05,4.5,4.5,5.000000000010964e-10
B4,0.005,0,1,0,DC,nomi,negative,0.2,SWI1,b4_c_s00_pos1_tap0_cpldc_nomi_negative_t25_amplitude_v0p2,C,25,original,3.83900996866,3.893079673188313e-08,0.003769626488640904,-0.0001706452214600149,1.1020000000000001e-05,1.8979999999999998e-05,0.2,-0.2,5.000000000010964e-10
B4,0.005,0,1,0,DC,nomi,negative,2.0,SWI1,b4_c_s00_pos1_tap0_cpldc_nomi_negative_t25_amplitude_v2p0,C,25,original,3.83935214653,3.2534931605935397e-07,0.003769626488640904,-0.0018098913467788857,1.1020000000000001e-05,1.8979999999999998e-05,2.0,-2.0,5.000000000010964e-10
B4,0.005,0,1,0,DC,nomi,negative,4.5,SWI1,b4_c_s00_pos1_tap0_cpldc_nomi_negative_t25_amplitude_v4p5,C,25,original,3.839349565,1.1084229593953266e-06,0.003769626488640904,-0.005302578656133981,1.1020000000000001e-05,1.8979999999999998e-05,4.5,-4.5,5.000000000010964e-10
B4,0.005,0,1,0,DC,nomi,positive,0.2,SWI1,b4_c_s00_pos1_tap0_cpldc_nomi_positive_t25_amplitude_v0p2,C,25,original,3.83900536171,3.872400498803046e-08,0.003769626488640904,0.0001706452239309121,1.1020000000000001e-05,1.8979999999999998e-05,0.2,0.2,5.000000000010964e-10
B4,0.005,0,1,0,DC,nomi,positive,2.0,SWI1,b4_c_s00_pos1_tap0_cpldc_nomi_positive_t25_amplitude_v2p0,C,25,original,3.83935356975,3.2465713598401393e-07,0.003769626488640904,0.0018098913052514306,1.1020000000000001e-05,1.8979999999999998e-05,2.0,2.0,5.000000000010964e-10
B4,0.005,0,1,0,DC,nomi,positive,4.5,SWI1,b4_c_s00_pos1_tap0_cpldc_nomi_positive_t25_amplitude_v4p5,C,25,original,3.8394787546,1.0752657132449138e-06,0.003769626488640904,0.005302123002999627,1.1020000000000001e-05,1.8979999999999998e-05,4.5,4.5,5.000000000010964e-10
B4,0.005,0,1,0,DC,nomi,negative,0.2,SWI1,b4_d_s00_pos1_tap0_cpldc_nomi_negative_t25_amplitude_v0p2,D,25,original,3.83881848616,5.827369903391809e-08,0.003769426719719557,-0.00017063722042309727,1.1020000000000001e-05,1.8979999999999998e-05,0.2,-0.2,5.000000000010964e-10
B4,0.005,0,1,0,DC,nomi,negative,2.0,SWI1,b4_d_s00_pos1_tap0_cpldc_nomi_negative_t25_amplitude_v2p0,D,25,original,3.83934956696,3.655552997785098e-07,0.003769426719719557,-0.0018098066069493013,1.1020000000000001e-05,1.8979999999999998e-05,2.0,-2.0,5.000000000010964e-10
B4,0.005,0,1,0,DC,nomi,negative,4.5,SWI1,b4_d_s00_pos1_tap0_cpldc_nomi_negative_t25_amplitude_v4p5,D,25,original,3.83936377594,1.1550290664707285e-06,0.003769426719719557,-0.005302353102816317,1.1020000000000001e-05,1.8979999999999998e-05,4.5,-4.5,5.000000000010964e-10
B4,0.005,0,1,0,DC,nomi,positive,0.2,SWI1,b4_d_s00_pos1_tap0_cpldc_nomi_positive_t25_amplitude_v0p2,D,25,original,3.83881380309,5.79577159699325e-08,0.003769426719719557,0.000170636954335827,1.1020000000000001e-05,1.8979999999999998e-05,0.2,0.2,5.000000000010964e-10
B4,0.005,0,1,0,DC,nomi,positive,2.0,SWI1,b4_d_s00_pos1_tap0_cpldc_nomi_positive_t25_amplitude_v2p0,D,25,original,3.83934956695,3.650243472044613e-07,0.003769426719719557,0.001809806587241582,1.1020000000000001e-05,1.8979999999999998e-05,2.0,2.0,5.000000000010964e-10
B4,0.005,0,1,0,DC,nomi,positive,4.5,SWI1,b4_d_s00_pos1_tap0_cpldc_nomi_positive_t25_amplitude_v4p5,D,25,original,3.83939147957,1.1278803697813151e-06,0.003769426719719557,0.0053018919208233425,1.1020000000000001e-05,1.8979999999999998e-05,4.5,4.5,5.000000000010964e-10
