candidate,criterion,status,value
BE,S5-C1,PASA,1.82085..1.82221 MHz; 12/12
BE,S5-C2,FALLA,135/200 = 67.5%
BE,S5-C3,PASA,0 dB
BE,S5-C4,PASA,exceso 0 dB; max alta -17.4918498 dB
BE,S5-C5,PASA,188.125..188.184 ns
BE,S5-C6,PASA,0.00272536968%
BE,S5-C7,PASA,0.313453514% div; 12/12
BE,S5-C8,PASA,rec 0.462649678 us; censurados 0; diferencial 0.0348504109 V
BU,S5-C1,PASA,1.91624..1.91685 MHz; 12/12
BU,S5-C2,PASA,200/200 = 100%
BU,S5-C3,PASA,0 dB
BU,S5-C4,PASA,exceso 0 dB; max alta -30.9123474 dB
BU,S5-C5,PASA,204.903..204.926 ns
BU,S5-C6,PASA,0.00232576674%
BU,S5-C7,PASA,0.316497733% div; 12/12
BU,S5-C8,FALLA,rec 1.08147861 us; censurados 0; diferencial 0.123698631 V
TR,S5-C1,PASA,1.95003..1.95119 MHz; 12/12
TR,S5-C2,PASA,199/200 = 99.5%
TR,S5-C3,PASA,0 dB
TR,S5-C4,PASA,exceso 0 dB; max alta -22.603662 dB
TR,S5-C5,PASA,187.106..187.138 ns
TR,S5-C6,PASA,0.0017235583%
TR,S5-C7,PASA,0.318812074% div; 12/12
TR,S5-C8,PASA,rec 0.706623228 us; censurados 0; diferencial 0.0437420747 V
