POS,ac_last_Hz,ac_points,amplitude_V,atten_1m_db,atten_2m_db,atten_3p25m_db,atten_4p5m_db,atten_6p5m_db,candidate,freq_Hz,gain_1m,gain_2m,gain_3p25m,gain_4p5m,gain_6p5m,gain_ref,gain_source_1m,gain_source_2m,gain_source_3p25m,gain_source_4p5m,gain_source_6p5m,gd_max_ns,gd_min_ns,gd_variation_ns,high_max_Hz,high_max_db,id,ix,kind,mc,minus3_Hz,peak_Hz,peak_db,polarity,rebound_excess_db,scale_V_div,section,tap,test
1,200000000.0,1592,0.0,0.9296279807758391,3.6018648635547064,9.503092100182585,17.48355142506528,30.256807202073965,BE,0.0,44.45994105493546,32.68444609927215,16.568060038970067,6.611078487322656,1.5192296763483477,49.4823459884874,44.45592704181033,32.678889982129434,,,,230.21892828677838,214.15918269463705,16.059745592141326,4501252.062061655,-17.49184983177688,g1_be_s00_pos1_tap0_dc_mcnom_ac_bipolar_a0_f0_sec0,0,ac,-1,1822209.0101366471,1000.0,0.0,bipolar,0.0,0.005,0,0,G1
1,200000000.0,1592,0.0,0.9302420844932683,3.604323839675724,9.509599751754745,17.496067913298695,30.283113291389157,BE,0.0,22.22115499865339,16.332260704954113,8.275111887823185,3.299702341680682,0.7570696748896603,24.733110223085912,22.219148788480695,16.329496778844774,,,,232.00122188376432,215.94248211713202,16.0587397666323,4501252.062061655,-17.504373280888146,g1_be_s01_pos1_tap1_dc_mcnom_ac_bipolar_a0_f0_sec0,1,ac,-1,1821579.8806462218,1000.0,0.0,bipolar,0.0,0.01,0,1,G1
1,200000000.0,1592,0.0,0.9299902204731217,3.6033159023424446,9.506935535712186,17.490952957874324,30.27240706560365,BE,0.0,11.12656541871923,8.17859468222498,4.1446627539745,1.653150750458868,0.3795362252652888,12.383991257109024,11.12556087018476,8.177209058693709,,,,231.5566385967967,215.49811512557363,16.058523471223054,4501252.062061655,-17.49925549137531,g1_be_s02_pos1_tap2_dc_mcnom_ac_bipolar_a0_f0_sec0,2,ac,-1,1821837.6625625326,1000.0,0.0,bipolar,0.0,0.02,0,2,G1
1,200000000.0,1592,0.0,0.9297297851842863,3.602273178739831,9.50417657057299,17.48564816409986,30.261265786982694,BE,0.0,4.442782371311093,3.265967378697915,1.6554206634185664,0.6604784602721379,0.15173699294954512,4.944718007039783,4.442381260055738,3.2654130846509686,,,,230.8601634752864,214.80137990396761,16.0587835713188,4501252.062061655,-17.493947749297206,g1_be_s03_pos1_tap3_dc_mcnom_ac_bipolar_a0_f0_sec0,3,ac,-1,1822104.5059680853,1000.0,0.0,bipolar,0.0,0.05,0,3,G1
1,200000000.0,1592,0.0,0.9296682529501695,3.6020266616559065,9.503523403846453,17.484389738633077,30.258610724608953,BE,0.0,2.21918834237222,1.6313992947660698,0.8269461369667881,0.3299572355435123,0.07581591874745001,2.469889790767714,2.2189879856308665,1.6311222053213688,,,,230.55702347468986,214.49799552787522,16.059027946814638,4501252.062061655,-17.492688621523705,g1_be_s04_pos1_tap4_dc_mcnom_ac_bipolar_a0_f0_sec0,4,ac,-1,1822167.6118163872,1000.0,0.0,bipolar,0.0,0.1,0,4,G1
1,200000000.0,1592,0.0,0.9296480238642044,3.601945556374812,9.503308154839432,17.48397402959805,30.257728939526586,BE,0.0,1.1095993377286237,0.8157092197003619,0.41348435367656516,0.1649869042053416,0.03791190250521979,1.2349477694427902,1.1094991588911003,0.8155706159690572,,,,230.3924164494742,214.3332372087468,16.059179240727417,4501252.062061655,-17.49227267935651,g1_be_s05_pos1_tap5_dc_mcnom_ac_bipolar_a0_f0_sec0,5,ac,-1,1822188.372785008,1000.0,0.0,bipolar,0.0,0.2,0,5,G1
100,200000000.0,1592,0.0,0.9320007759515793,3.6042376712432245,9.5054639336011,17.485921694300806,30.259173858227676,BE,0.0,0.4448542734636273,0.32703182519366025,0.16577559794988392,0.06614870180233873,0.015201016379519029,0.4952423842333471,0.44481889468545555,0.32699023759366297,,,,233.16053058049891,214.1487682797556,19.011762300743328,4501252.062061655,-17.494220099188084,g1_be_s06_pos100_tap0_dc_mcnom_ac_bipolar_a0_f0_sec0,6,ac,-1,1821476.9968811315,1000.0,0.0,bipolar,0.0,0.5,0,0,G1
100,200000000.0,1592,0.0,0.932614879823951,3.6066966480299465,9.51197158712586,17.49843818672537,30.285479958217397,BE,0.0,0.22233893090631274,0.16341623204595046,0.08279856652946553,0.03301594839131255,0.007575041943451206,0.2475404961442995,0.22232124853205948,0.16339557532396942,,,,234.9428241774848,215.93206771073548,19.010756466749314,4501252.062061655,-17.5067435524933,g1_be_s07_pos100_tap1_dc_mcnom_ac_bipolar_a0_f0_sec0,7,ac,-1,1820848.6282226404,1000.0,0.0,bipolar,0.0,1.0,0,1,G1
100,200000000.0,1592,0.0,0.9323630158424353,3.6056887108642144,9.5093073715801,17.493323232377634,30.27477373522384,BE,0.0,0.11132943629521592,0.08183283076869424,0.041470392108978335,0.0165409889137508,0.003797540595729512,0.12394475714458475,0.11132058238612835,0.08182247111934454,,,,234.4982408905172,215.48770072078008,19.010540169737112,4501252.062061655,-17.501625764057827,g1_be_s08_pos100_tap2_dc_mcnom_ac_bipolar_a0_f0_sec0,8,ac,-1,1821106.0984343009,1000.0,0.0,bipolar,0.0,2.0,0,2,G1
100,200000000.0,1592,0.0,0.9321025805644529,3.6046459873088557,9.50654840657996,17.488018438900195,30.2636324573664,BE,0.0,0.04445329159241318,0.03267839600434211,0.016563698443900522,0.0066085726818218,0.0015182408215092089,0.04948904273322538,0.0444497562702395,0.032674249354224694,,,,233.80176575983356,214.7909654994936,19.01080026033995,4501252.062061655,-17.496318022276952,g1_be_s09_pos100_tap3_dc_mcnom_ac_bipolar_a0_f0_sec0,9,ac,-1,1821372.6190669748,1000.0,0.0,bipolar,0.0,5.0,0,3,G1
100,200000000.0,1592,0.0,0.9320410483321999,3.6043994702320834,9.505895239873519,17.486760013474473,30.260977395095257,BE,0.0,0.022204604735706842,0.016323344973357988,0.008274202892299671,0.003301464777577538,0.0007585943316337617,0.02471980833439676,0.022202838827617772,0.016321271545771277,,,,233.49862570419685,214.48758112340377,19.011044580793083,4501252.062061655,-17.495058894544538,g1_be_s10_pos100_tap4_dc_mcnom_ac_bipolar_a0_f0_sec0,10,ac,-1,1821435.6485429958,1000.0,0.0,bipolar,0.0,10.0,0,4,G1
100,200000000.0,1592,0.0,0.9320208192466323,3.6043183649527615,9.505679990871439,17.486344304449087,30.260095610036142,BE,0.0,0.011102354062949021,0.008161768264716353,0.004137214362693038,0.0016508153006293638,0.00037933661974589466,0.012359932932119868,0.011101471104734643,0.008160730964574743,,,,233.33401868815457,214.32282280425545,19.01119588389912,4501252.062061655,-17.494642952386993,g1_be_s11_pos100_tap5_dc_mcnom_ac_bipolar_a0_f0_sec0,11,ac,-1,1821456.3843717845,1000.0,0.0,bipolar,0.0,20.0,0,5,G1
1,200000000.0,1592,0.0,0.3120930330232519,3.688196494716689,18.379306704577665,30.90129199958564,46.08805598008768,BU,0.0,47.728181308826166,32.35427859723735,5.962796780718556,1.4103355406804756,0.24547399411281956,49.474286246586395,47.723872226736425,32.35113940677014,,,,370.2064021789249,269.695397712294,100.51100446663094,4501252.062061655,-30.912347402651086,g1_bu_s00_pos1_tap0_dc_mcnom_ac_bipolar_a0_f0_sec0,0,ac,-1,1916852.512439587,1000.0,0.0,bipolar,0.0,0.005,0,0,G1
1,200000000.0,1592,0.0,0.3127071393719614,3.6906554747954163,18.385814315810173,30.91380837558529,46.114361704828575,BU,0.0,23.854627091195077,16.16726963979064,2.978189689379524,0.7039226785938635,0.12232581087536899,24.72908166540891,23.852473404722563,16.16572140022677,,,,371.9895071812775,271.47769133054055,100.51181585073692,4501252.062061655,-30.92487073942975,g1_bu_s01_pos1_tap1_dc_mcnom_ac_bipolar_a0_f0_sec0,1,ac,-1,1916556.1422104987,1000.0,0.0,bipolar,0.0,0.01,0,1,G1
1,200000000.0,1592,0.0,0.3124552762258958,3.6896475384819745,18.383150085612012,30.908693403919727,46.103655484564946,BU,0.0,11.944476732101311,8.095974211619053,1.4916524458724982,0.35266522607374295,0.06132470115886139,12.381974138253323,11.94339833934729,8.095196366118495,,,,371.5450977839982,271.0331070410188,100.51199074297938,4501252.062061655,-30.919752933679753,g1_bu_s02_pos1_tap2_dc_mcnom_ac_bipolar_a0_f0_sec0,2,ac,-1,1916677.6039904281,1000.0,0.0,bipolar,0.0,0.02,0,2,G1
1,200000000.0,1592,0.0,0.3121948413192608,3.6886048151812054,18.38039111384321,30.903388613161756,46.092514271007744,BU,0.0,4.769370300702277,3.2329750731368043,0.5957811615682594,0.14089929483604274,0.02451735444902592,4.943912605636231,4.7689397038794965,3.2326628618568156,,,,370.8484123546912,270.33663292652665,100.51177942816457,4501252.062061655,-30.914445194637885,g1_bu_s03_pos1_tap3_dc_mcnom_ac_bipolar_a0_f0_sec0,3,ac,-1,1916803.2918982513,1000.0,0.0,bipolar,0.0,0.05,0,3,G1
1,200000000.0,1592,0.0,0.31213330918921267,3.6883582981451473,18.379737945215535,30.902130190833667,46.08985924136041,BU,0.0,2.382320376544259,1.6149192832669401,0.2976155350700947,0.07038948839908069,0.012250180923821304,2.4694874922541734,2.3821052916216967,1.6147629824894996,,,,370.5450750890126,270.03349292037404,100.51158216863854,4501252.062061655,-30.913186070012607,g1_bu_s04_pos1_tap4_dc_mcnom_ac_bipolar_a0_f0_sec0,4,ac,-1,1916833.0105597388,1000.0,0.0,bipolar,0.0,0.1,0,4,G1
1,200000000.0,1592,0.0,0.3121130801507594,3.6882771928778357,18.379522695314733,30.901714483761655,46.08897747476474,BU,0.0,1.1911657345980635,0.8074691543319217,0.1488118253275355,0.03519651157202875,0.006125727342911834,1.23474661971789,1.1910581916370566,0.8073909089052079,,,,370.38034596403304,269.8688859013865,100.51146006264656,4501252.062061655,-30.912770129813744,g1_bu_s05_pos1_tap5_dc_mcnom_ac_bipolar_a0_f0_sec0,5,ac,-1,1916842.7878366068,1000.0,0.0,bipolar,0.0,0.2,0,5,G1
100,200000000.0,1592,0.0,0.3144658281836745,3.6905693023715282,18.381678538104406,30.903662269041504,46.09042263670788,BU,0.0,0.4775554109212624,0.3237282597218702,0.059662156499115306,0.014111444152976382,0.0024561488172424933,0.49516171857945335,0.4775174314569818,0.3237107121105006,,,,370.1959341104772,276.6600418352156,93.53589227526157,4501252.062061655,-30.914717670282744,g1_bu_s06_pos100_tap0_dc_mcnom_ac_bipolar_a0_f0_sec0,6,ac,-1,1916541.044343259,1000.0,0.0,bipolar,0.0,0.5,0,0,G1
100,200000000.0,1592,0.0,0.3150799346978684,3.693028283143383,18.38818615125692,30.91617864914989,46.116728371916906,BU,0.0,0.23868301557166718,0.16176537669731922,0.02979897284494997,0.007043264015274035,0.0012239601859848211,0.24750017646120595,0.2386640333705232,0.16175681228876626,,,,371.97903911832634,278.4423355993958,93.53670351893055,4501252.062061655,-30.927241011172896,g1_bu_s07_pos100_tap1_dc_mcnom_ac_bipolar_a0_f0_sec0,7,ac,-1,1916244.818177712,1000.0,0.0,bipolar,0.0,1.0,0,1,G1
100,200000000.0,1592,0.0,0.3148280715918467,3.692020347001552,18.385521921521466,30.911063678497342,46.10602215432047,BU,0.0,0.11951323803740604,0.08100615299881804,0.014925077096848463,0.0035286749119369937,0.0006135989785537865,0.12392456887879787,0.11950373327864723,0.08100183879877465,,,,371.5346297215921,277.99775235374386,93.53687736784826,4501252.062061655,-30.922123206436613,g1_bu_s08_pos100_tap2_dc_mcnom_ac_bipolar_a0_f0_sec0,8,ac,-1,1916366.220888754,1000.0,0.0,bipolar,0.0,2.0,0,2,G1
100,200000000.0,1592,0.0,0.3145676366989392,3.690977623750668,18.382762949868706,30.90575888799411,46.094880941447705,BU,0.0,0.047721043024384485,0.03234828404319371,0.005961227625552729,0.0014098010521314455,0.00024531425931956675,0.04948098190055079,0.04771724782178288,0.032346545306393824,,,,370.8379442920914,277.3012771932135,93.5366670988779,4501252.062061655,-30.916815467649663,g1_bu_s09_pos100_tap3_dc_mcnom_ac_bipolar_a0_f0_sec0,9,ac,-1,1916491.8476624247,1000.0,0.0,bipolar,0.0,5.0,0,3,G1
100,200000000.0,1592,0.0,0.3145061045707243,3.6907311067213433,18.382109781251764,30.90450046569101,46.09222591187478,BU,0.0,0.023836860218309774,0.016158450498191455,0.002977861778461623,0.0007042985908283503,0.00012257211787793524,0.02471578194334593,0.02383496449858271,0.016157578505420336,,,,370.534607026262,276.9981371562695,93.53646986999252,4501252.062061655,-30.915556343049392,g1_bu_s10_pos100_tap4_dc_mcnom_ac_bipolar_a0_f0_sec0,10,ac,-1,1916521.5518616536,1000.0,0.0,bipolar,0.0,10.0,0,4,G1
100,200000000.0,1592,0.0,0.3144858755327857,3.690650001455661,18.381894531351247,30.904084758620577,46.09134414528829,BU,0.0,0.011918485604208075,0.008079320430556805,0.0014889714903702877,0.00035216697927552124,6.129243140076352e-05,0.012357919731909191,0.011917537739940053,0.008078883487330905,,,,370.36987790119093,276.83353011711574,93.53634778407519,4501252.062061655,-30.91514040285211,g1_bu_s11_pos100_tap5_dc_mcnom_ac_bipolar_a0_f0_sec0,11,ac,-1,1916531.3243776306,1000.0,0.0,bipolar,0.0,20.0,0,5,G1
1,200000000.0,1592,0.0,0.6503946115749684,3.201181437061019,11.809201379793267,22.593417325036558,37.14792051264003,TR,0.0,45.90791619561778,34.22335825511622,12.703942886599998,3.670629283337106,0.6871234592727786,49.47745024577437,45.90377145372387,34.21836659608828,,,,266.57521073252957,237.63918806374295,28.93602266878662,4501252.062061655,-22.603662040922092,g1_tr_s00_pos1_tap0_dc_mcnom_ac_bipolar_a0_f0_sec0,0,ac,-1,1951188.7226790162,1000.0,0.0,bipolar,0.0,0.005,0,0,G1
1,200000000.0,1592,0.0,0.6510087171093433,3.2036404188093868,11.815709020912937,22.605933752574117,37.17422636153449,TR,0.0,22.944855459347618,17.10124455534996,6.345132545184416,1.83207394679518,0.3424106805777256,24.73066314945673,22.942783910686238,17.098766441708083,,,,268.35850987013106,239.42148067238045,28.937029197750604,4501252.062061655,-22.616185429268363,g1_tr_s01_pos1_tap1_dc_mcnom_ac_bipolar_a0_f0_sec0,1,ac,-1,1950611.6418000534,1000.0,0.0,bipolar,0.0,0.01,0,1,G1
1,200000000.0,1592,0.0,0.65075685360101,3.2026324836706275,11.813044804855762,22.60081879862637,37.16352016409026,TR,0.0,11.48893634431978,8.563673863878389,3.1780156609330477,0.9178689683521292,0.17165824155114737,12.382765995174802,11.487899079513445,8.562430896253597,,,,267.91414277176386,238.9768984090157,28.937244362748174,4501252.062061655,-22.611067641239547,g1_tr_s02_pos1_tap2_dc_mcnom_ac_bipolar_a0_f0_sec0,2,ac,-1,1950848.0916443258,1000.0,0.0,bipolar,0.0,0.02,0,2,G1
1,200000000.0,1592,0.0,0.6504964184948692,3.2015897611925297,11.810285841369616,22.59551401598424,37.15237895144767,TR,0.0,4.587475284026997,3.4197417253532607,1.269331990288151,0.36671348425720895,0.06862823919656115,4.944228780697185,4.587061109335441,3.419244104843061,,,,267.21740749733635,238.28042327797561,28.93698421936074,4501252.062061655,-22.605759910311846,g1_tr_s03_pos1_tap3_dc_mcnom_ac_bipolar_a0_f0_sec0,3,ac,-1,1951092.846630425,1000.0,0.0,bipolar,0.0,0.05,0,3,G1
1,200000000.0,1592,0.0,0.6504348863004397,3.2013432444486125,11.809632675461856,22.59425559593692,37.149723919832546,TR,0.0,2.291463056327639,1.7082119222821623,0.6340800444495095,0.18320017054873597,0.034290338099998104,2.4696454218982975,2.2912561743508966,1.7079630782970838,,,,266.9140231056789,237.97728327529245,28.936739830386443,4501252.062061655,-22.604500787966156,g1_tr_s04_pos1_tap4_dc_mcnom_ac_bipolar_a0_f0_sec0,4,ac,-1,1951150.730959258,1000.0,0.0,bipolar,0.0,0.1,0,4,G1
1,200000000.0,1592,0.0,0.650414657230346,3.201262139330676,11.809417426912354,22.593839889926258,37.14884215181685,TR,0.0,1.1457368629683533,0.8541159987393192,0.3170486791657578,0.0916046857244172,0.01714695208347539,1.2348255847237248,1.1456334214982122,0.8539915005733445,,,,266.7492647791705,237.81267625283542,28.9365885263351,4501252.062061655,-22.604084848827938,g1_tr_s05_pos1_tap5_dc_mcnom_ac_bipolar_a0_f0_sec0,5,ac,-1,1951169.7761278995,1000.0,0.0,bipolar,0.0,0.2,0,5,G1
100,200000000.0,1592,0.0,0.6527674067394806,3.203554244710759,11.811573213196946,22.59578759431627,37.15028716894062,TR,0.0,0.4593423252675133,0.3424297695824917,0.12711227027508878,0.036727345172038024,0.006875178300059662,0.49519338535818547,0.45930579427039947,0.34239448853916804,,,,266.56479631897145,244.59921341905658,21.965582899914864,4501252.062061655,-22.60603230837754,g1_tr_s06_pos100_tap0_dc_mcnom_ac_bipolar_a0_f0_sec0,6,ac,-1,1950603.2552281262,1000.0,0.0,bipolar,0.0,0.5,0,0,G1
100,200000000.0,1592,0.0,0.6533815124358153,3.206013227151178,11.818080856291049,22.608304026042067,37.17659302845487,TR,0.0,0.2295800840658542,0.17111047925701314,0.063487706948147,0.018331247043257098,0.0034260720505438474,0.24751600469071175,0.22956182580995976,0.1710930114649062,,,,268.34809546428704,246.3815071834536,21.966588280833435,4501252.062061655,-22.61855570091482,g1_tr_s07_pos100_tap1_dc_mcnom_ac_bipolar_a0_f0_sec0,7,ac,-1,1950026.696130419,1000.0,0.0,bipolar,0.0,1.0,0,1,G1
100,200000000.0,1592,0.0,0.6531296489694649,3.205005292188812,11.81541664073169,22.60318907315609,37.165886833762265,TR,0.0,0.11495522281232148,0.0856858303054377,0.03179837859896478,0.009183953976992489,0.0017175676365676303,0.12393249415200645,0.11494608054788288,0.0856770628672815,,,,267.90372836723674,245.93692393801854,21.9668044292182,4501252.062061655,-22.613437913948495,g1_tr_s08_pos100_tap2_dc_mcnom_ac_bipolar_a0_f0_sec0,8,ac,-1,1950262.9321910848,1000.0,0.0,bipolar,0.0,2.0,0,2,G1
100,200000000.0,1592,0.0,0.6528692138748494,3.20396256976061,11.81265767738072,22.59788429079633,37.15474562185323,TR,0.0,0.04590105015962326,0.03421702108361739,0.012700597950395067,0.0036692380699993644,0.0006866762789806818,0.04948414632794188,0.04589739969866993,0.03421350731723988,,,,267.2069930929542,245.24044877748813,21.966544315466052,4501252.062061655,-22.608130183303352,g1_tr_s09_pos100_tap3_dc_mcnom_ac_bipolar_a0_f0_sec0,9,ac,-1,1950507.4658091296,1000.0,0.0,bipolar,0.0,5.0,0,3,G1
100,200000000.0,1592,0.0,0.6528076816821056,3.2037160530240927,11.812004511490821,22.59662587078407,37.15209059032964,TR,0.0,0.022927766184185946,0.017091911627595432,0.00634443610823597,0.0018330524211755952,0.00034310018798760697,0.024717362576841262,0.02292594276369378,0.01709015369622861,,,,266.9036087012498,244.937308740761,21.96629996048881,4501252.062061655,-22.606871060992745,g1_tr_s10_pos100_tap4_dc_mcnom_ac_bipolar_a0_f0_sec0,10,ac,-1,1950565.297754522,1000.0,0.0,bipolar,0.0,10.0,0,4,G1
100,200000000.0,1592,0.0,0.6527874526124486,3.203634947908141,11.81178926294522,22.596210164780068,37.151208822331746,TR,0.0,0.011463936470666838,0.008546056247252225,0.003172304673066241,0.0009165722414628941,0.00017156793455228587,0.012358710050496144,0.011463024756226103,0.008545176523728038,,,,266.73885037469955,244.77270170139045,21.966148673309107,4501252.062061655,-22.606455121861188,g1_tr_s11_pos100_tap5_dc_mcnom_ac_bipolar_a0_f0_sec0,11,ac,-1,1950584.325676619,1000.0,0.0,bipolar,0.0,20.0,0,5,G1
