id,test,RSW_Ohm,state,target_Hz,freq_Hz,M,level_V,source_dc_V,source_amp_V,section,probe,adc,samples,reference_mean_V,error_max_mV,error_rms_mV,error_max_LSB,error_rms_LSB,error_mean_mV,a,b,c_V,residual_rms_mV,residual_max_mV,residual_rms_LSB,residual_max_LSB,gain_delta_db,phase_delta_deg,block_rms_delta_mV
h2_rsw1500_p_f1999511p71875_level1p25_na_na,H2,1500,P,2000000.0,1999511.71875,315,1.25,-0.015289685908014883,1.0893604633724132,NA,NA,1,512,1.250000000332053,93.90451285010704,66.40103872895519,153.85315385361537,108.79146185352018,6.392031043291231e-05,-0.11837501259635462,-0.14034681893978518,0.32340235342583334,0.00023810197608077285,0.001301265219688652,0.0003901062776107382,0.0021319929359378876,-0.07735506408915548,-5.382233543993068,4.213139684350331e-06
h2_rsw1500_p_f1999511p71875_level1p25_na_na,H2,1500,P,2000000.0,1999511.71875,315,1.25,-0.015289685908014883,1.0893604633724132,NA,NA,2,512,1.250000000098195,93.90507937282533,66.40104409863265,153.854082044437,108.79147065119973,4.5176162982805274e-05,-0.11837502110107759,-0.14034683054598812,0.3234023597609546,0.00024587009061054736,0.0013386282684546558,0.0004028335564563208,0.002193208555036108,-0.07735505611242552,-5.382233985441867,1.5248604545714528e-05
h2_rsw1500_p_f501464p84375_level1p25_na_na,H2,1500,P,500000.0,501464.84375,79,1.25,-0.015289685908014883,1.0057353386027301,NA,NA,1,512,1.249999999999867,25.978521804717936,18.36962128246522,42.56321012484987,30.096787509191017,7.014810633949355e-06,-0.01945597523360907,0.031439731508206975,-0.014979688328432253,0.0001029780221271672,0.0004643708667491364,0.00016871919145315073,0.0007608252280817851,-0.011585705063121999,-1.487535136580974,5.32885541248973e-06
h2_rsw1500_p_f501464p84375_level1p25_na_na,H2,1500,P,500000.0,501464.84375,79,1.25,-0.015289685908014883,1.0057353386027301,NA,NA,2,512,1.250000000000604,25.978290501744496,18.369622470023323,42.56283115805818,30.096789454886213,9.127273162094773e-06,-0.019455978676866593,0.03143973336226158,-0.014979684229477451,0.000103298399507615,0.00044058834833965443,0.00016924409775327643,0.0007218599499196898,-0.011585725535823911,-1.4875352278300924,8.647173584813705e-06
h2_rsw1500_p_f996582p03125_level1p25_na_na,H2,1500,P,1000000.0,996582.03125,157,1.25,-0.015289685908014883,1.0225492457426022,NA,NA,1,512,1.2500000000837534,49.97415513455117,35.33765025346911,81.87765577244863,57.897206175283785,4.096713814775825e-05,0.012851094978043869,0.052979084159366224,-0.08228768295991587,0.00020552214342718742,0.0009222213511322908,0.00033672747979110386,0.0015109674616951452,-0.038028303733954216,-2.858942494100731,1.4603197227847087e-05
h2_rsw1500_p_f996582p03125_level1p25_na_na,H2,1500,P,1000000.0,996582.03125,157,1.25,-0.015289685908014883,1.0225492457426022,NA,NA,2,512,1.2500000001456804,49.975145615017254,35.33765147577788,81.87927857564428,57.89720817791448,2.528301433870391e-05,0.01285111876275953,0.052979088689471064,-0.08228773404198245,0.00019142853288115714,0.0008534245759667103,0.00031363650827248785,0.001398250825263858,-0.03802810839925244,-2.85894267441719,2.0258618373125703e-05
h2_rsw1500_r_f1999511p71875_level1p25_na_na,H2,1500,R,2000000.0,1999511.71875,315,1.25,-0.015289685908014883,1.0893604633724132,NA,NA,1,512,1.250000003667664,98.28807176012444,67.49912084308853,161.0351767717879,110.59055958931626,2.919587248930594,-0.11872407142739655,-0.14288739301642467,0.32993391876464845,0.00029832725087818924,0.0013544152864808368,0.0004887793678388252,0.002219074005370203,-0.062414075105209084,-5.470511875524838,0.00985659975616393
h2_rsw1500_r_f1999511p71875_level1p25_na_na,H2,1500,R,2000000.0,1999511.71875,315,1.25,-0.015289685908014883,1.0893604633724132,NA,NA,2,512,1.2500000033537717,98.28751812048009,67.49911943317552,161.03426968859458,110.59055727931477,2.9195847481008457,-0.11872405273716752,-0.14288739374738285,0.3299338937345157,0.0002884488837407751,0.001588025195398135,0.000472594651120886,0.0026018204801403046,-0.06241390716534466,-5.470511797501479,0.03438768060529118
h2_rsw1500_r_f501464p84375_level1p25_na_na,H2,1500,R,500000.0,501464.84375,79,1.25,-0.015289685908014883,1.0057353386027301,NA,NA,1,512,1.2500000000803486,27.06272032653878,17.319983480031414,44.339560983001135,28.37706093368347,2.919555455195846,-0.01937252088696508,0.02906311646194457,-0.009193689014308452,0.00028797071612842416,0.0019283420993644607,0.0004718112213048102,0.0031593956955987324,-0.02298393222334448,-1.3768718102884367,0.05804521696197232
h2_rsw1500_r_f501464p84375_level1p25_na_na,H2,1500,R,500000.0,501464.84375,79,1.25,-0.015289685908014883,1.0057353386027301,NA,NA,2,512,1.2500000000839322,27.06354731900373,17.319981345849772,44.34091592745572,28.377057437040264,2.9195543809524125,-0.01937251379067239,0.02906311387382989,-0.009193695723808886,0.00027545550132338095,0.002059003167916018,0.0004513062933682273,0.003373470790313604,-0.022983883634562684,-1.3768716799486127,0.06805687816103731
h2_rsw1500_r_f996582p03125_level1p25_na_na,H2,1500,R,1000000.0,996582.03125,157,1.25,-0.015289685908014883,1.0225492457426022,NA,NA,1,512,1.2500000004872733,50.68464773468651,33.901256072678315,83.04172684851036,55.54381794947615,2.919551579354602,0.012989906659615037,0.05071347593457247,-0.076709676694517,0.00026444096083145895,0.0012684433890255975,0.0004332600702262624,0.002078217648579539,-0.0308473013095752,-2.7343237239489784,0.021401099343246188
h2_rsw1500_r_f996582p03125_level1p25_na_na,H2,1500,R,1000000.0,996582.03125,157,1.25,-0.015289685908014883,1.0225492457426022,NA,NA,2,512,1.2500000004415526,50.68483558811487,33.90123711227532,83.0420346275674,55.543786884751874,2.9195377705254026,0.012989941649322602,0.05071345339270277,-0.0767097060602673,0.0002599985815927709,0.0015718792694824346,0.00042598167608159584,0.002575366995120021,-0.03084693706131465,-2.7343223928804767,0.039131886094612156
h2_rsw1500_z_f1999511p71875_level1p25_na_na,H2,1500,Z,2000000.0,1999511.71875,315,1.25,-0.015289685908014883,1.0893604633724132,NA,NA,1,512,1.249999996034695,98.28839585896843,67.49887290121704,161.03570777533386,110.59015336135401,-2.920132845365504,-0.1187239923994509,-0.1428867268896738,0.32409326522911935,4.527394560373307e-05,0.00028243308392017497,7.417683247715626e-05,0.0004627383646948147,-0.0624181006980097,-5.470488837869436,0.009876936406250092
h2_rsw1500_z_f1999511p71875_level1p25_na_na,H2,1500,Z,2000000.0,1999511.71875,315,1.25,-0.015289685908014883,1.0893604633724132,NA,NA,2,512,1.2499999954877832,98.28781711331835,67.49887274496467,161.0347595584608,110.59015310535013,-2.92013339596505,-0.11872399193055626,-0.14288672648826137,0.3240932634438366,4.455238333144751e-05,0.0002807415913630429,7.299462485024361e-05,0.00045996702328920946,-0.06241809945513463,-5.470488821669126,0.034369070068068774
h2_rsw1500_z_f501464p84375_level1p25_na_na,H2,1500,Z,500000.0,501464.84375,79,1.25,-0.015289685908014883,1.0057353386027301,NA,NA,1,512,1.2499999999068816,27.063306583067217,17.320045585103255,44.340521505697325,28.377162686633177,-2.920148244194534,-0.019372992714004698,0.029062967688384025,-0.01503261696126384,8.60072259319162e-05,0.0006198691865130085,0.0001409142389668515,0.001015593675182913,-0.02298879858783687,-1.376865532302081,0.05809723044992304
h2_rsw1500_z_f501464p84375_level1p25_na_na,H2,1500,Z,500000.0,501464.84375,79,1.25,-0.015289685908014883,1.0057353386027301,NA,NA,2,512,1.2499999999083187,27.06374842645176,17.32004618541249,44.34124542189856,28.377163670179822,-2.920149154805797,-0.01937299137846952,0.029062968759397383,-0.015032620880076016,8.327902728971191e-05,0.0006345178613538505,0.000136444358311464,0.0010395940640421486,-0.02298878150007193,-1.376865580342151,0.06809102259707281
h2_rsw1500_z_f996582p03125_level1p25_na_na,H2,1500,Z,1000000.0,996582.03125,157,1.25,-0.015289685908014883,1.0225492457426022,NA,NA,1,512,1.2499999995085096,50.68508670889882,33.901161436522685,83.04244606385983,55.543662897598765,-2.9201362153336814,0.012989303924657537,0.050713201939469224,-0.0825482685141189,6.770746341188587e-05,0.0004767619160572778,0.00011093190805403382,0.000781126723268244,-0.03085182483960702,-2.7343103647863494,0.021422827123050714
h2_rsw1500_z_f996582p03125_level1p25_na_na,H2,1500,Z,1000000.0,996582.03125,157,1.25,-0.015289685908014883,1.0225492457426022,NA,NA,2,512,1.2499999994861006,50.68531558217293,33.90116383437092,83.04282104983213,55.54366682623331,-2.9201400296355193,0.012989311114202243,0.050713205705868236,-0.08254828602200809,6.275044037846657e-05,0.0005107020760314329,0.00010281032151607963,0.0008367342813698997,-0.030851772198999334,-2.734310551430274,0.03912881152145359
h2_rsw400_p_f1999511p71875_level1p25_na_na,H2,400,P,2000000.0,1999511.71875,315,1.25,-0.015289685908014883,1.0893604633724132,NA,NA,1,512,1.2500000106683522,26.65441760977094,18.847485520894782,43.67059781184871,30.87972027743401,1.7519742265552536e-05,-0.03366425503502355,-0.039819812422209666,0.09185510262526685,0.00017522863452970315,0.0007866430119796153,0.0002870945948134656,0.0012888359108274017,-0.030319938309515303,-1.516768266663113,2.04455479803356e-05
h2_rsw400_p_f1999511p71875_level1p25_na_na,H2,400,P,2000000.0,1999511.71875,315,1.25,-0.015289685908014883,1.0893604633724132,NA,NA,2,512,1.2500000108790204,26.653999814467035,18.84747604126264,43.669913296022784,30.879704746004712,2.3086574186658576e-06,-0.033664234523376226,-0.03981979333361234,0.09185503793052492,0.00018518404173136315,0.0008140829210606659,0.0003034055339726654,0.001333793457865795,-0.03031988710311185,-1.516767530449417,3.0141604455413695e-06
h2_rsw400_p_f501464p84375_level1p25_na_na,H2,400,P,500000.0,501464.84375,79,1.25,-0.015289685908014883,1.0057353386027301,NA,NA,1,512,1.2500000000291915,8.177424395699129,5.782303103521075,13.397892129913453,9.47372540480893,1.7024381645082756e-06,-0.006333146388671892,0.009875573970384265,-0.004428032774807792,4.86761703838359e-05,0.0002545862993344819,7.975103755687673e-05,0.00041711419282961513,-0.006195589140975968,-0.4669143929517164,5.859802295303529e-06
h2_rsw400_p_f501464p84375_level1p25_na_na,H2,400,P,500000.0,501464.84375,79,1.25,-0.015289685908014883,1.0057353386027301,NA,NA,2,512,1.2500000000259524,8.177282891275617,5.782305155723034,13.397660289065971,9.473728767136617,4.002635378089897e-07,-0.0063331521108158555,0.009875577063407802,-0.004428030790569408,4.896017214488719e-05,0.0002568325507667363,8.021634604218317e-05,0.00042079445117622073,-0.0061956234869432825,-0.4669145410385732,2.9404092424800687e-06
h2_rsw400_p_f996582p03125_level1p25_na_na,H2,400,P,1000000.0,996582.03125,157,1.25,-0.015289685908014883,1.0225492457426022,NA,NA,1,512,1.250000000648058,15.270444516097825,10.797810064256725,25.019096295174677,17.691132009278217,1.0870500679184374e-05,0.0032459684675317534,0.016095187370243923,-0.024176433939203996,8.900302748762265e-05,0.0005173676475723338,0.00014582256023572095,0.0008476551537825117,-0.01954637224785873,-0.8663816213491747,7.12787875077614e-06
h2_rsw400_p_f996582p03125_level1p25_na_na,H2,400,P,1000000.0,996582.03125,157,1.25,-0.015289685908014883,1.0225492457426022,NA,NA,2,512,1.2500000006167444,15.270214635487278,10.797811546342086,25.018719658782356,17.691134437526873,1.304260000857798e-05,0.0032459737764146007,0.01609519034670843,-0.02417644212325304,8.9008728892554e-05,0.00047619560543735173,0.0001458319014175605,0.0007801988799485571,-0.019546334696652033,-0.866381777834481,1.623976146267192e-06
h2_rsw400_r_f1999511p71875_level1p25_na_na,H2,400,R,2000000.0,1999511.71875,315,1.25,-0.015289685908014883,1.0893604633724132,NA,NA,1,512,1.2500000250351304,29.389733546713927,19.55331182899439,48.1521394429361,32.03614610062441,1.8633695238477124,-0.033739689001245916,-0.04134465545775042,0.09571880197767266,0.000146266641237746,0.0005452501174590951,0.00023964326500392304,0.0008933377924449815,-0.020791956381424125,-1.5731380756275548,0.005803583660986267
h2_rsw400_r_f1999511p71875_level1p25_na_na,H2,400,R,2000000.0,1999511.71875,315,1.25,-0.015289685908014883,1.0893604633724132,NA,NA,2,512,1.2500000250063037,29.389977740384545,19.553310690205613,48.15253952984604,32.036144234832875,1.8633626746707488,-0.03373970608797844,-0.04134465132944502,0.09571881132404586,0.00015207119346654664,0.0005947834335745528,0.00024915344337559004,0.0009744931775685472,-0.020792132664937648,-1.5731379504441259,0.02184463440903922
h2_rsw400_r_f501464p84375_level1p25_na_na,H2,400,R,500000.0,501464.84375,79,1.25,-0.015289685908014883,1.0057353386027301,NA,NA,1,512,1.2500000000733924,8.946530741306358,5.343952347765114,14.657995966556337,8.755531526578363,1.863313564073681,-0.006311670573432019,0.008375354750301243,-0.0007162916571635085,0.00011603022294988656,0.0005026663153659362,0.00019010391728109416,0.0008235684910955499,-0.013469925794218152,-0.39631499040237744,0.03285162274522732
h2_rsw400_r_f501464p84375_level1p25_na_na,H2,400,R,500000.0,501464.84375,79,1.25,-0.015289685908014883,1.0057353386027301,NA,NA,2,512,1.2500000000758809,8.9463949213211,5.343947019484714,14.65777343909249,8.755522796723756,1.8633193231291498,-0.0063116610652483645,0.00837534154397733,-0.0007162812754403017,0.00012394204123646792,0.0005204420831924836,0.00020306664036182903,0.0008526923091025651,-0.013469908729766767,-0.3963143647012614,0.040815717593963886
h2_rsw400_r_f996582p03125_level1p25_na_na,H2,400,R,1000000.0,996582.03125,157,1.25,-0.015289685908014883,1.0225492457426022,NA,NA,1,512,1.2500000014435173,15.69195539901247,9.954287330787743,25.70969972574203,16.30910436276264,1.863332215619938,0.003280287310057041,0.014625408615193078,-0.020518787716722907,0.00012697785328653983,0.0005126396678684086,0.00020804051482466683,0.0008399088318356007,-0.01496428630867913,-0.7868450174871744,0.012777424649498131
h2_rsw400_r_f996582p03125_level1p25_na_na,H2,400,R,1000000.0,996582.03125,157,1.25,-0.015289685908014883,1.0225492457426022,NA,NA,2,512,1.2500000014022814,15.691710125862679,9.954287483120988,25.709297870213412,16.309104612345426,1.8633177844714957,0.0032803105825728713,0.014625415962892616,-0.020518840422501204,0.00011639156399514093,0.0005235938173517307,0.0001906959384496389,0.0008578561103490756,-0.014964105286559937,-0.7868453964176444,0.024586838599911787
h2_rsw400_z_f1999511p71875_level1p25_na_na,H2,400,Z,2000000.0,1999511.71875,315,1.25,-0.015289685908014883,1.0893604633724132,NA,NA,1,512,1.249999995857243,29.389932124308515,19.553199032891328,48.15246479246707,32.03596129548915,-1.8637092412484528,-0.03373971770489105,-0.04134429651510096,0.09199130822246415,4.8845738686415735e-06,3.712732535299246e-05,8.002885826382353e-06,6.0829409858342845e-05,-0.02079460335931271,-1.573124894174828,0.005812752064741217
h2_rsw400_z_f1999511p71875_level1p25_na_na,H2,400,Z,2000000.0,1999511.71875,315,1.25,-0.015289685908014883,1.0893604633724132,NA,NA,2,512,1.2499999960816865,29.39017669638244,19.553198999231846,48.15286549935299,32.03596124034146,-1.8637092668510646,-0.03373971775283329,-0.0413442963888066,0.09199130811642306,4.796408396245199e-06,3.697637027122447e-05,7.858435516408134e-06,6.058208505237417e-05,-0.020794604620017657,-1.573124889596585,0.021820891115572477
h2_rsw400_z_f501464p84375_level1p25_na_na,H2,400,Z,500000.0,501464.84375,79,1.25,-0.015289685908014883,1.0057353386027301,NA,NA,1,512,1.24999999989112,8.946891447301875,5.344086283146837,14.65858694725939,8.755750966307778,-1.8637108490461818,-0.0063119410488105005,0.008375255926198508,-0.004442854445556111,8.470811842331839e-06,5.139264786391956e-05,1.3878578122476483e-05,8.420171426024581e-05,-0.013472769959436345,-0.39631044382401476,0.032853103492460484
h2_rsw400_z_f501464p84375_level1p25_na_na,H2,400,Z,500000.0,501464.84375,79,1.25,-0.015289685908014883,1.0057353386027301,NA,NA,2,512,1.2499999999045868,8.946842679909306,5.344086223490222,14.658507046763408,8.755750868566379,-1.863710734520897,-0.006311940906675645,0.008375255928848729,-0.004442854512040198,8.772573391056261e-06,5.176168671894993e-05,1.4372984243906578e-05,8.480634752032757e-05,-0.013472768709807336,-0.39631044389240544,0.040819201934067656
h2_rsw400_z_f996582p03125_level1p25_na_na,H2,400,Z,1000000.0,996582.03125,157,1.25,-0.015289685908014883,1.0225492457426022,NA,NA,1,512,1.2499999995322735,15.6922707483107,9.954296739240872,25.71021639403225,16.309119777572246,-1.8637096249449139,0.003279926612951631,0.014625269591291585,-0.024245204871926218,6.702737706156003e-06,4.222653943869448e-05,1.0981765457765995e-05,6.918396221635703e-05,-0.0149670185436373,-0.7868377850730859,0.012781606054392339
h2_rsw400_z_f996582p03125_level1p25_na_na,H2,400,Z,1000000.0,996582.03125,157,1.25,-0.015289685908014883,1.0225492457426022,NA,NA,2,512,1.2499999995099051,15.692062376485572,9.954296515168886,25.70987499763396,16.309119410452702,-1.8637096122796326,0.0032799265742797703,0.014625269258140712,-0.024245204393973974,6.681495846952363e-06,4.211114960211981e-05,1.0946962795646751e-05,6.89949075081131e-05,-0.014967017907529611,-0.7868377670908538,0.024586764623095794
h2_rsw825_p_f1999511p71875_level1p25_na_na,H2,825,P,2000000.0,1999511.71875,315,1.25,-0.015289685908014883,1.0893604633724132,NA,NA,1,512,1.2500000066275647,52.82906806480625,37.355808666415825,86.55514511737856,61.203756919055685,4.527034813347781e-05,-0.06559539536484328,-0.07918816698349855,0.1809794991652969,0.0001670131118540086,0.0008561742292911845,0.0002736342824616077,0.0014027558572706766,-0.04257074311514379,-3.0216451474808346,2.3869671218756938e-05
h2_rsw825_p_f1999511p71875_level1p25_na_na,H2,825,P,2000000.0,1999511.71875,315,1.25,-0.015289685908014883,1.0893604633724132,NA,NA,2,512,1.250000006589069,52.82867645968481,37.35580707990095,86.5545035115476,61.20375431970972,3.141025453948752e-05,-0.06559540863250896,-0.0791881602902274,0.18097949351757353,0.0001810976091462298,0.0009277272346175369,0.0002967103228251829,0.0015199883011973725,-0.042570904507508334,-3.0216449480406244,1.2168033733384043e-06
h2_rsw825_p_f501464p84375_level1p25_na_na,H2,825,P,500000.0,501464.84375,79,1.25,-0.015289685908014883,1.0057353386027301,NA,NA,1,512,1.2500000000563474,14.996751915816953,10.604156073341155,24.570678338874494,17.373849310562147,7.5606858307734545e-06,-0.011257599574824122,0.01814690152105141,-0.008611619872482119,6.803171667286172e-05,0.00032465190935235255,0.00011146316459681663,0.0005319096882828944,-0.007640502094346224,-0.8581457850521953,7.980779006405703e-07
h2_rsw825_p_f501464p84375_level1p25_na_na,H2,825,P,500000.0,501464.84375,79,1.25,-0.015289685908014883,1.0057353386027301,NA,NA,2,512,1.250000000057602,14.996245758119864,10.60414975163759,24.569849050103585,17.37383895308303,6.374675354313235e-06,-0.011257589843168452,0.018146890957057134,-0.008611620018084763,6.0658624059442036e-05,0.00026972647372558445,9.938308965898982e-05,0.00044191985455199756,-0.007640470585646284,-0.8581452823426649,2.1940808250103805e-06
h2_rsw825_p_f996582p03125_level1p25_na_na,H2,825,P,1000000.0,996582.03125,157,1.25,-0.015289685908014883,1.0225492457426022,NA,NA,1,512,1.2500000009648997,28.61788090962669,20.23609285611088,46.887536082332375,33.15481453545207,1.2296999560659251e-05,0.007350880114858107,0.030337493408177138,-0.047110454643192835,0.00010372662212596719,0.0005237366253116327,0.00016994569769118462,0.0008580900869105789,-0.024474181178121883,-1.6341112069016133,1.291421333066145e-05
h2_rsw825_p_f996582p03125_level1p25_na_na,H2,825,P,1000000.0,996582.03125,157,1.25,-0.015289685908014883,1.0225492457426022,NA,NA,2,512,1.2500000009514767,28.618145588116928,20.236094747988016,46.88796973157078,33.15481763510356,1.6404785547563874e-05,0.007350864871798709,0.030337494397398808,-0.047110432717583174,0.00011037834045369301,0.00048180564550526217,0.00018084387299933062,0.0007893903695958216,-0.02447431666785993,-1.6341112856970497,7.902483920713133e-06
h2_rsw825_r_f1999511p71875_level1p25_na_na,H2,825,R,2000000.0,1999511.71875,315,1.25,-0.015289685908014883,1.0893604633724132,NA,NA,1,512,1.25000001806032,56.05034885366877,38.16968629564187,91.83289156185091,62.53721402677964,2.156679179533897,-0.06574984622132762,-0.08099881884883414,0.18559251316732633,0.00019336449138040673,0.0010405477799679819,0.00031680838267765835,0.0017048334826995416,-0.03154332624142603,-3.0868766321430816,0.006594223195439952
h2_rsw825_r_f1999511p71875_level1p25_na_na,H2,825,R,2000000.0,1999511.71875,315,1.25,-0.015289685908014883,1.0893604633724132,NA,NA,2,512,1.2500000180508137,56.04996758597491,38.16969043691874,91.8322668928613,62.53722081184767,2.156659125547254,-0.06574985193509064,-0.08099883060037608,0.18559251494353415,0.00016960401213415957,0.000925855463601577,0.000277879213480607,0.0015169215915648237,-0.03154329569139436,-3.0868770695621683,0.025315624298805073
h2_rsw825_r_f501464p84375_level1p25_na_na,H2,825,R,500000.0,501464.84375,79,1.25,-0.015289685908014883,1.0057353386027301,NA,NA,1,512,1.2500000001068943,15.82042084357238,9.899617275378285,25.92017751010899,16.21953294397978,2.1566234948016274,-0.011218470800671046,0.016402918666881344,-0.004323936338515171,0.0001632447975173102,0.0007983725215793269,0.000267460276252361,0.0013080535393555693,-0.01605917347308757,-0.7764217823235293,0.041919391869458394
h2_rsw825_r_f501464p84375_level1p25_na_na,H2,825,R,500000.0,501464.84375,79,1.25,-0.015289685908014883,1.0057353386027301,NA,NA,2,512,1.2500000001054519,15.820619996974594,9.899612773821582,25.920503803043175,16.21952556862928,2.156608609882727,-0.011218449655054714,0.016402920265629412,-0.00432397965388257,0.00014735617897674878,0.0009361655873389718,0.00024142836363550522,0.0015338136982961715,-0.016058981456268315,-0.7764218408386736,0.04971989011546066
h2_rsw825_r_f996582p03125_level1p25_na_na,H2,825,R,1000000.0,996582.03125,157,1.25,-0.015289685908014883,1.0225492457426022,NA,NA,1,512,1.250000001189497,29.130360049316238,19.19489828953534,47.72718190479973,31.448921357574704,2.1566332133731367,0.007415066997750749,0.02864650657993322,-0.042920333801640786,0.00016667635406247426,0.0009119226836995509,0.0002730825384959578,0.0014940941249733442,-0.01916959747313299,-1.5420622486163256,0.01584895170671924
h2_rsw825_r_f996582p03125_level1p25_na_na,H2,825,R,1000000.0,996582.03125,157,1.25,-0.015289685908014883,1.0225492457426022,NA,NA,2,512,1.2500000012046535,29.130024658724494,19.194906855232784,47.726632400854214,31.448935391613396,2.15662926176307,0.007415076042356356,0.02864652074218168,-0.042920366762318675,0.0001678921004384257,0.0009109804120603637,0.0002750744173583167,0.0014925503071197,-0.019169558596578262,-1.5420630042608967,0.028822370435426653
h2_rsw825_z_f1999511p71875_level1p25_na_na,H2,825,Z,2000000.0,1999511.71875,315,1.25,-0.015289685908014883,1.0893604633724132,NA,NA,1,512,1.2499999942838882,56.05054599403747,38.169530938354605,91.83321455663099,62.53695948940018,-2.157043017922098,-0.06574983892694528,-0.08099839213778649,0.18127824497384748,7.151667683710197e-06,5.646066011943951e-05,1.1717292332990786e-05,9.25051455396897e-05,-0.03154617806768087,-3.0868613688578166,0.006588924994208045
h2_rsw825_z_f1999511p71875_level1p25_na_na,H2,825,Z,2000000.0,1999511.71875,315,1.25,-0.015289685908014883,1.0893604633724132,NA,NA,2,512,1.2499999947240092,56.050176182790736,38.169531000681566,91.83260865788434,62.53695959151668,-2.1570430542139043,-0.06574983911730195,-0.08099839228372172,0.1812782454233788,7.096017915221046e-06,5.6442918089372185e-05,1.1626115752298161e-05,9.247607699762739e-05,-0.03154617872766384,-3.086861374659595,0.02531440479348196
h2_rsw825_z_f501464p84375_level1p25_na_na,H2,825,Z,500000.0,501464.84375,79,1.25,-0.015289685908014883,1.0057353386027301,NA,NA,1,512,1.249999999881267,15.820892175290702,9.899683378037652,25.920949739996285,16.21964124657689,-2.157044481276844,-0.011218766712806066,0.016402811169135265,-0.00863710005107209,1.3449337785772189e-05,8.844223172398136e-05,2.2035395028209154e-05,0.00014490375245657106,-0.016062287866652543,-0.7764169720815766,0.04194327408504721
h2_rsw825_z_f501464p84375_level1p25_na_na,H2,825,Z,500000.0,501464.84375,79,1.25,-0.015289685908014883,1.0057353386027301,NA,NA,2,512,1.249999999889726,15.820832625591752,9.89968337665008,25.920852173769525,16.219641244303492,-2.1570445185487452,-0.011218766564798,0.016402811178967032,-0.008637100285689724,1.3349814326744981e-05,8.821890471778782e-05,2.1872335792938977e-05,0.00014453785348962357,-0.016062286529457355,-0.7764169724274487,0.04972175263552592
h2_rsw825_z_f996582p03125_level1p25_na_na,H2,825,Z,1000000.0,996582.03125,157,1.25,-0.015289685908014883,1.0225492457426022,NA,NA,1,512,1.2499999994362334,29.13072990327126,19.19487115857879,47.72778787351963,31.448876906215485,-2.1570428180620413,0.007414673661879492,0.028646359991625465,-0.047233334864530276,9.565012924194273e-06,7.371731531452541e-05,1.5671317174999897e-05,0.00012077844941131844,-0.01917260799887347,-1.5420548903600129,0.015851679914503924
h2_rsw825_z_f996582p03125_level1p25_na_na,H2,825,Z,1000000.0,996582.03125,157,1.25,-0.015289685908014883,1.0225492457426022,NA,NA,2,512,1.2499999994211097,29.13038738763829,19.19487108252852,47.72722669590657,31.44887678161472,-2.157042930502067,0.007414673790762201,0.0286463598742029,-0.04723333499083846,9.475243367533182e-06,7.179621762387622e-05,1.5524238733366367e-05,0.00011763092295495881,-0.01917260654711378,-1.5420548837797408,0.02883134013983643
