id,stage,kind,plus_A,minus_A,vdda_A,vref_A,dac_A,power_mW
j9_s00_pos1_tap0_dc_mcnom_idle_a0_f0_dac1p25_zero,4051,idle,1.3191124067716586e-09,-1.2099603088764112e-09,0.0,,,1.2586667012256573e-05
j9_s00_pos1_tap0_dc_mcnom_idle_a0_f0_dac1p25_zero,DAC,idle,,,,,4.718510908433995e-05,0.05898138635542494
j9_s00_pos1_tap0_dc_mcnom_idle_a0_f0_dac1p25_zero,OPA810,idle,0.0019000755473559013,-0.0019000000099552404,0.0,,,18.912301285927583
j9_s00_pos1_tap0_dc_mcnom_idle_a0_f0_dac1p25_zero,OPA836,idle,0.0010040365432125067,0.0,0.0010040365432125067,,,3.313320592601272
j9_s00_pos1_tap0_dc_mcnom_idle_a0_f0_dac1p25_zero,TOTAL_CHANNEL,idle,0.00600050728512124,-0.006085236713601567,0.0010040365432125067,0.00016303305416298915,4.718510908433995e-05,63.928547866887925
j9_s00_pos1_tap0_dc_mcnom_idle_a0_f0_dac1p25_zero,U103A,idle,0.0010356900252171276,-0.0010353905694332759,0.0,,,10.30740018025342
j9_s00_pos1_tap0_dc_mcnom_idle_a0_f0_dac1p25_zero,U103B,idle,0.0010362862067893647,-0.0010347947706384707,0.0,,,10.307401224160545
j9_s00_pos1_tap0_dc_mcnom_idle_a0_f0_dac1p25_zero,U105A,idle,0.001035540066054756,-0.0010355405125011018,0.0,,,10.307400316808533
j9_s00_pos1_tap0_dc_mcnom_idle_a0_f0_dac1p25_zero,U105B,idle,0.0009929141205916837,-0.0010795096411131688,0.0,,,10.31414765870666
j9_s00_pos1_tap0_dc_mcnom_idle_a0_f0_dac1p25_zero,VMID,idle,,,,0.00016303305416298915,,0.40758263540747286
j9_s00_pos1_tap0_dc_mcnom_sine_a0p0284458896694_f2000000_dac1p25_bipolar,4051,sine,1.3203948067618403e-09,-1.1975582527685894e-09,0.0,,,1.2528486198215458e-05
j9_s00_pos1_tap0_dc_mcnom_sine_a0p0284458896694_f2000000_dac1p25_bipolar,DAC,sine,,,,,4.718501744020717e-05,0.058981271800258965
j9_s00_pos1_tap0_dc_mcnom_sine_a0p0284458896694_f2000000_dac1p25_bipolar,OPA810,sine,0.0019056722032743374,-0.0019055964199576974,0.0,,,18.96755474018336
j9_s00_pos1_tap0_dc_mcnom_sine_a0p0284458896694_f2000000_dac1p25_bipolar,OPA836,sine,0.0010059366241369893,0.0,0.0010059366241369893,,,3.3195908596520645
j9_s00_pos1_tap0_dc_mcnom_sine_a0p0284458896694_f2000000_dac1p25_bipolar,TOTAL_CHANNEL,sine,0.006240038750586334,-0.00632475454511983,0.0010059366241369893,0.0001630330541629109,4.718501744020717e-05,66.31746969411086
j9_s00_pos1_tap0_dc_mcnom_sine_a0p0284458896694_f2000000_dac1p25_bipolar,U103A,sine,0.0010362599329603807,-0.0010359602819613413,0.0,,,10.312826008056895
j9_s00_pos1_tap0_dc_mcnom_sine_a0p0284458896694_f2000000_dac1p25_bipolar,U103B,sine,0.0010990861718353185,-0.0010976026749286861,0.0,,,10.932271502406078
j9_s00_pos1_tap0_dc_mcnom_sine_a0p0284458896694_f2000000_dac1p25_bipolar,U105A,sine,0.0011382484955589185,-0.0011382419139037592,0.0,,,11.3294190290216
j9_s00_pos1_tap0_dc_mcnom_sine_a0p0284458896694_f2000000_dac1p25_bipolar,U105B,sine,0.0010607706265625726,-0.0011473520568100928,0.0,,,10.989231119097129
j9_s00_pos1_tap0_dc_mcnom_sine_a0p0284458896694_f2000000_dac1p25_bipolar,VMID,sine,,,,0.0001630330541629109,,0.40758263540727724
