id,test,scale_V_div,POS,tap,mc,kind,amplitude_V,freq_Hz,M,vdac_V,minus3_Hz,gain_dc_signed,gain_nominal_signed,gain_error_pct,peak_db,peak_Hz,atten_1m_db,atten_2m_db,atten_3p25m_db,atten_4p5m_db,atten_6p5m_db,rebound_excess_db,gd_min_ns,gd_max_ns,gd_variation_ns,ac_points,ac_last_Hz,rise_ns,overshoot_pct,settling_0p5pct_ns,square_fall_settling_ns,noise_pin_uV,noise_bnc_uV,noise_pct_div,adc_min_V,adc_max_V,recovery_us,bav199_peak_A,bav199_conducts,bav199_forward_max_V,terminal_error_V,observation_us,offset_div,center_V,sfdr_db,thd_pct,residual_rms_LSB,residual_max_LSB,fundamental_pp_V,gain_sample_db,phase_sample_deg,delay_equivalent_ns,source_amp_V,last_time_s,max_step_s
j1dc_s00_pos1_tap0_dc_mcnom_dc_a0_f0_dac1p25_sweep5en05,J1DC,0.005,1,0,-1,dc,0.0,0.0,0,1.25,,-49.4982059374718,-50.0,-1.0035881250563983,,,,,,,,,,,,,,,,,,,,,,,,,,,,,,1.2309723851667935,,,,,,,,,,,
j1dc_s01_pos1_tap1_dc_mcnom_dc_a0_f0_dac1p25_sweep0p0001,J1DC,0.01,1,1,-1,dc,0.0,0.0,0,1.25,,-24.74102801509691,-25.0,-1.0358879396123677,,,,,,,,,,,,,,,,,,,,,,,,,,,,,,1.2328561481884537,,,,,,,,,,,
j1dc_s02_pos1_tap2_dc_mcnom_dc_a0_f0_dac1p25_sweep0p0002,J1DC,0.02,1,2,-1,dc,0.0,0.0,0,1.25,,-12.387951339108202,-12.5,-0.8963892871343804,,,,,,,,,,,,,,,,,,,,,,,,,,,,,,1.2337954754909255,,,,,,,,,,,
j1dc_s03_pos1_tap3_dc_mcnom_dc_a0_f0_dac1p25_sweep0p0005,J1DC,0.05,1,3,-1,dc,0.0,0.0,0,1.25,,-4.946293617247225,-5.0,-1.0741276550555012,,,,,,,,,,,,,,,,,,,,,,,,,,,,,,1.2343611069260345,,,,,,,,,,,
j1dc_s04_pos1_tap4_dc_mcnom_dc_a0_f0_dac1p25_sweep0p001,J1DC,0.1,1,4,-1,dc,0.0,0.0,0,1.25,,-2.4706719447635823,-2.5,-1.1731222094567118,,,,,,,,,,,,,,,,,,,,,,,,,,,,,,1.2345492249112182,,,,,,,,,,,
j1dc_s05_pos1_tap5_dc_mcnom_dc_a0_f0_dac1p25_sweep0p002,J1DC,0.2,1,5,-1,dc,0.0,0.0,0,1.25,,-1.2353339331570103,-1.25,-1.173285347439168,,,,,,,,,,,,,,,,,,,,,,,,,,,,,,1.2346430787111018,,,,,,,,,,,
j1dc_s06_pos100_tap0_dc_mcnom_dc_a0_f0_dac1p25_sweep0p005,J1DC,0.5,100,0,-1,dc,0.0,0.0,0,1.25,,-0.4953255839838585,-0.5,-0.9348832032282983,,,,,,,,,,,,,,,,,,,,,,,,,,,,,,1.2309635833721706,,,,,,,,,,,
j1dc_s07_pos100_tap1_dc_mcnom_dc_a0_f0_dac1p25_sweep0p01,J1DC,1.0,100,1,-1,dc,0.0,0.0,0,1.25,,-0.2475819861747587,-0.25,-0.9672055300965154,,,,,,,,,,,,,,,,,,,,,,,,,,,,,,1.232851748728872,,,,,,,,,,,
j1dc_s08_pos100_tap2_dc_mcnom_dc_a0_f0_dac1p25_sweep0p02,J1DC,2.0,100,2,-1,dc,0.0,0.0,0,1.25,,-0.12396548736068602,-0.125,-0.8276101114511825,,,,,,,,,,,,,,,,,,,,,,,,,,,,,,1.2337932726608587,,,,,,,,,,,
j1dc_s09_pos100_tap3_dc_mcnom_dc_a0_f0_dac1p25_sweep0p05,J1DC,5.0,100,3,-1,dc,0.0,0.0,0,1.25,,-0.04949726406956612,-0.05,-1.005471860867757,,,,,,,,,,,,,,,,,,,,,,,,,,,,,,1.234360227374398,,,,,,,,,,,
j1dc_s10_pos100_tap4_dc_mcnom_dc_a0_f0_dac1p25_sweep0p1,J1DC,10.0,100,4,-1,dc,0.0,0.0,0,1.25,,-0.024723866217929914,-0.025,-1.1045351282803484,,,,,,,,,,,,,,,,,,,,,,,,,,,,,,1.2345487855754986,,,,,,,,,,,
j1dc_s11_pos100_tap5_dc_mcnom_dc_a0_f0_dac1p25_sweep0p2,J1DC,20.0,100,5,-1,dc,0.0,0.0,0,1.25,,-0.012361912701952001,-0.0125,-1.1046983843839953,,,,,,,,,,,,,,,,,,,,,,,,,,,,,,1.2346428590436218,,,,,,,,,,,
