id,scale_V_div,stage,plus_min_V,plus_max_V,minus_min_V,minus_max_V,differential_abs_max_V,differential_at_bnc_V,plus_current_abs_max_A,plus_current_at_bnc_V,minus_current_abs_max_A,minus_current_at_bnc_V,plus_at_minus40_V,plus_at_plus40_V,minus_at_minus40_V,minus_at_plus40_V,plus_current_at_minus40_A,plus_current_at_plus40_A,minus_current_at_minus40_A,minus_current_at_plus40_A,output_current_abs_max_A
j5_s00_pos1_tap0_dc_mcnom_dc_a0_f0_dac1p25_sweepn40p40,0.005,OPA810,-5.695036253945535,5.6937391927596686,-4.818364943331634,4.820125777799655,0.8766713106139008,-40.0,7.698610704162824e-12,40.0,5.824868365422731e-12,33.35000000000001,-5.695036253945535,5.6937391927596686,-4.818364943331634,4.820125777799655,-3.6983740472821115e-12,7.698610704162824e-12,-3.821748473242792e-12,5.824868365422731e-12,0.009238750544794883
j5_s00_pos1_tap0_dc_mcnom_dc_a0_f0_dac1p25_sweepn40p40,0.005,OPA836,0.8577076446871124,0.9680651711397023,0.32121082692028147,1.592404089101635,0.6243389179619326,0.75,3.190502019934053e-05,0.75,2.947738311541124e-05,0.75,0.8578198875741129,0.9675885585568476,0.32219981937319886,1.591787010617334,1.9891335529022715e-07,-3.17662284286983e-05,-9.528797859289322e-06,2.933312288973937e-05,
j5_s00_pos1_tap0_dc_mcnom_dc_a0_f0_dac1p25_sweepn40p40,0.005,U103A,-2.321454034169675,2.2513808040483836,-1.6344271352790818,1.5684875641409763,0.6870268988905934,-40.0,0.004409277662485943,-40.0,0.004408881402476725,-40.0,-2.321454034169675,2.2513808040483836,-1.6344271352790818,1.5684875641409763,-0.004409277662485943,0.004081405893231987,0.004408881402476725,-0.004081022960071537,
j5_s00_pos1_tap0_dc_mcnom_dc_a0_f0_dac1p25_sweepn40p40,0.005,U103B,-1.9505207644346425,1.9494613102189635,-1.2698793665797714,1.2688732742910203,0.6806413978548711,-40.0,0.003912743334207363,-40.0,0.0039124206223019875,-40.0,-1.9505207644346425,1.9494613102189635,-1.2698793665797714,1.2688732742910203,-0.003912743334207363,0.003908830080404713,0.0039124206223019875,-0.003908507300622631,
j5_s00_pos1_tap0_dc_mcnom_dc_a0_f0_dac1p25_sweepn40p40,0.005,U105A,-3.9559982278169796,3.954582953692809,-3.9203977087786197,3.9189728233973478,0.03579286361063572,5.300000000000004,3.957645036730992e-07,1.1500000000000057,3.921981836300461e-07,1.0,-3.9527432301597702,3.951449626734811,-3.9169544171200488,3.9156579022579647,-3.956102691529186e-07,3.95618124489141e-07,-3.9203138784886556e-07,3.920389520414564e-07,
j5_s00_pos1_tap0_dc_mcnom_dc_a0_f0_dac1p25_sweepn40p40,0.005,U105B,-3.920006338100075,3.9185814513608936,-3.894575905297713,3.897522638421562,0.025579670535053278,-5.25,3.9215904615723956e-07,1.0,3.9004690504827407e-07,0.8500000000000014,-3.9165632088375624,3.915266686427167,-3.890983679442796,3.8940797332918464,-3.919922670206169e-07,3.919998304583767e-07,-3.894343140529268e-07,3.8988113514484463e-07,
j5_s01_pos1_tap1_dc_mcnom_dc_a0_f0_dac1p25_sweepn40p40,0.01,OPA810,-5.696639303022404,5.695210203371594,-4.848569443188757,4.848767429859559,0.8480698598336467,-40.0,7.699348176362967e-12,40.0,5.852790474492053e-12,38.257,-5.696639303022404,5.695210203371594,-4.848569443188757,4.848767429859559,-3.699339378544845e-12,7.699348176362967e-12,-3.851113872244127e-12,5.852790474492053e-12,0.005394231162296073
j5_s01_pos1_tap1_dc_mcnom_dc_a0_f0_dac1p25_sweepn40p40,0.01,OPA836,0.8577166036863526,0.9680185497271065,0.32128882322643604,1.5923437605578858,0.6243252108307793,1.209,3.189144382320825e-05,1.209,2.9463271989264785e-05,1.209,0.8577708554554642,0.9677890326453402,0.32176461263424144,1.59204665913951,2.1319065799685308e-07,-3.182460740322207e-05,-9.545496357418489e-06,2.9393802477199523e-05,
j5_s01_pos1_tap1_dc_mcnom_dc_a0_f0_dac1p25_sweepn40p40,0.01,U103A,-1.5764585002194331,1.57545683379286,-0.965506687633481,0.964652308203824,0.6109518125859521,-40.0,0.0010692900111106826,-40.0,0.0010690353025662467,-40.0,-1.5764585002194331,1.57545683379286,-0.965506687633481,0.964652308203824,-0.0010692900111106826,0.0010663794461060756,0.0010690353025662467,-0.0010661246355832593,
j5_s01_pos1_tap1_dc_mcnom_dc_a0_f0_dac1p25_sweepn40p40,0.01,U103B,-1.945408451178753,1.9448530317331503,-1.265069157950821,1.2645376413601006,0.680339293227932,-40.0,0.0038906379404572574,-40.0,0.003890316380670694,-40.0,-1.945408451178753,1.9448530317331503,-1.265069157950821,1.2645376413601006,-0.0038906379404572574,0.0038888942474988863,0.003890316380670694,-0.0038885725088229606,
j5_s01_pos1_tap1_dc_mcnom_dc_a0_f0_dac1p25_sweepn40p40,0.01,U105A,-3.955513121656777,3.954098084645305,-3.9200043194616563,3.9185796686530967,0.03572963340515001,5.173,3.9573771788114566e-07,2.1470000000000002,3.921750007042087e-07,1.7870000000000001,-3.9542295334179354,3.9528149552150755,-3.9185105562550766,3.917086461458528,-3.9567896616706546e-07,3.9568129982994846e-07,-3.921070684507796e-07,3.921084504542937e-07,
j5_s01_pos1_tap1_dc_mcnom_dc_a0_f0_dac1p25_sweepn40p40,0.01,U105B,-3.91961297271144,3.91818832052077,-3.8942922909350686,3.8971859682333827,0.025556035359353135,-5.224,3.9213586554482737e-07,1.7870000000000001,3.9002747524003834e-07,1.5290000000000001,-3.918119272450886,3.916695176275236,-3.8925633783292732,3.8955281984161423,-3.9206794007036057e-07,3.920693219359645e-07,-3.8951235065819923e-07,3.899526241500551e-07,
j5_s05_pos1_tap5_dc_mcnom_dc_a0_f0_dac1p25_sweepn40p40,0.2,OPA810,-5.699441026085687,5.6980094160275305,-4.856465610349157,4.856643649530593,0.8429754157365297,-40.0,7.700577646803489e-12,40.0,5.859090990156801e-12,32.858000000000004,-5.699441026085687,5.6980094160275305,-4.856465610349157,4.856643649530593,-3.700570165698084e-12,7.700577646803489e-12,-3.857442143484491e-12,5.85903547900557e-12,0.004867840067656079
j5_s05_pos1_tap5_dc_mcnom_dc_a0_f0_dac1p25_sweepn40p40,0.2,OPA836,0.8579764382997259,0.966768840497259,0.32362421049729595,1.5907239418487347,0.6239551013514757,40.0,3.152752276813754e-05,40.0,2.908500329550856e-05,40.0,0.8579764382997259,0.966768840497259,0.32362421049729595,1.5907239418487347,1.5332399034550134e-07,-3.152752276813754e-05,-9.475303786742803e-06,2.908500329550856e-05,
j5_s05_pos1_tap5_dc_mcnom_dc_a0_f0_dac1p25_sweepn40p40,0.2,U103A,-0.12119781213197438,0.12120217046178491,-0.12081643762217259,0.12081990924903892,0.0003822997501101433,5.176,1.2495515221342265e-08,5.175,1.2208563669196992e-08,5.175,-0.12119781213197438,0.12120217046178491,-0.12081643762217259,0.12081990924903892,-1.2342753134197793e-08,1.2487388296750367e-08,-1.2056496071475489e-08,1.2200465670513504e-08,
j5_s05_pos1_tap5_dc_mcnom_dc_a0_f0_dac1p25_sweepn40p40,0.2,U103B,-0.6057455053927219,0.6057622188255825,-0.3887744465570286,0.3886374659992827,0.21712475282629973,40.0,6.178935352606368e-07,40.0,5.179679207819362e-07,40.0,-0.6057455053927219,0.6057622188255825,-0.3887744465570286,0.3886374659992827,-6.160968540340718e-07,6.178935352606368e-07,5.164470346088857e-07,-5.179679207819362e-07,
j5_s05_pos1_tap5_dc_mcnom_dc_a0_f0_dac1p25_sweepn40p40,0.2,U105A,-3.915373382814597,3.913989675403557,-3.9017729652545357,3.900366843511013,0.013623692271210519,5.176,3.916417905384415e-07,40.0,3.9027950734918715e-07,40.0,-3.915373382814597,3.913989675403557,-3.9017729652545357,3.900366843511013,-3.9163625039659113e-07,3.916417905384415e-07,-3.90276208640585e-07,3.9027950734918715e-07,
j5_s05_pos1_tap5_dc_mcnom_dc_a0_f0_dac1p25_sweepn40p40,0.2,U105B,-3.9013835084661,3.8999773834307945,-3.885825064197436,3.888152516469175,0.015558691312376638,-5.227,3.902405613411653e-07,40.0,3.890580746450033e-07,40.0,-3.9013835084661,3.8999773834307945,-3.885825064197436,3.888152516469175,-3.9023726296174143e-07,3.902405613411653e-07,-3.8868141853487507e-07,3.890580746450033e-07,
j5_s06_pos100_tap0_dc_mcnom_dc_a0_f0_dac1p25_sweepn40p40,0.5,OPA810,-0.39632220429675735,0.3963221567305468,-0.3962446956083543,0.39639565168259205,7.750868840306069e-05,-40.0,2.398317573447345e-12,40.0,1.398377941219664e-12,40.0,-0.39632220429675735,0.3963221567305468,-0.3962446956083543,0.39639565168259205,1.6031221753885582e-12,2.398317573447345e-12,6.032084554075112e-13,1.398377941219664e-12,0.00039734972876902003
j5_s06_pos100_tap0_dc_mcnom_dc_a0_f0_dac1p25_sweepn40p40,0.5,OPA836,0.8577113324672804,0.9680340610362104,0.3212429111771489,1.5923638331285601,0.6243297720923497,40.0,3.1895960795054464e-05,40.0,2.9467966880791662e-05,40.0,0.8577113324672804,0.9680340610362104,0.3212429111771489,1.5923638331285601,2.3052398896312648e-07,-3.1895960795054464e-05,-9.565735795769574e-06,2.9467966880791662e-05,
j5_s06_pos100_tap0_dc_mcnom_dc_a0_f0_dac1p25_sweepn40p40,0.5,U103A,-0.3962230883945857,0.3963739256266643,-0.39494686050678945,0.39509632717860577,0.0012775984480585256,40.0,4.025159723798468e-08,40.0,3.929256399069219e-08,40.0,-0.3962230883945857,0.3963739256266643,-0.39494686050678945,0.39509632717860577,-4.009208819833053e-08,4.025159723798468e-08,-3.9134083946757076e-08,3.929256399069219e-08,
j5_s06_pos100_tap0_dc_mcnom_dc_a0_f0_dac1p25_sweepn40p40,0.5,U103B,-1.3283955449830291,1.328575299675119,-0.7032948027225735,0.7034272734601292,0.6251480262149898,40.0,0.0013899841653884275,40.0,0.0013897805679951658,40.0,-1.3283955449830291,1.328575299675119,-0.7032948027225735,0.7034272734601292,-0.0013887711053498627,0.0013899841653884275,0.0013885678271378372,-0.0013897805679951658,
j5_s06_pos100_tap0_dc_mcnom_dc_a0_f0_dac1p25_sweepn40p40,0.5,U105A,-3.9475733206979906,3.9461673344399464,-3.917999438175449,3.9165774218967164,0.029589912543229957,40.0,3.9481530141808216e-07,40.0,3.918563101637592e-07,40.0,-3.9475733206979906,3.9461673344399464,-3.917999438175449,3.9165774218967164,-3.9481192069739796e-07,3.9481530141808216e-07,-3.918545324254875e-07,3.918563101637592e-07,
j5_s06_pos100_tap0_dc_mcnom_dc_a0_f0_dac1p25_sweepn40p40,0.5,U105B,-3.917608406377042,3.9161863883243235,-3.8944592312878545,3.8972979836519004,0.02314917508918768,-40.0,3.918172068065199e-07,40.0,3.8992836633927756e-07,40.0,-3.917608406377042,3.9161863883243235,-3.8944592312878545,3.8972979836519004,-3.918154292456488e-07,3.918172068065199e-07,-3.8950051082455517e-07,3.8992836633927756e-07,
j5_s11_pos100_tap5_dc_mcnom_dc_a0_f0_dac1p25_sweepn40p40,20.0,OPA810,-0.39632220433427906,0.39632215676794086,-0.39624469722054106,0.39639565329047777,7.750711373799568e-05,-40.0,2.397223956106604e-12,40.0,1.3972885348767505e-12,40.0,-0.39632220433427906,0.39632215676794086,-0.39624469722054106,0.39639565329047777,1.6042197472349623e-12,2.397223956106604e-12,6.043082700912805e-13,1.3972885348767505e-12,0.00039730951643710856
j5_s11_pos100_tap5_dc_mcnom_dc_a0_f0_dac1p25_sweepn40p40,20.0,OPA836,0.8696694518759289,0.8696694647685751,0.8696876295653784,0.869688406229907,1.8941461331856146e-05,40.0,3.2517389756299182e-06,40.0,3.2814625513860086e-06,-40.0,0.8696694518759289,0.8696694647685751,0.8696876295653784,0.869688406229907,-3.251735221232189e-06,-3.2517389756299182e-06,-3.2814625513860086e-06,-3.281454849197275e-06,
j5_s11_pos100_tap5_dc_mcnom_dc_a0_f0_dac1p25_sweepn40p40,20.0,U103A,-0.00988870670932118,0.009892392070659907,-0.009857972155505981,0.009860770156480878,3.162191417902839e-05,40.0,1.0887317432382207e-09,40.0,1.064996738166305e-09,40.0,-0.00988870670932118,0.009892392070659907,-0.009857972155505981,0.009860770156480878,-9.436997590315652e-10,1.0887317432382207e-09,-9.206307953878432e-10,1.064996738166305e-09,
j5_s11_pos100_tap5_dc_mcnom_dc_a0_f0_dac1p25_sweepn40p40,20.0,U103B,-0.049446797621994734,0.049460908274412,-0.0491412515383363,0.049154401685041926,0.00030650658937007164,40.0,5.135002168967277e-09,40.0,4.9049410856653225e-09,40.0,-0.049446797621994734,0.049460908274412,-0.0491412515383363,0.049154401685041926,-4.988903856548977e-09,5.135002168967277e-09,-4.759563727417041e-09,4.9049410856653225e-09,
j5_s11_pos100_tap5_dc_mcnom_dc_a0_f0_dac1p25_sweepn40p40,20.0,U105A,-0.49506322448911505,0.4951957080104625,-0.4947631251016397,0.49489465030153346,0.00030105770892902006,40.0,4.960877693039129e-08,40.0,4.9578671159498396e-08,40.0,-0.49506322448911505,0.4951957080104625,-0.4947631251016397,0.49489465030153346,-4.9451153782880455e-08,4.960877693039129e-08,-4.942114384413292e-08,4.9578671159498396e-08,
j5_s11_pos100_tap5_dc_mcnom_dc_a0_f0_dac1p25_sweepn40p40,20.0,U105B,-0.4947138077219577,0.49484517572527903,-0.4944103296246758,0.49454532007782964,0.00030347809728192843,-40.0,4.957372370187295e-08,40.0,4.954373813712801e-08,40.0,-0.4947138077219577,0.49484517572527903,-0.4944103296246758,0.49454532007782964,-4.9416212106164726e-08,4.957372370187295e-08,-4.938586429643653e-08,4.954373813712801e-08,
