id,part,voltage_V,power_W,dc_limit_V
s7b_j5_s00_pos1_tap0_dc_mcnom_dc_a0_f0_dac1p25_sweepn100p100_k3e5_rp4p8_rn4p8_cplac,Cb,0.9918845807033859,,100.0
s7b_j5_s00_pos1_tap0_dc_mcnom_dc_a0_f0_dac1p25_sweepn100p100_k3e5_rp4p8_rn4p8_cplac,Ceq,5.546929635702074e-11,,100.0
s7b_j5_s00_pos1_tap0_dc_mcnom_dc_a0_f0_dac1p25_sweepn100p100_k3e5_rp4p8_rn4p8_cplac,Cs,94.45446037472239,,100.0
s7b_j5_s00_pos1_tap0_dc_mcnom_dc_a0_f0_dac1p25_sweepn100p100_k3e5_rp4p8_rn4p8_cplac,Ct1,49.50405770964831,,100.0
s7b_j5_s00_pos1_tap0_dc_mcnom_dc_a0_f0_dac1p25_sweepn100p100_k3e5_rp4p8_rn4p8_cplac,Ct2,49.50405770964831,,100.0
s7b_j5_s00_pos1_tap0_dc_mcnom_dc_a0_f0_dac1p25_sweepn100p100_k3e5_rp4p8_rn4p8_cplac,Ctrimmer,49.50405770964831,,100.0
s7b_j5_s00_pos1_tap0_dc_mcnom_dc_a0_f0_dac1p25_sweepn100p100_k3e5_rp4p8_rn4p8_cplac,Rb,0.9918845807033859,8.943954740337561e-05,100.0
s7b_j5_s00_pos1_tap0_dc_mcnom_dc_a0_f0_dac1p25_sweepn100p100_k3e5_rp4p8_rn4p8_cplac,Req,5.546929635702074e-11,3.0768428383429945e-28,100.0
s7b_j5_s00_pos1_tap0_dc_mcnom_dc_a0_f0_dac1p25_sweepn100p100_k3e5_rp4p8_rn4p8_cplac,Rs1,47.227230187361194,0.044697620664729466,100.0
s7b_j5_s00_pos1_tap0_dc_mcnom_dc_a0_f0_dac1p25_sweepn100p100_k3e5_rp4p8_rn4p8_cplac,Rs2,47.2272301873612,0.04469762066472947,100.0
s7b_j5_s00_pos1_tap0_dc_mcnom_dc_a0_f0_dac1p25_sweepn100p100_k3e5_rp4p8_rn4p8_cplac,Rt1,49.50405770964831,0.004463846502222568,100.0
s7b_j5_s00_pos1_tap0_dc_mcnom_dc_a0_f0_dac1p25_sweepn100p100_k3e5_rp4p8_rn4p8_cplac,Rt2,49.50405770964831,0.004463846502222568,100.0
s7b_j5_s00_pos1_tap0_dc_mcnom_dc_a0_f0_dac1p25_sweepn100p100_k3e5_rp4p8_rn4p8_cpldc,Cb,0.9918845807033859,,100.0
s7b_j5_s00_pos1_tap0_dc_mcnom_dc_a0_f0_dac1p25_sweepn100p100_k3e5_rp4p8_rn4p8_cpldc,Ceq,5.539767049354227e-11,,100.0
s7b_j5_s00_pos1_tap0_dc_mcnom_dc_a0_f0_dac1p25_sweepn100p100_k3e5_rp4p8_rn4p8_cpldc,Cs,94.4614785512326,,100.0
s7b_j5_s00_pos1_tap0_dc_mcnom_dc_a0_f0_dac1p25_sweepn100p100_k3e5_rp4p8_rn4p8_cpldc,Ct1,49.50405770964831,,100.0
s7b_j5_s00_pos1_tap0_dc_mcnom_dc_a0_f0_dac1p25_sweepn100p100_k3e5_rp4p8_rn4p8_cpldc,Ct2,49.50405770964831,,100.0
s7b_j5_s00_pos1_tap0_dc_mcnom_dc_a0_f0_dac1p25_sweepn100p100_k3e5_rp4p8_rn4p8_cpldc,Ctrimmer,49.50405770964831,,100.0
s7b_j5_s00_pos1_tap0_dc_mcnom_dc_a0_f0_dac1p25_sweepn100p100_k3e5_rp4p8_rn4p8_cpldc,Rb,0.9918845807033859,8.943954740337561e-05,100.0
s7b_j5_s00_pos1_tap0_dc_mcnom_dc_a0_f0_dac1p25_sweepn100p100_k3e5_rp4p8_rn4p8_cpldc,Req,5.539767049354227e-11,3.0689018961110844e-28,100.0
s7b_j5_s00_pos1_tap0_dc_mcnom_dc_a0_f0_dac1p25_sweepn100p100_k3e5_rp4p8_rn4p8_cpldc,Rs1,47.2307392756163,0.04470426317677844,100.0
s7b_j5_s00_pos1_tap0_dc_mcnom_dc_a0_f0_dac1p25_sweepn100p100_k3e5_rp4p8_rn4p8_cpldc,Rs2,47.2307392756163,0.04470426317677844,100.0
s7b_j5_s00_pos1_tap0_dc_mcnom_dc_a0_f0_dac1p25_sweepn100p100_k3e5_rp4p8_rn4p8_cpldc,Rt1,49.50405770964831,0.004463846502222568,100.0
s7b_j5_s00_pos1_tap0_dc_mcnom_dc_a0_f0_dac1p25_sweepn100p100_k3e5_rp4p8_rn4p8_cpldc,Rt2,49.50405770964831,0.004463846502222568,100.0
s7b_j5_s00_pos1_tap0_dc_mcnom_dc_a0_f0_dac1p25_sweepn100p100_k3e5_rp4p8_rn5_cplac,Cb,0.9918845807033881,,100.0
s7b_j5_s00_pos1_tap0_dc_mcnom_dc_a0_f0_dac1p25_sweepn100p100_k3e5_rp4p8_rn5_cplac,Ceq,5.746051315798326e-11,,100.0
s7b_j5_s00_pos1_tap0_dc_mcnom_dc_a0_f0_dac1p25_sweepn100p100_k3e5_rp4p8_rn5_cplac,Cs,94.45445984417766,,100.0
s7b_j5_s00_pos1_tap0_dc_mcnom_dc_a0_f0_dac1p25_sweepn100p100_k3e5_rp4p8_rn5_cplac,Ct1,49.50405770964831,,100.0
s7b_j5_s00_pos1_tap0_dc_mcnom_dc_a0_f0_dac1p25_sweepn100p100_k3e5_rp4p8_rn5_cplac,Ct2,49.50405770964831,,100.0
s7b_j5_s00_pos1_tap0_dc_mcnom_dc_a0_f0_dac1p25_sweepn100p100_k3e5_rp4p8_rn5_cplac,Ctrimmer,49.50405770964831,,100.0
s7b_j5_s00_pos1_tap0_dc_mcnom_dc_a0_f0_dac1p25_sweepn100p100_k3e5_rp4p8_rn5_cplac,Rb,0.9918845807033881,8.943954740337601e-05,100.0
s7b_j5_s00_pos1_tap0_dc_mcnom_dc_a0_f0_dac1p25_sweepn100p100_k3e5_rp4p8_rn5_cplac,Req,5.746051315798326e-11,3.3017105723787673e-28,100.0
s7b_j5_s00_pos1_tap0_dc_mcnom_dc_a0_f0_dac1p25_sweepn100p100_k3e5_rp4p8_rn5_cplac,Rs1,47.22722992208883,0.04469762016260205,100.0
s7b_j5_s00_pos1_tap0_dc_mcnom_dc_a0_f0_dac1p25_sweepn100p100_k3e5_rp4p8_rn5_cplac,Rs2,47.227229922088824,0.04469762016260204,100.0
s7b_j5_s00_pos1_tap0_dc_mcnom_dc_a0_f0_dac1p25_sweepn100p100_k3e5_rp4p8_rn5_cplac,Rt1,49.50405770964831,0.004463846502222568,100.0
s7b_j5_s00_pos1_tap0_dc_mcnom_dc_a0_f0_dac1p25_sweepn100p100_k3e5_rp4p8_rn5_cplac,Rt2,49.50405770964831,0.004463846502222568,100.0
s7b_j5_s00_pos1_tap0_dc_mcnom_dc_a0_f0_dac1p25_sweepn100p100_k3e5_rp4p8_rn5_cpldc,Cb,0.991884580703388,,100.0
s7b_j5_s00_pos1_tap0_dc_mcnom_dc_a0_f0_dac1p25_sweepn100p100_k3e5_rp4p8_rn5_cpldc,Ceq,5.738494976941955e-11,,100.0
s7b_j5_s00_pos1_tap0_dc_mcnom_dc_a0_f0_dac1p25_sweepn100p100_k3e5_rp4p8_rn5_cpldc,Cs,94.46147862204118,,100.0
s7b_j5_s00_pos1_tap0_dc_mcnom_dc_a0_f0_dac1p25_sweepn100p100_k3e5_rp4p8_rn5_cpldc,Ct1,49.50405770964831,,100.0
s7b_j5_s00_pos1_tap0_dc_mcnom_dc_a0_f0_dac1p25_sweepn100p100_k3e5_rp4p8_rn5_cpldc,Ct2,49.50405770964831,,100.0
s7b_j5_s00_pos1_tap0_dc_mcnom_dc_a0_f0_dac1p25_sweepn100p100_k3e5_rp4p8_rn5_cpldc,Ctrimmer,49.50405770964831,,100.0
s7b_j5_s00_pos1_tap0_dc_mcnom_dc_a0_f0_dac1p25_sweepn100p100_k3e5_rp4p8_rn5_cpldc,Rb,0.991884580703388,8.943954740337599e-05,100.0
s7b_j5_s00_pos1_tap0_dc_mcnom_dc_a0_f0_dac1p25_sweepn100p100_k3e5_rp4p8_rn5_cpldc,Req,5.738494976941955e-11,3.2930324600388042e-28,100.0
s7b_j5_s00_pos1_tap0_dc_mcnom_dc_a0_f0_dac1p25_sweepn100p100_k3e5_rp4p8_rn5_cpldc,Rs1,47.23073931102059,0.044704263243799315,100.0
s7b_j5_s00_pos1_tap0_dc_mcnom_dc_a0_f0_dac1p25_sweepn100p100_k3e5_rp4p8_rn5_cpldc,Rs2,47.23073931102059,0.044704263243799315,100.0
s7b_j5_s00_pos1_tap0_dc_mcnom_dc_a0_f0_dac1p25_sweepn100p100_k3e5_rp4p8_rn5_cpldc,Rt1,49.50405770964831,0.004463846502222568,100.0
s7b_j5_s00_pos1_tap0_dc_mcnom_dc_a0_f0_dac1p25_sweepn100p100_k3e5_rp4p8_rn5_cpldc,Rt2,49.50405770964831,0.004463846502222568,100.0
s7b_j5_s00_pos1_tap0_dc_mcnom_dc_a0_f0_dac1p25_sweepn100p100_k3e5_rp5_rn4p8_cplac,Cb,0.9918845807033881,,100.0
s7b_j5_s00_pos1_tap0_dc_mcnom_dc_a0_f0_dac1p25_sweepn100p100_k3e5_rp5_rn4p8_cplac,Ceq,5.74460737598468e-11,,100.0
s7b_j5_s00_pos1_tap0_dc_mcnom_dc_a0_f0_dac1p25_sweepn100p100_k3e5_rp5_rn4p8_cplac,Cs,94.45307537034527,,100.0
s7b_j5_s00_pos1_tap0_dc_mcnom_dc_a0_f0_dac1p25_sweepn100p100_k3e5_rp5_rn4p8_cplac,Ct1,49.50405770964831,,100.0
s7b_j5_s00_pos1_tap0_dc_mcnom_dc_a0_f0_dac1p25_sweepn100p100_k3e5_rp5_rn4p8_cplac,Ct2,49.50405770964831,,100.0
s7b_j5_s00_pos1_tap0_dc_mcnom_dc_a0_f0_dac1p25_sweepn100p100_k3e5_rp5_rn4p8_cplac,Ctrimmer,49.50405770964831,,100.0
s7b_j5_s00_pos1_tap0_dc_mcnom_dc_a0_f0_dac1p25_sweepn100p100_k3e5_rp5_rn4p8_cplac,Rb,0.9918845807033881,8.943954740337601e-05,100.0
s7b_j5_s00_pos1_tap0_dc_mcnom_dc_a0_f0_dac1p25_sweepn100p100_k3e5_rp5_rn4p8_cplac,Req,5.74460737598468e-11,3.300051390421759e-28,100.0
s7b_j5_s00_pos1_tap0_dc_mcnom_dc_a0_f0_dac1p25_sweepn100p100_k3e5_rp5_rn4p8_cplac,Rs1,47.22653768517264,0.044696309854289205,100.0
s7b_j5_s00_pos1_tap0_dc_mcnom_dc_a0_f0_dac1p25_sweepn100p100_k3e5_rp5_rn4p8_cplac,Rs2,47.22653768517264,0.044696309854289205,100.0
s7b_j5_s00_pos1_tap0_dc_mcnom_dc_a0_f0_dac1p25_sweepn100p100_k3e5_rp5_rn4p8_cplac,Rt1,49.50405770964831,0.004463846502222568,100.0
s7b_j5_s00_pos1_tap0_dc_mcnom_dc_a0_f0_dac1p25_sweepn100p100_k3e5_rp5_rn4p8_cplac,Rt2,49.50405770964831,0.004463846502222568,100.0
s7b_j5_s00_pos1_tap0_dc_mcnom_dc_a0_f0_dac1p25_sweepn100p100_k3e5_rp5_rn4p8_cpldc,Cb,0.991884580703388,,100.0
s7b_j5_s00_pos1_tap0_dc_mcnom_dc_a0_f0_dac1p25_sweepn100p100_k3e5_rp5_rn4p8_cpldc,Ceq,5.7371967408223516e-11,,100.0
s7b_j5_s00_pos1_tap0_dc_mcnom_dc_a0_f0_dac1p25_sweepn100p100_k3e5_rp5_rn4p8_cpldc,Cs,94.46023886068474,,100.0
s7b_j5_s00_pos1_tap0_dc_mcnom_dc_a0_f0_dac1p25_sweepn100p100_k3e5_rp5_rn4p8_cpldc,Ct1,49.50405770964831,,100.0
s7b_j5_s00_pos1_tap0_dc_mcnom_dc_a0_f0_dac1p25_sweepn100p100_k3e5_rp5_rn4p8_cpldc,Ct2,49.50405770964831,,100.0
s7b_j5_s00_pos1_tap0_dc_mcnom_dc_a0_f0_dac1p25_sweepn100p100_k3e5_rp5_rn4p8_cpldc,Ctrimmer,49.50405770964831,,100.0
s7b_j5_s00_pos1_tap0_dc_mcnom_dc_a0_f0_dac1p25_sweepn100p100_k3e5_rp5_rn4p8_cpldc,Rb,0.991884580703388,8.943954740337599e-05,100.0
s7b_j5_s00_pos1_tap0_dc_mcnom_dc_a0_f0_dac1p25_sweepn100p100_k3e5_rp5_rn4p8_cpldc,Req,5.7371967408223516e-11,3.2915426442902615e-28,100.0
s7b_j5_s00_pos1_tap0_dc_mcnom_dc_a0_f0_dac1p25_sweepn100p100_k3e5_rp5_rn4p8_cpldc,Rs1,47.23011943034238,0.0447030898077035,100.0
s7b_j5_s00_pos1_tap0_dc_mcnom_dc_a0_f0_dac1p25_sweepn100p100_k3e5_rp5_rn4p8_cpldc,Rs2,47.23011943034237,0.04470308980770348,100.0
s7b_j5_s00_pos1_tap0_dc_mcnom_dc_a0_f0_dac1p25_sweepn100p100_k3e5_rp5_rn4p8_cpldc,Rt1,49.50405770964831,0.004463846502222568,100.0
s7b_j5_s00_pos1_tap0_dc_mcnom_dc_a0_f0_dac1p25_sweepn100p100_k3e5_rp5_rn4p8_cpldc,Rt2,49.50405770964831,0.004463846502222568,100.0
s7b_j5_s00_pos1_tap0_dc_mcnom_dc_a0_f0_dac1p25_sweepn100p100_k3e5_rp5_rn5_cplac,Cb,0.9918845807033881,,100.0
s7b_j5_s00_pos1_tap0_dc_mcnom_dc_a0_f0_dac1p25_sweepn100p100_k3e5_rp5_rn5_cplac,Ceq,5.7460518568664444e-11,,100.0
s7b_j5_s00_pos1_tap0_dc_mcnom_dc_a0_f0_dac1p25_sweepn100p100_k3e5_rp5_rn5_cplac,Cs,94.25539783779955,,100.0
s7b_j5_s00_pos1_tap0_dc_mcnom_dc_a0_f0_dac1p25_sweepn100p100_k3e5_rp5_rn5_cplac,Ct1,49.50405770964831,,100.0
s7b_j5_s00_pos1_tap0_dc_mcnom_dc_a0_f0_dac1p25_sweepn100p100_k3e5_rp5_rn5_cplac,Ct2,49.50405770964831,,100.0
s7b_j5_s00_pos1_tap0_dc_mcnom_dc_a0_f0_dac1p25_sweepn100p100_k3e5_rp5_rn5_cplac,Ctrimmer,49.50405770964831,,100.0
s7b_j5_s00_pos1_tap0_dc_mcnom_dc_a0_f0_dac1p25_sweepn100p100_k3e5_rp5_rn5_cplac,Rb,0.9918845807033881,8.943954740337601e-05,100.0
s7b_j5_s00_pos1_tap0_dc_mcnom_dc_a0_f0_dac1p25_sweepn100p100_k3e5_rp5_rn5_cplac,Req,5.7460518568664444e-11,3.3017111941798316e-28,100.0
s7b_j5_s00_pos1_tap0_dc_mcnom_dc_a0_f0_dac1p25_sweepn100p100_k3e5_rp5_rn5_cplac,Rs1,47.127698918899775,0.04450941894570074,100.0
s7b_j5_s00_pos1_tap0_dc_mcnom_dc_a0_f0_dac1p25_sweepn100p100_k3e5_rp5_rn5_cplac,Rs2,47.12769891889977,0.04450941894570073,100.0
s7b_j5_s00_pos1_tap0_dc_mcnom_dc_a0_f0_dac1p25_sweepn100p100_k3e5_rp5_rn5_cplac,Rt1,49.50405770964831,0.004463846502222568,100.0
s7b_j5_s00_pos1_tap0_dc_mcnom_dc_a0_f0_dac1p25_sweepn100p100_k3e5_rp5_rn5_cplac,Rt2,49.50405770964831,0.004463846502222568,100.0
s7b_j5_s00_pos1_tap0_dc_mcnom_dc_a0_f0_dac1p25_sweepn100p100_k3e5_rp5_rn5_cpldc,Cb,0.991884580703388,,100.0
s7b_j5_s00_pos1_tap0_dc_mcnom_dc_a0_f0_dac1p25_sweepn100p100_k3e5_rp5_rn5_cpldc,Ceq,5.7384945931811494e-11,,100.0
s7b_j5_s00_pos1_tap0_dc_mcnom_dc_a0_f0_dac1p25_sweepn100p100_k3e5_rp5_rn5_cpldc,Cs,94.26280906966257,,100.0
s7b_j5_s00_pos1_tap0_dc_mcnom_dc_a0_f0_dac1p25_sweepn100p100_k3e5_rp5_rn5_cpldc,Ct1,49.50405770964831,,100.0
s7b_j5_s00_pos1_tap0_dc_mcnom_dc_a0_f0_dac1p25_sweepn100p100_k3e5_rp5_rn5_cpldc,Ct2,49.50405770964831,,100.0
s7b_j5_s00_pos1_tap0_dc_mcnom_dc_a0_f0_dac1p25_sweepn100p100_k3e5_rp5_rn5_cpldc,Ctrimmer,49.50405770964831,,100.0
s7b_j5_s00_pos1_tap0_dc_mcnom_dc_a0_f0_dac1p25_sweepn100p100_k3e5_rp5_rn5_cpldc,Rb,0.991884580703388,8.943954740337599e-05,100.0
s7b_j5_s00_pos1_tap0_dc_mcnom_dc_a0_f0_dac1p25_sweepn100p100_k3e5_rp5_rn5_cpldc,Req,5.7384945931811494e-11,3.2930320195969283e-28,100.0
s7b_j5_s00_pos1_tap0_dc_mcnom_dc_a0_f0_dac1p25_sweepn100p100_k3e5_rp5_rn5_cpldc,Rs1,47.13140453483128,0.04451641870593016,100.0
s7b_j5_s00_pos1_tap0_dc_mcnom_dc_a0_f0_dac1p25_sweepn100p100_k3e5_rp5_rn5_cpldc,Rs2,47.13140453483128,0.04451641870593016,100.0
s7b_j5_s00_pos1_tap0_dc_mcnom_dc_a0_f0_dac1p25_sweepn100p100_k3e5_rp5_rn5_cpldc,Rt1,49.50405770964831,0.004463846502222568,100.0
s7b_j5_s00_pos1_tap0_dc_mcnom_dc_a0_f0_dac1p25_sweepn100p100_k3e5_rp5_rn5_cpldc,Rt2,49.50405770964831,0.004463846502222568,100.0
s7b_j5_s00_pos1_tap0_dc_mcnom_dc_a0_f0_dac1p25_sweepn40p40_k3_rp4p8_rn4p8_cpldc,Cb,0.39675383228139005,,40.0
s7b_j5_s00_pos1_tap0_dc_mcnom_dc_a0_f0_dac1p25_sweepn40p40_k3_rp4p8_rn4p8_cpldc,Ceq,5.496468064890567e-11,,40.0
s7b_j5_s00_pos1_tap0_dc_mcnom_dc_a0_f0_dac1p25_sweepn40p40_k3_rp4p8_rn4p8_cpldc,Cs,34.5047766640548,,40.0
s7b_j5_s00_pos1_tap0_dc_mcnom_dc_a0_f0_dac1p25_sweepn40p40_k3_rp4p8_rn4p8_cpldc,Ct1,19.801623083859305,,40.0
s7b_j5_s00_pos1_tap0_dc_mcnom_dc_a0_f0_dac1p25_sweepn40p40_k3_rp4p8_rn4p8_cpldc,Ct2,19.801623083859305,,40.0
s7b_j5_s00_pos1_tap0_dc_mcnom_dc_a0_f0_dac1p25_sweepn40p40_k3_rp4p8_rn4p8_cpldc,Ctrimmer,19.801623083859305,,40.0
s7b_j5_s00_pos1_tap0_dc_mcnom_dc_a0_f0_dac1p25_sweepn40p40_k3_rp4p8_rn4p8_cpldc,Rb,0.39675383228139005,1.4310327584542671e-05,40.0
s7b_j5_s00_pos1_tap0_dc_mcnom_dc_a0_f0_dac1p25_sweepn40p40_k3_rp4p8_rn4p8_cpldc,Req,5.496468064890567e-11,3.0211161188361853e-28,40.0
s7b_j5_s00_pos1_tap0_dc_mcnom_dc_a0_f0_dac1p25_sweepn40p40_k3_rp4p8_rn4p8_cpldc,Rs1,17.2523883320274,0.0059648277186187424,40.0
s7b_j5_s00_pos1_tap0_dc_mcnom_dc_a0_f0_dac1p25_sweepn40p40_k3_rp4p8_rn4p8_cpldc,Rs2,17.252388332027405,0.005964827718618744,40.0
s7b_j5_s00_pos1_tap0_dc_mcnom_dc_a0_f0_dac1p25_sweepn40p40_k3_rp4p8_rn4p8_cpldc,Rt1,19.801623083859305,0.0007142154403556095,40.0
s7b_j5_s00_pos1_tap0_dc_mcnom_dc_a0_f0_dac1p25_sweepn40p40_k3_rp4p8_rn4p8_cpldc,Rt2,19.801623083859305,0.0007142154403556095,40.0
s7b_j5_s00_pos1_tap0_dc_mcnom_dc_a0_f0_dac1p25_sweepn40p40_k3_rp4p8_rn5_cpldc,Cb,0.3967538322813922,,40.0
s7b_j5_s00_pos1_tap0_dc_mcnom_dc_a0_f0_dac1p25_sweepn40p40_k3_rp4p8_rn5_cpldc,Ceq,5.6950767668137075e-11,,40.0
s7b_j5_s00_pos1_tap0_dc_mcnom_dc_a0_f0_dac1p25_sweepn40p40_k3_rp4p8_rn5_cpldc,Cs,34.50477673483673,,40.0
s7b_j5_s00_pos1_tap0_dc_mcnom_dc_a0_f0_dac1p25_sweepn40p40_k3_rp4p8_rn5_cpldc,Ct1,19.801623083859305,,40.0
s7b_j5_s00_pos1_tap0_dc_mcnom_dc_a0_f0_dac1p25_sweepn40p40_k3_rp4p8_rn5_cpldc,Ct2,19.801623083859305,,40.0
s7b_j5_s00_pos1_tap0_dc_mcnom_dc_a0_f0_dac1p25_sweepn40p40_k3_rp4p8_rn5_cpldc,Ctrimmer,19.801623083859305,,40.0
s7b_j5_s00_pos1_tap0_dc_mcnom_dc_a0_f0_dac1p25_sweepn40p40_k3_rp4p8_rn5_cpldc,Rb,0.3967538322813922,1.4310327584542827e-05,40.0
s7b_j5_s00_pos1_tap0_dc_mcnom_dc_a0_f0_dac1p25_sweepn40p40_k3_rp4p8_rn5_cpldc,Req,5.6950767668137075e-11,3.2433899379901274e-28,40.0
s7b_j5_s00_pos1_tap0_dc_mcnom_dc_a0_f0_dac1p25_sweepn40p40_k3_rp4p8_rn5_cpldc,Rs1,17.252388367418366,0.005964827743090833,40.0
s7b_j5_s00_pos1_tap0_dc_mcnom_dc_a0_f0_dac1p25_sweepn40p40_k3_rp4p8_rn5_cpldc,Rs2,17.252388367418362,0.005964827743090831,40.0
s7b_j5_s00_pos1_tap0_dc_mcnom_dc_a0_f0_dac1p25_sweepn40p40_k3_rp4p8_rn5_cpldc,Rt1,19.801623083859305,0.0007142154403556095,40.0
s7b_j5_s00_pos1_tap0_dc_mcnom_dc_a0_f0_dac1p25_sweepn40p40_k3_rp4p8_rn5_cpldc,Rt2,19.801623083859305,0.0007142154403556095,40.0
s7b_j5_s00_pos1_tap0_dc_mcnom_dc_a0_f0_dac1p25_sweepn40p40_k3_rp5_rn4p8_cpldc,Cb,0.3967538322813922,,40.0
s7b_j5_s00_pos1_tap0_dc_mcnom_dc_a0_f0_dac1p25_sweepn40p40_k3_rp5_rn4p8_cpldc,Ceq,5.693779399409045e-11,,40.0
s7b_j5_s00_pos1_tap0_dc_mcnom_dc_a0_f0_dac1p25_sweepn40p40_k3_rp5_rn4p8_cpldc,Cs,34.50353780162496,,40.0
s7b_j5_s00_pos1_tap0_dc_mcnom_dc_a0_f0_dac1p25_sweepn40p40_k3_rp5_rn4p8_cpldc,Ct1,19.801623083859305,,40.0
s7b_j5_s00_pos1_tap0_dc_mcnom_dc_a0_f0_dac1p25_sweepn40p40_k3_rp5_rn4p8_cpldc,Ct2,19.801623083859305,,40.0
s7b_j5_s00_pos1_tap0_dc_mcnom_dc_a0_f0_dac1p25_sweepn40p40_k3_rp5_rn4p8_cpldc,Ctrimmer,19.801623083859305,,40.0
s7b_j5_s00_pos1_tap0_dc_mcnom_dc_a0_f0_dac1p25_sweepn40p40_k3_rp5_rn4p8_cpldc,Rb,0.3967538322813922,1.4310327584542827e-05,40.0
s7b_j5_s00_pos1_tap0_dc_mcnom_dc_a0_f0_dac1p25_sweepn40p40_k3_rp5_rn4p8_cpldc,Req,5.693779399409045e-11,3.2419123849134827e-28,40.0
s7b_j5_s00_pos1_tap0_dc_mcnom_dc_a0_f0_dac1p25_sweepn40p40_k3_rp5_rn4p8_cpldc,Rs1,17.25176890081248,0.005964399402946706,40.0
s7b_j5_s00_pos1_tap0_dc_mcnom_dc_a0_f0_dac1p25_sweepn40p40_k3_rp5_rn4p8_cpldc,Rs2,17.25176890081248,0.005964399402946706,40.0
s7b_j5_s00_pos1_tap0_dc_mcnom_dc_a0_f0_dac1p25_sweepn40p40_k3_rp5_rn4p8_cpldc,Rt1,19.801623083859305,0.0007142154403556095,40.0
s7b_j5_s00_pos1_tap0_dc_mcnom_dc_a0_f0_dac1p25_sweepn40p40_k3_rp5_rn4p8_cpldc,Rt2,19.801623083859305,0.0007142154403556095,40.0
s7b_j5_s00_pos1_tap0_dc_mcnom_dc_a0_f0_dac1p25_sweepn40p40_k3_rp5_rn5_cpldc,Cb,0.3967538322813922,,40.0
s7b_j5_s00_pos1_tap0_dc_mcnom_dc_a0_f0_dac1p25_sweepn40p40_k3_rp5_rn5_cpldc,Ceq,5.695076383284946e-11,,40.0
s7b_j5_s00_pos1_tap0_dc_mcnom_dc_a0_f0_dac1p25_sweepn40p40_k3_rp5_rn5_cpldc,Cs,34.30622636762754,,40.0
s7b_j5_s00_pos1_tap0_dc_mcnom_dc_a0_f0_dac1p25_sweepn40p40_k3_rp5_rn5_cpldc,Ct1,19.801623083859305,,40.0
s7b_j5_s00_pos1_tap0_dc_mcnom_dc_a0_f0_dac1p25_sweepn40p40_k3_rp5_rn5_cpldc,Ct2,19.801623083859305,,40.0
s7b_j5_s00_pos1_tap0_dc_mcnom_dc_a0_f0_dac1p25_sweepn40p40_k3_rp5_rn5_cpldc,Ctrimmer,19.801623083859305,,40.0
s7b_j5_s00_pos1_tap0_dc_mcnom_dc_a0_f0_dac1p25_sweepn40p40_k3_rp5_rn5_cpldc,Rb,0.3967538322813922,1.4310327584542827e-05,40.0
s7b_j5_s00_pos1_tap0_dc_mcnom_dc_a0_f0_dac1p25_sweepn40p40_k3_rp5_rn5_cpldc,Req,5.695076383284946e-11,3.243389501144994e-28,40.0
s7b_j5_s00_pos1_tap0_dc_mcnom_dc_a0_f0_dac1p25_sweepn40p40_k3_rp5_rn5_cpldc,Rs1,17.15311318381377,0.0058963785951247644,40.0
s7b_j5_s00_pos1_tap0_dc_mcnom_dc_a0_f0_dac1p25_sweepn40p40_k3_rp5_rn5_cpldc,Rs2,17.153113183813772,0.005896378595124766,40.0
s7b_j5_s00_pos1_tap0_dc_mcnom_dc_a0_f0_dac1p25_sweepn40p40_k3_rp5_rn5_cpldc,Rt1,19.801623083859305,0.0007142154403556095,40.0
s7b_j5_s00_pos1_tap0_dc_mcnom_dc_a0_f0_dac1p25_sweepn40p40_k3_rp5_rn5_cpldc,Rt2,19.801623083859305,0.0007142154403556095,40.0
s7b_j5_s01_pos1_tap1_dc_mcnom_dc_a0_f0_dac1p25_sweepn40p40_k3_rp4p8_rn4p8_cpldc,Cb,0.3967538322813901,,40.0
s7b_j5_s01_pos1_tap1_dc_mcnom_dc_a0_f0_dac1p25_sweepn40p40_k3_rp4p8_rn4p8_cpldc,Ceq,5.497998606666023e-11,,40.0
s7b_j5_s01_pos1_tap1_dc_mcnom_dc_a0_f0_dac1p25_sweepn40p40_k3_rp4p8_rn4p8_cpldc,Cs,34.50337646017531,,40.0
s7b_j5_s01_pos1_tap1_dc_mcnom_dc_a0_f0_dac1p25_sweepn40p40_k3_rp4p8_rn4p8_cpldc,Ct1,19.801623083859305,,40.0
s7b_j5_s01_pos1_tap1_dc_mcnom_dc_a0_f0_dac1p25_sweepn40p40_k3_rp4p8_rn4p8_cpldc,Ct2,19.801623083859305,,40.0
s7b_j5_s01_pos1_tap1_dc_mcnom_dc_a0_f0_dac1p25_sweepn40p40_k3_rp4p8_rn4p8_cpldc,Ctrimmer,19.801623083859305,,40.0
s7b_j5_s01_pos1_tap1_dc_mcnom_dc_a0_f0_dac1p25_sweepn40p40_k3_rp4p8_rn4p8_cpldc,Rb,0.3967538322813901,1.4310327584542676e-05,40.0
s7b_j5_s01_pos1_tap1_dc_mcnom_dc_a0_f0_dac1p25_sweepn40p40_k3_rp4p8_rn4p8_cpldc,Req,5.497998606666023e-11,3.022798867890153e-28,40.0
s7b_j5_s01_pos1_tap1_dc_mcnom_dc_a0_f0_dac1p25_sweepn40p40_k3_rp4p8_rn4p8_cpldc,Rs1,17.251688230087655,0.005964343623008916,40.0
s7b_j5_s01_pos1_tap1_dc_mcnom_dc_a0_f0_dac1p25_sweepn40p40_k3_rp4p8_rn4p8_cpldc,Rs2,17.25168823008765,0.005964343623008914,40.0
s7b_j5_s01_pos1_tap1_dc_mcnom_dc_a0_f0_dac1p25_sweepn40p40_k3_rp4p8_rn4p8_cpldc,Rt1,19.801623083859305,0.0007142154403556095,40.0
s7b_j5_s01_pos1_tap1_dc_mcnom_dc_a0_f0_dac1p25_sweepn40p40_k3_rp4p8_rn4p8_cpldc,Rt2,19.801623083859305,0.0007142154403556095,40.0
s7b_j5_s01_pos1_tap1_dc_mcnom_dc_a0_f0_dac1p25_sweepn40p40_k3_rp4p8_rn5_cpldc,Cb,0.39675383228139227,,40.0
s7b_j5_s01_pos1_tap1_dc_mcnom_dc_a0_f0_dac1p25_sweepn40p40_k3_rp4p8_rn5_cpldc,Ceq,5.6966792580582925e-11,,40.0
s7b_j5_s01_pos1_tap1_dc_mcnom_dc_a0_f0_dac1p25_sweepn40p40_k3_rp4p8_rn5_cpldc,Cs,34.503376291230865,,40.0
s7b_j5_s01_pos1_tap1_dc_mcnom_dc_a0_f0_dac1p25_sweepn40p40_k3_rp4p8_rn5_cpldc,Ct1,19.801623083859305,,40.0
s7b_j5_s01_pos1_tap1_dc_mcnom_dc_a0_f0_dac1p25_sweepn40p40_k3_rp4p8_rn5_cpldc,Ct2,19.801623083859305,,40.0
s7b_j5_s01_pos1_tap1_dc_mcnom_dc_a0_f0_dac1p25_sweepn40p40_k3_rp4p8_rn5_cpldc,Ctrimmer,19.801623083859305,,40.0
s7b_j5_s01_pos1_tap1_dc_mcnom_dc_a0_f0_dac1p25_sweepn40p40_k3_rp4p8_rn5_cpldc,Rb,0.39675383228139227,1.4310327584542832e-05,40.0
s7b_j5_s01_pos1_tap1_dc_mcnom_dc_a0_f0_dac1p25_sweepn40p40_k3_rp4p8_rn5_cpldc,Req,5.6966792580582925e-11,3.2452154569191578e-28,40.0
s7b_j5_s01_pos1_tap1_dc_mcnom_dc_a0_f0_dac1p25_sweepn40p40_k3_rp4p8_rn5_cpldc,Rs1,17.251688145615432,0.005964343564600561,40.0
s7b_j5_s01_pos1_tap1_dc_mcnom_dc_a0_f0_dac1p25_sweepn40p40_k3_rp4p8_rn5_cpldc,Rs2,17.251688145615432,0.005964343564600561,40.0
s7b_j5_s01_pos1_tap1_dc_mcnom_dc_a0_f0_dac1p25_sweepn40p40_k3_rp4p8_rn5_cpldc,Rt1,19.801623083859305,0.0007142154403556095,40.0
s7b_j5_s01_pos1_tap1_dc_mcnom_dc_a0_f0_dac1p25_sweepn40p40_k3_rp4p8_rn5_cpldc,Rt2,19.801623083859305,0.0007142154403556095,40.0
s7b_j5_s01_pos1_tap1_dc_mcnom_dc_a0_f0_dac1p25_sweepn40p40_k3_rp5_rn4p8_cpldc,Cb,0.3967538322813922,,40.0
s7b_j5_s01_pos1_tap1_dc_mcnom_dc_a0_f0_dac1p25_sweepn40p40_k3_rp5_rn4p8_cpldc,Ceq,5.6952501749547525e-11,,40.0
s7b_j5_s01_pos1_tap1_dc_mcnom_dc_a0_f0_dac1p25_sweepn40p40_k3_rp5_rn4p8_cpldc,Cs,34.502006704557644,,40.0
s7b_j5_s01_pos1_tap1_dc_mcnom_dc_a0_f0_dac1p25_sweepn40p40_k3_rp5_rn4p8_cpldc,Ct1,19.801623083859305,,40.0
s7b_j5_s01_pos1_tap1_dc_mcnom_dc_a0_f0_dac1p25_sweepn40p40_k3_rp5_rn4p8_cpldc,Ct2,19.801623083859305,,40.0
s7b_j5_s01_pos1_tap1_dc_mcnom_dc_a0_f0_dac1p25_sweepn40p40_k3_rp5_rn4p8_cpldc,Ctrimmer,19.801623083859305,,40.0
s7b_j5_s01_pos1_tap1_dc_mcnom_dc_a0_f0_dac1p25_sweepn40p40_k3_rp5_rn4p8_cpldc,Rb,0.3967538322813922,1.4310327584542827e-05,40.0
s7b_j5_s01_pos1_tap1_dc_mcnom_dc_a0_f0_dac1p25_sweepn40p40_k3_rp5_rn4p8_cpldc,Req,5.6952501749547525e-11,3.243587455532214e-28,40.0
s7b_j5_s01_pos1_tap1_dc_mcnom_dc_a0_f0_dac1p25_sweepn40p40_k3_rp5_rn4p8_cpldc,Rs1,17.251003352278822,0.00596387007335341,40.0
s7b_j5_s01_pos1_tap1_dc_mcnom_dc_a0_f0_dac1p25_sweepn40p40_k3_rp5_rn4p8_cpldc,Rs2,17.251003352278822,0.00596387007335341,40.0
s7b_j5_s01_pos1_tap1_dc_mcnom_dc_a0_f0_dac1p25_sweepn40p40_k3_rp5_rn4p8_cpldc,Rt1,19.801623083859305,0.0007142154403556095,40.0
s7b_j5_s01_pos1_tap1_dc_mcnom_dc_a0_f0_dac1p25_sweepn40p40_k3_rp5_rn4p8_cpldc,Rt2,19.801623083859305,0.0007142154403556095,40.0
s7b_j5_s01_pos1_tap1_dc_mcnom_dc_a0_f0_dac1p25_sweepn40p40_k3_rp5_rn5_cpldc,Cb,0.39675383228139227,,40.0
s7b_j5_s01_pos1_tap1_dc_mcnom_dc_a0_f0_dac1p25_sweepn40p40_k3_rp5_rn5_cpldc,Ceq,5.696679432375678e-11,,40.0
s7b_j5_s01_pos1_tap1_dc_mcnom_dc_a0_f0_dac1p25_sweepn40p40_k3_rp5_rn5_cpldc,Cs,34.30475535847408,,40.0
s7b_j5_s01_pos1_tap1_dc_mcnom_dc_a0_f0_dac1p25_sweepn40p40_k3_rp5_rn5_cpldc,Ct1,19.801623083859305,,40.0
s7b_j5_s01_pos1_tap1_dc_mcnom_dc_a0_f0_dac1p25_sweepn40p40_k3_rp5_rn5_cpldc,Ct2,19.801623083859305,,40.0
s7b_j5_s01_pos1_tap1_dc_mcnom_dc_a0_f0_dac1p25_sweepn40p40_k3_rp5_rn5_cpldc,Ctrimmer,19.801623083859305,,40.0
s7b_j5_s01_pos1_tap1_dc_mcnom_dc_a0_f0_dac1p25_sweepn40p40_k3_rp5_rn5_cpldc,Rb,0.39675383228139227,1.4310327584542832e-05,40.0
s7b_j5_s01_pos1_tap1_dc_mcnom_dc_a0_f0_dac1p25_sweepn40p40_k3_rp5_rn5_cpldc,Req,5.696679432375678e-11,3.245215655525208e-28,40.0
s7b_j5_s01_pos1_tap1_dc_mcnom_dc_a0_f0_dac1p25_sweepn40p40_k3_rp5_rn5_cpldc,Rs1,17.15237767923704,0.005895872946917616,40.0
s7b_j5_s01_pos1_tap1_dc_mcnom_dc_a0_f0_dac1p25_sweepn40p40_k3_rp5_rn5_cpldc,Rs2,17.15237767923704,0.005895872946917616,40.0
s7b_j5_s01_pos1_tap1_dc_mcnom_dc_a0_f0_dac1p25_sweepn40p40_k3_rp5_rn5_cpldc,Rt1,19.801623083859305,0.0007142154403556095,40.0
s7b_j5_s01_pos1_tap1_dc_mcnom_dc_a0_f0_dac1p25_sweepn40p40_k3_rp5_rn5_cpldc,Rt2,19.801623083859305,0.0007142154403556095,40.0
s7b_j5_s05_pos1_tap5_dc_mcnom_dc_a0_f0_dac1p25_sweepn40p40_k3_rp4p8_rn4p8_cpldc,Cb,0.3967538322813901,,40.0
s7b_j5_s05_pos1_tap5_dc_mcnom_dc_a0_f0_dac1p25_sweepn40p40_k3_rp4p8_rn4p8_cpldc,Ceq,5.500616083429269e-11,,40.0
s7b_j5_s05_pos1_tap5_dc_mcnom_dc_a0_f0_dac1p25_sweepn40p40_k3_rp4p8_rn4p8_cpldc,Cs,34.5007613171705,,40.0
s7b_j5_s05_pos1_tap5_dc_mcnom_dc_a0_f0_dac1p25_sweepn40p40_k3_rp4p8_rn4p8_cpldc,Ct1,19.801623083859305,,40.0
s7b_j5_s05_pos1_tap5_dc_mcnom_dc_a0_f0_dac1p25_sweepn40p40_k3_rp4p8_rn4p8_cpldc,Ct2,19.801623083859305,,40.0
s7b_j5_s05_pos1_tap5_dc_mcnom_dc_a0_f0_dac1p25_sweepn40p40_k3_rp4p8_rn4p8_cpldc,Ctrimmer,19.801623083859305,,40.0
s7b_j5_s05_pos1_tap5_dc_mcnom_dc_a0_f0_dac1p25_sweepn40p40_k3_rp4p8_rn4p8_cpldc,Rb,0.3967538322813901,1.4310327584542676e-05,40.0
s7b_j5_s05_pos1_tap5_dc_mcnom_dc_a0_f0_dac1p25_sweepn40p40_k3_rp4p8_rn4p8_cpldc,Req,5.500616083429269e-11,3.025677729728075e-28,40.0
s7b_j5_s05_pos1_tap5_dc_mcnom_dc_a0_f0_dac1p25_sweepn40p40_k3_rp4p8_rn4p8_cpldc,Rs1,17.25038065858525,0.00596343953639463,40.0
s7b_j5_s05_pos1_tap5_dc_mcnom_dc_a0_f0_dac1p25_sweepn40p40_k3_rp4p8_rn4p8_cpldc,Rs2,17.250380658585254,0.005963439536394634,40.0
s7b_j5_s05_pos1_tap5_dc_mcnom_dc_a0_f0_dac1p25_sweepn40p40_k3_rp4p8_rn4p8_cpldc,Rt1,19.801623083859305,0.0007142154403556095,40.0
s7b_j5_s05_pos1_tap5_dc_mcnom_dc_a0_f0_dac1p25_sweepn40p40_k3_rp4p8_rn4p8_cpldc,Rt2,19.801623083859305,0.0007142154403556095,40.0
s7b_j5_s05_pos1_tap5_dc_mcnom_dc_a0_f0_dac1p25_sweepn40p40_k3_rp4p8_rn5_cpldc,Cb,0.39675383228139227,,40.0
s7b_j5_s05_pos1_tap5_dc_mcnom_dc_a0_f0_dac1p25_sweepn40p40_k3_rp4p8_rn5_cpldc,Ceq,5.6994809134562206e-11,,40.0
s7b_j5_s05_pos1_tap5_dc_mcnom_dc_a0_f0_dac1p25_sweepn40p40_k3_rp4p8_rn5_cpldc,Cs,34.50076107938723,,40.0
s7b_j5_s05_pos1_tap5_dc_mcnom_dc_a0_f0_dac1p25_sweepn40p40_k3_rp4p8_rn5_cpldc,Ct1,19.801623083859305,,40.0
s7b_j5_s05_pos1_tap5_dc_mcnom_dc_a0_f0_dac1p25_sweepn40p40_k3_rp4p8_rn5_cpldc,Ct2,19.801623083859305,,40.0
s7b_j5_s05_pos1_tap5_dc_mcnom_dc_a0_f0_dac1p25_sweepn40p40_k3_rp4p8_rn5_cpldc,Ctrimmer,19.801623083859305,,40.0
s7b_j5_s05_pos1_tap5_dc_mcnom_dc_a0_f0_dac1p25_sweepn40p40_k3_rp4p8_rn5_cpldc,Rb,0.39675383228139227,1.4310327584542832e-05,40.0
s7b_j5_s05_pos1_tap5_dc_mcnom_dc_a0_f0_dac1p25_sweepn40p40_k3_rp4p8_rn5_cpldc,Req,5.6994809134562206e-11,3.2484082682851753e-28,40.0
s7b_j5_s05_pos1_tap5_dc_mcnom_dc_a0_f0_dac1p25_sweepn40p40_k3_rp4p8_rn5_cpldc,Rs1,17.250380539693616,0.005963439454193191,40.0
s7b_j5_s05_pos1_tap5_dc_mcnom_dc_a0_f0_dac1p25_sweepn40p40_k3_rp4p8_rn5_cpldc,Rs2,17.250380539693616,0.005963439454193191,40.0
s7b_j5_s05_pos1_tap5_dc_mcnom_dc_a0_f0_dac1p25_sweepn40p40_k3_rp4p8_rn5_cpldc,Rt1,19.801623083859305,0.0007142154403556095,40.0
s7b_j5_s05_pos1_tap5_dc_mcnom_dc_a0_f0_dac1p25_sweepn40p40_k3_rp4p8_rn5_cpldc,Rt2,19.801623083859305,0.0007142154403556095,40.0
s7b_j5_s05_pos1_tap5_dc_mcnom_dc_a0_f0_dac1p25_sweepn40p40_k3_rp5_rn4p8_cpldc,Cb,0.39675383228139227,,40.0
s7b_j5_s05_pos1_tap5_dc_mcnom_dc_a0_f0_dac1p25_sweepn40p40_k3_rp5_rn4p8_cpldc,Ceq,5.698049317203725e-11,,40.0
s7b_j5_s05_pos1_tap5_dc_mcnom_dc_a0_f0_dac1p25_sweepn40p40_k3_rp5_rn4p8_cpldc,Cs,34.499389168975455,,40.0
s7b_j5_s05_pos1_tap5_dc_mcnom_dc_a0_f0_dac1p25_sweepn40p40_k3_rp5_rn4p8_cpldc,Ct1,19.801623083859305,,40.0
s7b_j5_s05_pos1_tap5_dc_mcnom_dc_a0_f0_dac1p25_sweepn40p40_k3_rp5_rn4p8_cpldc,Ct2,19.801623083859305,,40.0
s7b_j5_s05_pos1_tap5_dc_mcnom_dc_a0_f0_dac1p25_sweepn40p40_k3_rp5_rn4p8_cpldc,Ctrimmer,19.801623083859305,,40.0
s7b_j5_s05_pos1_tap5_dc_mcnom_dc_a0_f0_dac1p25_sweepn40p40_k3_rp5_rn4p8_cpldc,Rb,0.39675383228139227,1.4310327584542832e-05,40.0
s7b_j5_s05_pos1_tap5_dc_mcnom_dc_a0_f0_dac1p25_sweepn40p40_k3_rp5_rn4p8_cpldc,Req,5.698049317203725e-11,3.2467766021285835e-28,40.0
s7b_j5_s05_pos1_tap5_dc_mcnom_dc_a0_f0_dac1p25_sweepn40p40_k3_rp5_rn4p8_cpldc,Rs1,17.24969458448773,0.005962965195553213,40.0
s7b_j5_s05_pos1_tap5_dc_mcnom_dc_a0_f0_dac1p25_sweepn40p40_k3_rp5_rn4p8_cpldc,Rs2,17.249694584487727,0.0059629651955532105,40.0
s7b_j5_s05_pos1_tap5_dc_mcnom_dc_a0_f0_dac1p25_sweepn40p40_k3_rp5_rn4p8_cpldc,Rt1,19.801623083859305,0.0007142154403556095,40.0
s7b_j5_s05_pos1_tap5_dc_mcnom_dc_a0_f0_dac1p25_sweepn40p40_k3_rp5_rn4p8_cpldc,Rt2,19.801623083859305,0.0007142154403556095,40.0
s7b_j5_s05_pos1_tap5_dc_mcnom_dc_a0_f0_dac1p25_sweepn40p40_k3_rp5_rn5_cpldc,Cb,0.39675383228139227,,40.0
s7b_j5_s05_pos1_tap5_dc_mcnom_dc_a0_f0_dac1p25_sweepn40p40_k3_rp5_rn5_cpldc,Ceq,5.6994811554625674e-11,,40.0
s7b_j5_s05_pos1_tap5_dc_mcnom_dc_a0_f0_dac1p25_sweepn40p40_k3_rp5_rn5_cpldc,Cs,34.30195614859372,,40.0
s7b_j5_s05_pos1_tap5_dc_mcnom_dc_a0_f0_dac1p25_sweepn40p40_k3_rp5_rn5_cpldc,Ct1,19.801623083859305,,40.0
s7b_j5_s05_pos1_tap5_dc_mcnom_dc_a0_f0_dac1p25_sweepn40p40_k3_rp5_rn5_cpldc,Ct2,19.801623083859305,,40.0
s7b_j5_s05_pos1_tap5_dc_mcnom_dc_a0_f0_dac1p25_sweepn40p40_k3_rp5_rn5_cpldc,Ctrimmer,19.801623083859305,,40.0
s7b_j5_s05_pos1_tap5_dc_mcnom_dc_a0_f0_dac1p25_sweepn40p40_k3_rp5_rn5_cpldc,Rb,0.39675383228139227,1.4310327584542832e-05,40.0
s7b_j5_s05_pos1_tap5_dc_mcnom_dc_a0_f0_dac1p25_sweepn40p40_k3_rp5_rn5_cpldc,Req,5.6994811554625674e-11,3.2484085441472923e-28,40.0
s7b_j5_s05_pos1_tap5_dc_mcnom_dc_a0_f0_dac1p25_sweepn40p40_k3_rp5_rn5_cpldc,Rs1,17.15097807429686,0.005894910799699631,40.0
s7b_j5_s05_pos1_tap5_dc_mcnom_dc_a0_f0_dac1p25_sweepn40p40_k3_rp5_rn5_cpldc,Rs2,17.15097807429686,0.005894910799699631,40.0
s7b_j5_s05_pos1_tap5_dc_mcnom_dc_a0_f0_dac1p25_sweepn40p40_k3_rp5_rn5_cpldc,Rt1,19.801623083859305,0.0007142154403556095,40.0
s7b_j5_s05_pos1_tap5_dc_mcnom_dc_a0_f0_dac1p25_sweepn40p40_k3_rp5_rn5_cpldc,Rt2,19.801623083859305,0.0007142154403556095,40.0
s7b_j5_s06_pos100_tap0_dc_mcnom_dc_a0_f0_dac1p25_sweepn100p100_k3e5_rp4p8_rn4p8_cplac,Cb,0.9918845585546743,,100.0
s7b_j5_s06_pos100_tap0_dc_mcnom_dc_a0_f0_dac1p25_sweepn100p100_k3e5_rp4p8_rn4p8_cplac,Ceq,99.0118606406799,,100.0
s7b_j5_s06_pos100_tap0_dc_mcnom_dc_a0_f0_dac1p25_sweepn100p100_k3e5_rp4p8_rn4p8_cplac,Cs,0.9881383692014936,,100.0
s7b_j5_s06_pos100_tap0_dc_mcnom_dc_a0_f0_dac1p25_sweepn100p100_k3e5_rp4p8_rn4p8_cplac,Ct1,49.504057720738146,,100.0
s7b_j5_s06_pos100_tap0_dc_mcnom_dc_a0_f0_dac1p25_sweepn100p100_k3e5_rp4p8_rn4p8_cplac,Ct2,49.50405772073815,,100.0
s7b_j5_s06_pos100_tap0_dc_mcnom_dc_a0_f0_dac1p25_sweepn100p100_k3e5_rp4p8_rn4p8_cplac,Ctrimmer,49.50405772073815,,100.0
s7b_j5_s06_pos100_tap0_dc_mcnom_dc_a0_f0_dac1p25_sweepn100p100_k3e5_rp4p8_rn4p8_cplac,Rb,0.9918845585546743,8.943954340901827e-05,100.0
s7b_j5_s06_pos100_tap0_dc_mcnom_dc_a0_f0_dac1p25_sweepn100p100_k3e5_rp4p8_rn4p8_cplac,Req,99.0118606406799,0.0009803348547529416,100.0
s7b_j5_s06_pos100_tap0_dc_mcnom_dc_a0_f0_dac1p25_sweepn100p100_k3e5_rp4p8_rn4p8_cplac,Rs1,0.4940691846007468,4.891870925291519e-06,100.0
s7b_j5_s06_pos100_tap0_dc_mcnom_dc_a0_f0_dac1p25_sweepn100p100_k3e5_rp4p8_rn4p8_cplac,Rs2,0.4940691846007468,4.891870925291519e-06,100.0
s7b_j5_s06_pos100_tap0_dc_mcnom_dc_a0_f0_dac1p25_sweepn100p100_k3e5_rp4p8_rn4p8_cplac,Rt1,49.504057720738146,0.004463846504222539,100.0
s7b_j5_s06_pos100_tap0_dc_mcnom_dc_a0_f0_dac1p25_sweepn100p100_k3e5_rp4p8_rn4p8_cplac,Rt2,49.50405772073815,0.00446384650422254,100.0
s7b_j5_s06_pos100_tap0_dc_mcnom_dc_a0_f0_dac1p25_sweepn100p100_k3e5_rp4p8_rn4p8_cpldc,Cb,0.9908054938936756,,100.0
s7b_j5_s06_pos100_tap0_dc_mcnom_dc_a0_f0_dac1p25_sweepn100p100_k3e5_rp4p8_rn4p8_cpldc,Ceq,99.0118606406799,,100.0
s7b_j5_s06_pos100_tap0_dc_mcnom_dc_a0_f0_dac1p25_sweepn100p100_k3e5_rp4p8_rn4p8_cpldc,Cs,0.9881383692014936,,100.0
s7b_j5_s06_pos100_tap0_dc_mcnom_dc_a0_f0_dac1p25_sweepn100p100_k3e5_rp4p8_rn4p8_cpldc,Ct1,49.50459727483415,,100.0
s7b_j5_s06_pos100_tap0_dc_mcnom_dc_a0_f0_dac1p25_sweepn100p100_k3e5_rp4p8_rn4p8_cpldc,Ct2,49.50459727483414,,100.0
s7b_j5_s06_pos100_tap0_dc_mcnom_dc_a0_f0_dac1p25_sweepn100p100_k3e5_rp4p8_rn4p8_cpldc,Ctrimmer,49.50459727483414,,100.0
s7b_j5_s06_pos100_tap0_dc_mcnom_dc_a0_f0_dac1p25_sweepn100p100_k3e5_rp4p8_rn4p8_cpldc,Rb,0.9908054938936756,8.924504788453549e-05,100.0
s7b_j5_s06_pos100_tap0_dc_mcnom_dc_a0_f0_dac1p25_sweepn100p100_k3e5_rp4p8_rn4p8_cpldc,Req,99.0118606406799,0.0009803348547529416,100.0
s7b_j5_s06_pos100_tap0_dc_mcnom_dc_a0_f0_dac1p25_sweepn100p100_k3e5_rp4p8_rn4p8_cpldc,Rs1,0.4940691846007468,4.891870925291519e-06,100.0
s7b_j5_s06_pos100_tap0_dc_mcnom_dc_a0_f0_dac1p25_sweepn100p100_k3e5_rp4p8_rn4p8_cpldc,Rs2,0.4940691846007468,4.891870925291519e-06,100.0
s7b_j5_s06_pos100_tap0_dc_mcnom_dc_a0_f0_dac1p25_sweepn100p100_k3e5_rp4p8_rn4p8_cpldc,Rt1,49.50459727483415,0.004463943809368882,100.0
s7b_j5_s06_pos100_tap0_dc_mcnom_dc_a0_f0_dac1p25_sweepn100p100_k3e5_rp4p8_rn4p8_cpldc,Rt2,49.50459727483414,0.0044639438093688815,100.0
s7b_j5_s06_pos100_tap0_dc_mcnom_dc_a0_f0_dac1p25_sweepn100p100_k3e5_rp4p8_rn5_cplac,Cb,0.9918845607864484,,100.0
s7b_j5_s06_pos100_tap0_dc_mcnom_dc_a0_f0_dac1p25_sweepn100p100_k3e5_rp4p8_rn5_cplac,Ceq,99.0118606406799,,100.0
s7b_j5_s06_pos100_tap0_dc_mcnom_dc_a0_f0_dac1p25_sweepn100p100_k3e5_rp4p8_rn5_cplac,Cs,0.9881383692014936,,100.0
s7b_j5_s06_pos100_tap0_dc_mcnom_dc_a0_f0_dac1p25_sweepn100p100_k3e5_rp4p8_rn5_cplac,Ct1,49.504057721848135,,100.0
s7b_j5_s06_pos100_tap0_dc_mcnom_dc_a0_f0_dac1p25_sweepn100p100_k3e5_rp4p8_rn5_cplac,Ct2,49.50405772184814,,100.0
s7b_j5_s06_pos100_tap0_dc_mcnom_dc_a0_f0_dac1p25_sweepn100p100_k3e5_rp4p8_rn5_cplac,Ctrimmer,49.50405772184814,,100.0
s7b_j5_s06_pos100_tap0_dc_mcnom_dc_a0_f0_dac1p25_sweepn100p100_k3e5_rp4p8_rn5_cplac,Rb,0.9918845607864484,8.943954381150233e-05,100.0
s7b_j5_s06_pos100_tap0_dc_mcnom_dc_a0_f0_dac1p25_sweepn100p100_k3e5_rp4p8_rn5_cplac,Req,99.0118606406799,0.0009803348547529416,100.0
s7b_j5_s06_pos100_tap0_dc_mcnom_dc_a0_f0_dac1p25_sweepn100p100_k3e5_rp4p8_rn5_cplac,Rs1,0.4940691846007468,4.891870925291519e-06,100.0
s7b_j5_s06_pos100_tap0_dc_mcnom_dc_a0_f0_dac1p25_sweepn100p100_k3e5_rp4p8_rn5_cplac,Rs2,0.4940691846007468,4.891870925291519e-06,100.0
s7b_j5_s06_pos100_tap0_dc_mcnom_dc_a0_f0_dac1p25_sweepn100p100_k3e5_rp4p8_rn5_cplac,Rt1,49.504057721848135,0.004463846504422718,100.0
s7b_j5_s06_pos100_tap0_dc_mcnom_dc_a0_f0_dac1p25_sweepn100p100_k3e5_rp4p8_rn5_cplac,Rt2,49.50405772184814,0.0044638465044227185,100.0
s7b_j5_s06_pos100_tap0_dc_mcnom_dc_a0_f0_dac1p25_sweepn100p100_k3e5_rp4p8_rn5_cpldc,Cb,0.9908054972029935,,100.0
s7b_j5_s06_pos100_tap0_dc_mcnom_dc_a0_f0_dac1p25_sweepn100p100_k3e5_rp4p8_rn5_cpldc,Ceq,99.0118606406799,,100.0
s7b_j5_s06_pos100_tap0_dc_mcnom_dc_a0_f0_dac1p25_sweepn100p100_k3e5_rp4p8_rn5_cpldc,Cs,0.9881383692014936,,100.0
s7b_j5_s06_pos100_tap0_dc_mcnom_dc_a0_f0_dac1p25_sweepn100p100_k3e5_rp4p8_rn5_cpldc,Ct1,49.50459727648477,,100.0
s7b_j5_s06_pos100_tap0_dc_mcnom_dc_a0_f0_dac1p25_sweepn100p100_k3e5_rp4p8_rn5_cpldc,Ct2,49.504597276484766,,100.0
s7b_j5_s06_pos100_tap0_dc_mcnom_dc_a0_f0_dac1p25_sweepn100p100_k3e5_rp4p8_rn5_cpldc,Ctrimmer,49.504597276484766,,100.0
s7b_j5_s06_pos100_tap0_dc_mcnom_dc_a0_f0_dac1p25_sweepn100p100_k3e5_rp4p8_rn5_cpldc,Rb,0.9908054972029935,8.924504848069738e-05,100.0
s7b_j5_s06_pos100_tap0_dc_mcnom_dc_a0_f0_dac1p25_sweepn100p100_k3e5_rp4p8_rn5_cpldc,Req,99.0118606406799,0.0009803348547529416,100.0
s7b_j5_s06_pos100_tap0_dc_mcnom_dc_a0_f0_dac1p25_sweepn100p100_k3e5_rp4p8_rn5_cpldc,Rs1,0.4940691846007468,4.891870925291519e-06,100.0
s7b_j5_s06_pos100_tap0_dc_mcnom_dc_a0_f0_dac1p25_sweepn100p100_k3e5_rp4p8_rn5_cpldc,Rs2,0.4940691846007468,4.891870925291519e-06,100.0
s7b_j5_s06_pos100_tap0_dc_mcnom_dc_a0_f0_dac1p25_sweepn100p100_k3e5_rp4p8_rn5_cpldc,Rt1,49.50459727648477,0.004463943809666564,100.0
s7b_j5_s06_pos100_tap0_dc_mcnom_dc_a0_f0_dac1p25_sweepn100p100_k3e5_rp4p8_rn5_cpldc,Rt2,49.504597276484766,0.004463943809666563,100.0
s7b_j5_s06_pos100_tap0_dc_mcnom_dc_a0_f0_dac1p25_sweepn100p100_k3e5_rp5_rn4p8_cplac,Cb,0.9918845607548191,,100.0
s7b_j5_s06_pos100_tap0_dc_mcnom_dc_a0_f0_dac1p25_sweepn100p100_k3e5_rp5_rn4p8_cplac,Ceq,99.0118606406799,,100.0
s7b_j5_s06_pos100_tap0_dc_mcnom_dc_a0_f0_dac1p25_sweepn100p100_k3e5_rp5_rn4p8_cplac,Cs,0.9881383692014936,,100.0
s7b_j5_s06_pos100_tap0_dc_mcnom_dc_a0_f0_dac1p25_sweepn100p100_k3e5_rp5_rn4p8_cplac,Ct1,49.50405772183233,,100.0
s7b_j5_s06_pos100_tap0_dc_mcnom_dc_a0_f0_dac1p25_sweepn100p100_k3e5_rp5_rn4p8_cplac,Ct2,49.50405772183233,,100.0
s7b_j5_s06_pos100_tap0_dc_mcnom_dc_a0_f0_dac1p25_sweepn100p100_k3e5_rp5_rn4p8_cplac,Ctrimmer,49.50405772183233,,100.0
s7b_j5_s06_pos100_tap0_dc_mcnom_dc_a0_f0_dac1p25_sweepn100p100_k3e5_rp5_rn4p8_cplac,Rb,0.9918845607548191,8.943954380579823e-05,100.0
s7b_j5_s06_pos100_tap0_dc_mcnom_dc_a0_f0_dac1p25_sweepn100p100_k3e5_rp5_rn4p8_cplac,Req,99.0118606406799,0.0009803348547529416,100.0
s7b_j5_s06_pos100_tap0_dc_mcnom_dc_a0_f0_dac1p25_sweepn100p100_k3e5_rp5_rn4p8_cplac,Rs1,0.4940691846007468,4.891870925291519e-06,100.0
s7b_j5_s06_pos100_tap0_dc_mcnom_dc_a0_f0_dac1p25_sweepn100p100_k3e5_rp5_rn4p8_cplac,Rs2,0.4940691846007468,4.891870925291519e-06,100.0
s7b_j5_s06_pos100_tap0_dc_mcnom_dc_a0_f0_dac1p25_sweepn100p100_k3e5_rp5_rn4p8_cplac,Rt1,49.50405772183233,0.0044638465044198675,100.0
s7b_j5_s06_pos100_tap0_dc_mcnom_dc_a0_f0_dac1p25_sweepn100p100_k3e5_rp5_rn4p8_cplac,Rt2,49.50405772183233,0.0044638465044198675,100.0
s7b_j5_s06_pos100_tap0_dc_mcnom_dc_a0_f0_dac1p25_sweepn100p100_k3e5_rp5_rn4p8_cpldc,Cb,0.990805490593404,,100.0
s7b_j5_s06_pos100_tap0_dc_mcnom_dc_a0_f0_dac1p25_sweepn100p100_k3e5_rp5_rn4p8_cpldc,Ceq,99.0118606406799,,100.0
s7b_j5_s06_pos100_tap0_dc_mcnom_dc_a0_f0_dac1p25_sweepn100p100_k3e5_rp5_rn4p8_cpldc,Cs,0.9881383692014936,,100.0
s7b_j5_s06_pos100_tap0_dc_mcnom_dc_a0_f0_dac1p25_sweepn100p100_k3e5_rp5_rn4p8_cpldc,Ct1,49.504597273179975,,100.0
s7b_j5_s06_pos100_tap0_dc_mcnom_dc_a0_f0_dac1p25_sweepn100p100_k3e5_rp5_rn4p8_cpldc,Ct2,49.504597273179975,,100.0
s7b_j5_s06_pos100_tap0_dc_mcnom_dc_a0_f0_dac1p25_sweepn100p100_k3e5_rp5_rn4p8_cpldc,Ctrimmer,49.504597273179975,,100.0
s7b_j5_s06_pos100_tap0_dc_mcnom_dc_a0_f0_dac1p25_sweepn100p100_k3e5_rp5_rn4p8_cpldc,Rb,0.990805490593404,8.924504729000327e-05,100.0
s7b_j5_s06_pos100_tap0_dc_mcnom_dc_a0_f0_dac1p25_sweepn100p100_k3e5_rp5_rn4p8_cpldc,Req,99.0118606406799,0.0009803348547529416,100.0
s7b_j5_s06_pos100_tap0_dc_mcnom_dc_a0_f0_dac1p25_sweepn100p100_k3e5_rp5_rn4p8_cpldc,Rs1,0.4940691846007468,4.891870925291519e-06,100.0
s7b_j5_s06_pos100_tap0_dc_mcnom_dc_a0_f0_dac1p25_sweepn100p100_k3e5_rp5_rn4p8_cpldc,Rs2,0.4940691846007468,4.891870925291519e-06,100.0
s7b_j5_s06_pos100_tap0_dc_mcnom_dc_a0_f0_dac1p25_sweepn100p100_k3e5_rp5_rn4p8_cpldc,Rt1,49.504597273179975,0.004463943809070561,100.0
s7b_j5_s06_pos100_tap0_dc_mcnom_dc_a0_f0_dac1p25_sweepn100p100_k3e5_rp5_rn4p8_cpldc,Rt2,49.504597273179975,0.004463943809070561,100.0
s7b_j5_s06_pos100_tap0_dc_mcnom_dc_a0_f0_dac1p25_sweepn100p100_k3e5_rp5_rn5_cplac,Cb,0.9918845585671104,,100.0
s7b_j5_s06_pos100_tap0_dc_mcnom_dc_a0_f0_dac1p25_sweepn100p100_k3e5_rp5_rn5_cplac,Ceq,99.0118606406799,,100.0
s7b_j5_s06_pos100_tap0_dc_mcnom_dc_a0_f0_dac1p25_sweepn100p100_k3e5_rp5_rn5_cplac,Cs,0.9881383692014936,,100.0
s7b_j5_s06_pos100_tap0_dc_mcnom_dc_a0_f0_dac1p25_sweepn100p100_k3e5_rp5_rn5_cplac,Ct1,49.504057720732575,,100.0
s7b_j5_s06_pos100_tap0_dc_mcnom_dc_a0_f0_dac1p25_sweepn100p100_k3e5_rp5_rn5_cplac,Ct2,49.50405772073258,,100.0
s7b_j5_s06_pos100_tap0_dc_mcnom_dc_a0_f0_dac1p25_sweepn100p100_k3e5_rp5_rn5_cplac,Ctrimmer,49.50405772073258,,100.0
s7b_j5_s06_pos100_tap0_dc_mcnom_dc_a0_f0_dac1p25_sweepn100p100_k3e5_rp5_rn5_cplac,Rb,0.9918845585671104,8.943954341126104e-05,100.0
s7b_j5_s06_pos100_tap0_dc_mcnom_dc_a0_f0_dac1p25_sweepn100p100_k3e5_rp5_rn5_cplac,Req,99.0118606406799,0.0009803348547529416,100.0
s7b_j5_s06_pos100_tap0_dc_mcnom_dc_a0_f0_dac1p25_sweepn100p100_k3e5_rp5_rn5_cplac,Rs1,0.4940691846007468,4.891870925291519e-06,100.0
s7b_j5_s06_pos100_tap0_dc_mcnom_dc_a0_f0_dac1p25_sweepn100p100_k3e5_rp5_rn5_cplac,Rs2,0.4940691846007468,4.891870925291519e-06,100.0
s7b_j5_s06_pos100_tap0_dc_mcnom_dc_a0_f0_dac1p25_sweepn100p100_k3e5_rp5_rn5_cplac,Rt1,49.504057720732575,0.004463846504221535,100.0
s7b_j5_s06_pos100_tap0_dc_mcnom_dc_a0_f0_dac1p25_sweepn100p100_k3e5_rp5_rn5_cplac,Rt2,49.50405772073258,0.004463846504221536,100.0
s7b_j5_s06_pos100_tap0_dc_mcnom_dc_a0_f0_dac1p25_sweepn100p100_k3e5_rp5_rn5_cpldc,Cb,0.9908054939027221,,100.0
s7b_j5_s06_pos100_tap0_dc_mcnom_dc_a0_f0_dac1p25_sweepn100p100_k3e5_rp5_rn5_cpldc,Ceq,99.0118606406799,,100.0
s7b_j5_s06_pos100_tap0_dc_mcnom_dc_a0_f0_dac1p25_sweepn100p100_k3e5_rp5_rn5_cpldc,Cs,0.9881383692014936,,100.0
s7b_j5_s06_pos100_tap0_dc_mcnom_dc_a0_f0_dac1p25_sweepn100p100_k3e5_rp5_rn5_cpldc,Ct1,49.5045972748306,,100.0
s7b_j5_s06_pos100_tap0_dc_mcnom_dc_a0_f0_dac1p25_sweepn100p100_k3e5_rp5_rn5_cpldc,Ct2,49.504597274830594,,100.0
s7b_j5_s06_pos100_tap0_dc_mcnom_dc_a0_f0_dac1p25_sweepn100p100_k3e5_rp5_rn5_cpldc,Ctrimmer,49.504597274830594,,100.0
s7b_j5_s06_pos100_tap0_dc_mcnom_dc_a0_f0_dac1p25_sweepn100p100_k3e5_rp5_rn5_cpldc,Rb,0.9908054939027221,8.92450478861652e-05,100.0
s7b_j5_s06_pos100_tap0_dc_mcnom_dc_a0_f0_dac1p25_sweepn100p100_k3e5_rp5_rn5_cpldc,Req,99.0118606406799,0.0009803348547529416,100.0
s7b_j5_s06_pos100_tap0_dc_mcnom_dc_a0_f0_dac1p25_sweepn100p100_k3e5_rp5_rn5_cpldc,Rs1,0.4940691846007468,4.891870925291519e-06,100.0
s7b_j5_s06_pos100_tap0_dc_mcnom_dc_a0_f0_dac1p25_sweepn100p100_k3e5_rp5_rn5_cpldc,Rs2,0.4940691846007468,4.891870925291519e-06,100.0
s7b_j5_s06_pos100_tap0_dc_mcnom_dc_a0_f0_dac1p25_sweepn100p100_k3e5_rp5_rn5_cpldc,Rt1,49.5045972748306,0.004463943809368242,100.0
s7b_j5_s06_pos100_tap0_dc_mcnom_dc_a0_f0_dac1p25_sweepn100p100_k3e5_rp5_rn5_cpldc,Rt2,49.504597274830594,0.004463943809368241,100.0
s7b_j5_s06_pos100_tap0_dc_mcnom_dc_a0_f0_dac1p25_sweepn40p40_k3_rp4p8_rn4p8_cpldc,Cb,0.3963222106147743,,40.0
s7b_j5_s06_pos100_tap0_dc_mcnom_dc_a0_f0_dac1p25_sweepn40p40_k3_rp4p8_rn4p8_cpldc,Ceq,39.604744256271964,,40.0
s7b_j5_s06_pos100_tap0_dc_mcnom_dc_a0_f0_dac1p25_sweepn40p40_k3_rp4p8_rn4p8_cpldc,Cs,0.395255347680596,,40.0
s7b_j5_s06_pos100_tap0_dc_mcnom_dc_a0_f0_dac1p25_sweepn40p40_k3_rp4p8_rn4p8_cpldc,Ct1,19.801838916473603,,40.0
s7b_j5_s06_pos100_tap0_dc_mcnom_dc_a0_f0_dac1p25_sweepn40p40_k3_rp4p8_rn4p8_cpldc,Ct2,19.801838916473603,,40.0
s7b_j5_s06_pos100_tap0_dc_mcnom_dc_a0_f0_dac1p25_sweepn40p40_k3_rp4p8_rn4p8_cpldc,Ctrimmer,19.801838916473603,,40.0
s7b_j5_s06_pos100_tap0_dc_mcnom_dc_a0_f0_dac1p25_sweepn40p40_k3_rp4p8_rn4p8_cpldc,Rb,0.3963222106147743,1.42792086024165e-05,40.0
s7b_j5_s06_pos100_tap0_dc_mcnom_dc_a0_f0_dac1p25_sweepn40p40_k3_rp4p8_rn4p8_cpldc,Req,39.604744256271964,0.00015685357676047072,40.0
s7b_j5_s06_pos100_tap0_dc_mcnom_dc_a0_f0_dac1p25_sweepn40p40_k3_rp4p8_rn4p8_cpldc,Rs1,0.19762767384029445,7.826993480466093e-07,40.0
s7b_j5_s06_pos100_tap0_dc_mcnom_dc_a0_f0_dac1p25_sweepn40p40_k3_rp4p8_rn4p8_cpldc,Rs2,0.19762767384030155,7.826993480466656e-07,40.0
s7b_j5_s06_pos100_tap0_dc_mcnom_dc_a0_f0_dac1p25_sweepn40p40_k3_rp4p8_rn4p8_cpldc,Rt1,19.801838916473603,0.0007142310099707987,40.0
s7b_j5_s06_pos100_tap0_dc_mcnom_dc_a0_f0_dac1p25_sweepn40p40_k3_rp4p8_rn4p8_cpldc,Rt2,19.801838916473603,0.0007142310099707987,40.0
s7b_j5_s06_pos100_tap0_dc_mcnom_dc_a0_f0_dac1p25_sweepn40p40_k3_rp4p8_rn5_cpldc,Cb,0.396322213923016,,40.0
s7b_j5_s06_pos100_tap0_dc_mcnom_dc_a0_f0_dac1p25_sweepn40p40_k3_rp4p8_rn5_cpldc,Ceq,39.604744256271964,,40.0
s7b_j5_s06_pos100_tap0_dc_mcnom_dc_a0_f0_dac1p25_sweepn40p40_k3_rp4p8_rn5_cpldc,Cs,0.395255347680596,,40.0
s7b_j5_s06_pos100_tap0_dc_mcnom_dc_a0_f0_dac1p25_sweepn40p40_k3_rp4p8_rn5_cpldc,Ct1,19.80183891812569,,40.0
s7b_j5_s06_pos100_tap0_dc_mcnom_dc_a0_f0_dac1p25_sweepn40p40_k3_rp4p8_rn5_cpldc,Ct2,19.801838918125686,,40.0
s7b_j5_s06_pos100_tap0_dc_mcnom_dc_a0_f0_dac1p25_sweepn40p40_k3_rp4p8_rn5_cpldc,Ctrimmer,19.801838918125686,,40.0
s7b_j5_s06_pos100_tap0_dc_mcnom_dc_a0_f0_dac1p25_sweepn40p40_k3_rp4p8_rn5_cpldc,Rb,0.396322213923016,1.4279208840803712e-05,40.0
s7b_j5_s06_pos100_tap0_dc_mcnom_dc_a0_f0_dac1p25_sweepn40p40_k3_rp4p8_rn5_cpldc,Req,39.604744256271964,0.00015685357676047072,40.0
s7b_j5_s06_pos100_tap0_dc_mcnom_dc_a0_f0_dac1p25_sweepn40p40_k3_rp4p8_rn5_cpldc,Rs1,0.19762767384029445,7.826993480466093e-07,40.0
s7b_j5_s06_pos100_tap0_dc_mcnom_dc_a0_f0_dac1p25_sweepn40p40_k3_rp4p8_rn5_cpldc,Rs2,0.19762767384030155,7.826993480466656e-07,40.0
s7b_j5_s06_pos100_tap0_dc_mcnom_dc_a0_f0_dac1p25_sweepn40p40_k3_rp4p8_rn5_cpldc,Rt1,19.80183891812569,0.0007142310100899767,40.0
s7b_j5_s06_pos100_tap0_dc_mcnom_dc_a0_f0_dac1p25_sweepn40p40_k3_rp4p8_rn5_cpldc,Rt2,19.801838918125686,0.0007142310100899763,40.0
s7b_j5_s06_pos100_tap0_dc_mcnom_dc_a0_f0_dac1p25_sweepn40p40_k3_rp5_rn4p8_cpldc,Cb,0.3963222073115982,,40.0
s7b_j5_s06_pos100_tap0_dc_mcnom_dc_a0_f0_dac1p25_sweepn40p40_k3_rp5_rn4p8_cpldc,Ceq,39.604744256271964,,40.0
s7b_j5_s06_pos100_tap0_dc_mcnom_dc_a0_f0_dac1p25_sweepn40p40_k3_rp5_rn4p8_cpldc,Cs,0.395255347680596,,40.0
s7b_j5_s06_pos100_tap0_dc_mcnom_dc_a0_f0_dac1p25_sweepn40p40_k3_rp5_rn4p8_cpldc,Ct1,19.80183891481998,,40.0
s7b_j5_s06_pos100_tap0_dc_mcnom_dc_a0_f0_dac1p25_sweepn40p40_k3_rp5_rn4p8_cpldc,Ct2,19.801838914819978,,40.0
s7b_j5_s06_pos100_tap0_dc_mcnom_dc_a0_f0_dac1p25_sweepn40p40_k3_rp5_rn4p8_cpldc,Ctrimmer,19.801838914819978,,40.0
s7b_j5_s06_pos100_tap0_dc_mcnom_dc_a0_f0_dac1p25_sweepn40p40_k3_rp5_rn4p8_cpldc,Rb,0.3963222073115982,1.4279208364394308e-05,40.0
s7b_j5_s06_pos100_tap0_dc_mcnom_dc_a0_f0_dac1p25_sweepn40p40_k3_rp5_rn4p8_cpldc,Req,39.604744256271964,0.00015685357676047072,40.0
s7b_j5_s06_pos100_tap0_dc_mcnom_dc_a0_f0_dac1p25_sweepn40p40_k3_rp5_rn4p8_cpldc,Rs1,0.19762767384029445,7.826993480466093e-07,40.0
s7b_j5_s06_pos100_tap0_dc_mcnom_dc_a0_f0_dac1p25_sweepn40p40_k3_rp5_rn4p8_cpldc,Rs2,0.19762767384030155,7.826993480466656e-07,40.0
s7b_j5_s06_pos100_tap0_dc_mcnom_dc_a0_f0_dac1p25_sweepn40p40_k3_rp5_rn4p8_cpldc,Rt1,19.80183891481998,0.0007142310098515101,40.0
s7b_j5_s06_pos100_tap0_dc_mcnom_dc_a0_f0_dac1p25_sweepn40p40_k3_rp5_rn4p8_cpldc,Rt2,19.801838914819978,0.0007142310098515098,40.0
s7b_j5_s06_pos100_tap0_dc_mcnom_dc_a0_f0_dac1p25_sweepn40p40_k3_rp5_rn5_cpldc,Cb,0.39632221061983997,,40.0
s7b_j5_s06_pos100_tap0_dc_mcnom_dc_a0_f0_dac1p25_sweepn40p40_k3_rp5_rn5_cpldc,Ceq,39.604744256271964,,40.0
s7b_j5_s06_pos100_tap0_dc_mcnom_dc_a0_f0_dac1p25_sweepn40p40_k3_rp5_rn5_cpldc,Cs,0.395255347680596,,40.0
s7b_j5_s06_pos100_tap0_dc_mcnom_dc_a0_f0_dac1p25_sweepn40p40_k3_rp5_rn5_cpldc,Ct1,19.801838916472065,,40.0
s7b_j5_s06_pos100_tap0_dc_mcnom_dc_a0_f0_dac1p25_sweepn40p40_k3_rp5_rn5_cpldc,Ct2,19.801838916472068,,40.0
s7b_j5_s06_pos100_tap0_dc_mcnom_dc_a0_f0_dac1p25_sweepn40p40_k3_rp5_rn5_cpldc,Ctrimmer,19.801838916472068,,40.0
s7b_j5_s06_pos100_tap0_dc_mcnom_dc_a0_f0_dac1p25_sweepn40p40_k3_rp5_rn5_cpldc,Rb,0.39632221061983997,1.4279208602781528e-05,40.0
s7b_j5_s06_pos100_tap0_dc_mcnom_dc_a0_f0_dac1p25_sweepn40p40_k3_rp5_rn5_cpldc,Req,39.604744256271964,0.00015685357676047072,40.0
s7b_j5_s06_pos100_tap0_dc_mcnom_dc_a0_f0_dac1p25_sweepn40p40_k3_rp5_rn5_cpldc,Rs1,0.19762767384029445,7.826993480466093e-07,40.0
s7b_j5_s06_pos100_tap0_dc_mcnom_dc_a0_f0_dac1p25_sweepn40p40_k3_rp5_rn5_cpldc,Rs2,0.19762767384030155,7.826993480466656e-07,40.0
s7b_j5_s06_pos100_tap0_dc_mcnom_dc_a0_f0_dac1p25_sweepn40p40_k3_rp5_rn5_cpldc,Rt1,19.801838916472065,0.0007142310099706878,40.0
s7b_j5_s06_pos100_tap0_dc_mcnom_dc_a0_f0_dac1p25_sweepn40p40_k3_rp5_rn5_cpldc,Rt2,19.801838916472068,0.0007142310099706879,40.0
s7b_j5_s11_pos100_tap5_dc_mcnom_dc_a0_f0_dac1p25_sweepn40p40_k3_rp4p8_rn4p8_cpldc,Cb,0.39632221065065054,,40.0
s7b_j5_s11_pos100_tap5_dc_mcnom_dc_a0_f0_dac1p25_sweepn40p40_k3_rp4p8_rn4p8_cpldc,Ceq,39.604744256271964,,40.0
s7b_j5_s11_pos100_tap5_dc_mcnom_dc_a0_f0_dac1p25_sweepn40p40_k3_rp4p8_rn4p8_cpldc,Cs,0.395255347680596,,40.0
s7b_j5_s11_pos100_tap5_dc_mcnom_dc_a0_f0_dac1p25_sweepn40p40_k3_rp4p8_rn4p8_cpldc,Ct1,19.80183891645574,,40.0
s7b_j5_s11_pos100_tap5_dc_mcnom_dc_a0_f0_dac1p25_sweepn40p40_k3_rp4p8_rn4p8_cpldc,Ct2,19.801838916455736,,40.0
s7b_j5_s11_pos100_tap5_dc_mcnom_dc_a0_f0_dac1p25_sweepn40p40_k3_rp4p8_rn4p8_cpldc,Ctrimmer,19.801838916455736,,40.0
s7b_j5_s11_pos100_tap5_dc_mcnom_dc_a0_f0_dac1p25_sweepn40p40_k3_rp4p8_rn4p8_cpldc,Rb,0.39632221065065054,1.4279208605001693e-05,40.0
s7b_j5_s11_pos100_tap5_dc_mcnom_dc_a0_f0_dac1p25_sweepn40p40_k3_rp4p8_rn4p8_cpldc,Req,39.604744256271964,0.00015685357676047072,40.0
s7b_j5_s11_pos100_tap5_dc_mcnom_dc_a0_f0_dac1p25_sweepn40p40_k3_rp4p8_rn4p8_cpldc,Rs1,0.19762767384029445,7.826993480466093e-07,40.0
s7b_j5_s11_pos100_tap5_dc_mcnom_dc_a0_f0_dac1p25_sweepn40p40_k3_rp4p8_rn4p8_cpldc,Rs2,0.19762767384030155,7.826993480466656e-07,40.0
s7b_j5_s11_pos100_tap5_dc_mcnom_dc_a0_f0_dac1p25_sweepn40p40_k3_rp4p8_rn4p8_cpldc,Rt1,19.80183891645574,0.0007142310099695101,40.0
s7b_j5_s11_pos100_tap5_dc_mcnom_dc_a0_f0_dac1p25_sweepn40p40_k3_rp4p8_rn4p8_cpldc,Rt2,19.801838916455736,0.0007142310099695099,40.0
s7b_j5_s11_pos100_tap5_dc_mcnom_dc_a0_f0_dac1p25_sweepn40p40_k3_rp4p8_rn5_cpldc,Cb,0.3963222139594214,,40.0
s7b_j5_s11_pos100_tap5_dc_mcnom_dc_a0_f0_dac1p25_sweepn40p40_k3_rp4p8_rn5_cpldc,Ceq,39.604744256271964,,40.0
s7b_j5_s11_pos100_tap5_dc_mcnom_dc_a0_f0_dac1p25_sweepn40p40_k3_rp4p8_rn5_cpldc,Cs,0.395255347680596,,40.0
s7b_j5_s11_pos100_tap5_dc_mcnom_dc_a0_f0_dac1p25_sweepn40p40_k3_rp4p8_rn5_cpldc,Ct1,19.801838918107826,,40.0
s7b_j5_s11_pos100_tap5_dc_mcnom_dc_a0_f0_dac1p25_sweepn40p40_k3_rp4p8_rn5_cpldc,Ct2,19.80183891810783,,40.0
s7b_j5_s11_pos100_tap5_dc_mcnom_dc_a0_f0_dac1p25_sweepn40p40_k3_rp4p8_rn5_cpldc,Ctrimmer,19.80183891810783,,40.0
s7b_j5_s11_pos100_tap5_dc_mcnom_dc_a0_f0_dac1p25_sweepn40p40_k3_rp4p8_rn5_cpldc,Rb,0.3963222139594214,1.4279208843427035e-05,40.0
s7b_j5_s11_pos100_tap5_dc_mcnom_dc_a0_f0_dac1p25_sweepn40p40_k3_rp4p8_rn5_cpldc,Req,39.604744256271964,0.00015685357676047072,40.0
s7b_j5_s11_pos100_tap5_dc_mcnom_dc_a0_f0_dac1p25_sweepn40p40_k3_rp4p8_rn5_cpldc,Rs1,0.19762767384029445,7.826993480466093e-07,40.0
s7b_j5_s11_pos100_tap5_dc_mcnom_dc_a0_f0_dac1p25_sweepn40p40_k3_rp4p8_rn5_cpldc,Rs2,0.19762767384030155,7.826993480466656e-07,40.0
s7b_j5_s11_pos100_tap5_dc_mcnom_dc_a0_f0_dac1p25_sweepn40p40_k3_rp4p8_rn5_cpldc,Rt1,19.801838918107826,0.000714231010088688,40.0
s7b_j5_s11_pos100_tap5_dc_mcnom_dc_a0_f0_dac1p25_sweepn40p40_k3_rp4p8_rn5_cpldc,Rt2,19.80183891810783,0.0007142310100886883,40.0
s7b_j5_s11_pos100_tap5_dc_mcnom_dc_a0_f0_dac1p25_sweepn40p40_k3_rp5_rn4p8_cpldc,Cb,0.39632220734747603,,40.0
s7b_j5_s11_pos100_tap5_dc_mcnom_dc_a0_f0_dac1p25_sweepn40p40_k3_rp5_rn4p8_cpldc,Ceq,39.604744256271964,,40.0
s7b_j5_s11_pos100_tap5_dc_mcnom_dc_a0_f0_dac1p25_sweepn40p40_k3_rp5_rn4p8_cpldc,Cs,0.395255347680596,,40.0
s7b_j5_s11_pos100_tap5_dc_mcnom_dc_a0_f0_dac1p25_sweepn40p40_k3_rp5_rn4p8_cpldc,Ct1,19.801838914801834,,40.0
s7b_j5_s11_pos100_tap5_dc_mcnom_dc_a0_f0_dac1p25_sweepn40p40_k3_rp5_rn4p8_cpldc,Ct2,19.801838914801834,,40.0
s7b_j5_s11_pos100_tap5_dc_mcnom_dc_a0_f0_dac1p25_sweepn40p40_k3_rp5_rn4p8_cpldc,Ctrimmer,19.801838914801834,,40.0
s7b_j5_s11_pos100_tap5_dc_mcnom_dc_a0_f0_dac1p25_sweepn40p40_k3_rp5_rn4p8_cpldc,Rb,0.39632220734747603,1.4279208366979617e-05,40.0
s7b_j5_s11_pos100_tap5_dc_mcnom_dc_a0_f0_dac1p25_sweepn40p40_k3_rp5_rn4p8_cpldc,Req,39.604744256271964,0.00015685357676047072,40.0
s7b_j5_s11_pos100_tap5_dc_mcnom_dc_a0_f0_dac1p25_sweepn40p40_k3_rp5_rn4p8_cpldc,Rs1,0.19762767384029445,7.826993480466093e-07,40.0
s7b_j5_s11_pos100_tap5_dc_mcnom_dc_a0_f0_dac1p25_sweepn40p40_k3_rp5_rn4p8_cpldc,Rs2,0.19762767384030155,7.826993480466656e-07,40.0
s7b_j5_s11_pos100_tap5_dc_mcnom_dc_a0_f0_dac1p25_sweepn40p40_k3_rp5_rn4p8_cpldc,Rt1,19.801838914801834,0.0007142310098502009,40.0
s7b_j5_s11_pos100_tap5_dc_mcnom_dc_a0_f0_dac1p25_sweepn40p40_k3_rp5_rn4p8_cpldc,Rt2,19.801838914801834,0.0007142310098502009,40.0
s7b_j5_s11_pos100_tap5_dc_mcnom_dc_a0_f0_dac1p25_sweepn40p40_k3_rp5_rn5_cpldc,Cb,0.3963222106562469,,40.0
s7b_j5_s11_pos100_tap5_dc_mcnom_dc_a0_f0_dac1p25_sweepn40p40_k3_rp5_rn5_cpldc,Ceq,39.604744256271964,,40.0
s7b_j5_s11_pos100_tap5_dc_mcnom_dc_a0_f0_dac1p25_sweepn40p40_k3_rp5_rn5_cpldc,Cs,0.395255347680596,,40.0
s7b_j5_s11_pos100_tap5_dc_mcnom_dc_a0_f0_dac1p25_sweepn40p40_k3_rp5_rn5_cpldc,Ct1,19.801838916453924,,40.0
s7b_j5_s11_pos100_tap5_dc_mcnom_dc_a0_f0_dac1p25_sweepn40p40_k3_rp5_rn5_cpldc,Ct2,19.801838916453924,,40.0
s7b_j5_s11_pos100_tap5_dc_mcnom_dc_a0_f0_dac1p25_sweepn40p40_k3_rp5_rn5_cpldc,Ctrimmer,19.801838916453924,,40.0
s7b_j5_s11_pos100_tap5_dc_mcnom_dc_a0_f0_dac1p25_sweepn40p40_k3_rp5_rn5_cpldc,Rb,0.3963222106562469,1.4279208605404958e-05,40.0
s7b_j5_s11_pos100_tap5_dc_mcnom_dc_a0_f0_dac1p25_sweepn40p40_k3_rp5_rn5_cpldc,Req,39.604744256271964,0.00015685357676047072,40.0
s7b_j5_s11_pos100_tap5_dc_mcnom_dc_a0_f0_dac1p25_sweepn40p40_k3_rp5_rn5_cpldc,Rs1,0.19762767384029445,7.826993480466093e-07,40.0
s7b_j5_s11_pos100_tap5_dc_mcnom_dc_a0_f0_dac1p25_sweepn40p40_k3_rp5_rn5_cpldc,Rs2,0.19762767384030155,7.826993480466656e-07,40.0
s7b_j5_s11_pos100_tap5_dc_mcnom_dc_a0_f0_dac1p25_sweepn40p40_k3_rp5_rn5_cpldc,Rt1,19.801838916453924,0.000714231009969379,40.0
s7b_j5_s11_pos100_tap5_dc_mcnom_dc_a0_f0_dac1p25_sweepn40p40_k3_rp5_rn5_cpldc,Rt2,19.801838916453924,0.000714231009969379,40.0
