F1_E10_J,F1_E_extrap_J,F1_E_sim_J,F1_P_W,F1_Tj_C,F1_period_spread,F1_vds_V,F2_E10_J,F2_E_extrap_J,F2_E_sim_J,F2_P_W,F2_Tj_C,F2_period_spread,F2_vds_V,Ilim_max_mA,Ilim_min_mA,idss25_A,idss_kind,n,span_max_V,temp_C,vth25_V
1.3067666076724893,1.1760917121226389,0.13067518520231747,0.13067685690251543,32.66916519181223,0.009620285939535941,317.9466574887419,1.3415342708988507,1.2074010124007712,0.13413330607689503,0.13415566804453014,33.53835677247127,0.00439945971859059,322.8063666979907,1.3068321273308758,1.3068108356485837,0.007,minimum,6,10.61716493930337,0,-1.6
1.9283907725754066,1.7355523893979459,0.19283871670410477,0.19283915437754953,48.20976931438516,0.008181357099232383,317.1722532501843,1.9806995424400768,1.7826549925617723,0.19804456767084705,0.19807277695130804,49.51748856100192,0.0037275802443552295,322.0072139957951,1.9341189463548125,1.934063821973822,0.007,minimum,6,10.650920255614803,0,-2.7
1.61119055201796,1.4500732877330584,0.16111757599498794,0.16111925419256204,40.279763800449,0.009102697702482303,317.4762584442132,1.6550777161269017,1.4896576357232523,0.16542008451371357,0.16551751508036136,41.37694290317254,0.004152266932031124,322.32025885706486,1.6136608632882077,1.6135695989309105,0.021,sensitivity_NOT_max,6,10.634100868530107,0,-1.6
2.5308107351264013,2.277733014583445,0.2530780853698182,0.25308144606482724,63.270268378160026,0.008996225223412514,316.22971107248384,2.601548815523527,2.3415297050825563,0.2600192440772333,0.2601699672313951,65.03872038808818,0.004075523438131149,321.0550822282405,2.54532573141137,2.5452954234636076,0.021,sensitivity_NOT_max,6,10.681377018773134,0,-2.7
1.3336435509574252,1.2002821897828782,0.13336165909301448,0.13336468775365312,58.341088773935624,0.009324279248370974,317.83378148467546,1.3691035211389373,1.2322102671888133,0.13689332687223085,0.13691225190986814,59.227588028473434,0.0042604804962489565,322.69667399585467,1.3336070947714551,1.3335902426299777,0.007,minimum,6,10.615891308439656,25,-1.6
1.9032368082630948,1.7129213837377353,0.19031575432177084,0.1903245981930817,72.58092020657737,0.009320329011697798,317.0871549731734,1.9547414347341574,1.759294997374935,0.1954465762730214,0.19547722193054834,73.86853586835393,0.004243454015683721,321.92576248111584,1.9081826351658726,1.9081670231332615,0.007,minimum,6,10.647538079546191,25,-2.7
1.6709573202543406,1.5038686034591067,0.16708904215631903,0.1670965114954563,66.77393300635852,0.008994300280783867,317.2797528782355,1.716473721193167,1.544916239538182,0.17155772241687384,0.1716573599486869,67.91184302982919,0.004092448283081013,322.125346980217,1.673616057347109,1.6735852208523694,0.021,sensitivity_NOT_max,6,10.634981296958454,25,-1.6
2.546377692128251,2.2917449510738592,0.2546331161412591,0.25463832789709545,88.65944230320626,0.008263086694632982,316.0180298262558,2.6163933840650433,2.354780690981546,0.26161301659943426,0.26164229899794955,90.40983460162609,0.0037457750929383816,320.84534972822854,2.5606981710249515,2.560663092336518,0.021,sensitivity_NOT_max,6,10.680687574396707,25,-2.7
1.364448280718187,1.228003652837236,0.13644492341501094,0.13644485031524844,104.11120701795468,0.008463741097920134,317.6040366348421,1.4008130935777414,1.2607529849641224,0.1400601140643018,0.1400836649960136,105.02032733944354,0.003861471822317632,322.4736322477744,1.3641645721664402,1.3641407477393424,0.007,minimum,6,10.612721714999736,70,-1.6
1.8399788153034706,1.6559822523446648,0.18399689234374889,0.1839980280382961,115.99947038258676,0.009660652596465308,316.91691090061073,1.8897056010623752,1.700763650395167,0.18894195611867143,0.18897373893279634,117.24264002655937,0.004394904955013711,321.76299528646274,1.8436599406567444,1.8436437064848001,0.007,minimum,6,10.64031035150892,70,-2.7
1.763304012921408,1.586973972818481,0.1763303581263928,0.17633044142427567,114.0826003230352,0.009937685910365097,316.8648518262112,1.8114796675687632,1.6304249022161446,0.18105476535261872,0.1811583224684605,115.28699168921908,0.004518355993753805,321.7135179926883,1.7663208728989008,1.7663005913447911,0.021,sensitivity_NOT_max,6,10.636014520051964,70,-1.6
2.555122972459196,2.2996138302523628,0.25550951150309736,0.25551264780581806,133.8780743114799,0.007886559220669899,315.5764415051163,2.626369768205105,2.3638693337247223,0.262500808644792,0.2626521481916358,135.6592442051276,0.0035595940382724886,320.4074761100364,2.5687519936065244,2.568712368979237,0.021,sensitivity_NOT_max,6,10.678515946156352,70,-2.7
