amp_input_peak,amplitude,bav0_e,bav0_energy_simulated_J,bav0_p,bav1_e,bav1_energy_simulated_J,bav1_p,bav2_e,bav2_energy_simulated_J,bav2_p,bav5_e,bav5_energy_simulated_J,bav5_p,body,borne,cc1_v,cc2_v,cc3_v,cdiv4_v,cdiv5_v,d0n_i2t,d0n_peak,d0p_i2t,d0p_peak,d1n_i2t,d1n_peak,d1p_i2t,d1p_peak,d2n_i2t,d2n_peak,d2p_i2t,d2p_peak,d5n_i2t,d5n_peak,d5p_i2t,d5p_peak,dbr1_i2t,dbr1_peak,dbr2_i2t,dbr2_peak,dbr3_i2t,dbr3_peak,dbr4_i2t,dbr4_peak,elapsed_s,energy_extrapolated_duration_s,energy_simulated_duration_s,extrapolation_basis,extrapolation_valid,frequency,fuse,id,injn_peak,injp_peak,leak_bav_final,leak_prot_final,leak_tvs_final,load,macro,mode,mux_excess,mux_max,mux_min,n1_max,n1_min,n2_excess,n2_max,n2_min,observed_ain_max,observed_ain_min,observed_bav0_peak_W,observed_bav1_peak_W,observed_bav2_peak_W,observed_bav5_peak_W,observed_d0n_peak,observed_d0p_peak,observed_d1n_peak,observed_d1p_peak,observed_d2n_peak,observed_d2p_peak,observed_dbr1_i2t,observed_dbr1_i2t_8p3ms,observed_dbr1_peak,observed_dbr2_i2t,observed_dbr2_i2t_8p3ms,observed_dbr2_peak,observed_dbr3_i2t,observed_dbr3_i2t_8p3ms,observed_dbr3_peak,observed_dbr4_i2t,observed_dbr4_i2t_8p3ms,observed_dbr4_peak,observed_maxstep_s,observed_n1_max,observed_n1_min,observed_n2_max,observed_n2_min,observed_pass_vds,observed_ptc_peak_W,observed_ptc_v,observed_rc1_peak_W,observed_rc1_v,observed_rc2_peak_W,observed_rc2_v,observed_rc3_peak_W,observed_rc3_v,observed_rdiv1_peak_W,observed_rdiv1_v,observed_rdiv2_peak_W,observed_rdiv2_v,observed_rdiv3_peak_W,observed_rdiv3_v,observed_rdiv4_peak_W,observed_rdiv4_v,observed_rdiv5_peak_W,observed_rdiv5_v,observed_rn_max,observed_rn_min,observed_rp_max,observed_rp_min,observed_rprot1_peak_W,observed_rprot1_v,observed_rprot2_peak_W,observed_rprot2_v,observed_rprot3_peak_W,observed_rprot3_v,observed_rs_peak_W,observed_rs_v,observed_rshunt_peak_W,observed_rshunt_v,observed_rwarn_peak_W,observed_rwarn_v,observed_shunt_max,observed_shunt_min,observed_span_max,observed_stop_s,observed_theta_max,observed_theta_min,observed_tvs_e_J,observed_tvs_peak_W,observed_tvs_semicycle_max_J,observed_vin_max,observed_vin_min,observed_vptc_peak,observed_vsense_peak,observed_x0_max,observed_x0_min,observed_x1_max,observed_x1_min,observed_x2_max,observed_x2_min,observed_x5_max,observed_x5_min,opening,p,pass_final,pass_peak,pass_vds,periodic_power_relative_change_max,periodic_rail_drift_V,phase,power,ptc_e,ptc_energy_simulated_J,ptc_peak,ptc_resistance_final_ohm,ptc_v,rail,raw_complete,raw_points,rc1_e,rc1_energy_simulated_J,rc1_p,rc1_v,rc2_e,rc2_energy_simulated_J,rc2_p,rc2_v,rc3_e,rc3_energy_simulated_J,rc3_p,rc3_v,rcold,rdiv1_e,rdiv1_energy_simulated_J,rdiv1_p,rdiv1_v,rdiv2_e,rdiv2_energy_simulated_J,rdiv2_p,rdiv2_v,rdiv3_e,rdiv3_energy_simulated_J,rdiv3_p,rdiv3_v,rdiv4_e,rdiv4_energy_simulated_J,rdiv4_p,rdiv4_v,rdiv5_e,rdiv5_energy_simulated_J,rdiv5_p,rdiv5_v,relay,relay_v,remove,returncode,rn_max,rn_min,rp_max,rp_min,rprot1_e,rprot1_energy_simulated_J,rprot1_p,rprot1_v,rprot2_e,rprot2_energy_simulated_J,rprot2_p,rprot2_v,rprot3_e,rprot3_energy_simulated_J,rprot3_p,rprot3_v,rs,rs_e,rs_energy_simulated_J,rs_p,rs_v,rshunt_e,rshunt_energy_simulated_J,rshunt_p,rshunt_v,rwarn_e,rwarn_energy_simulated_J,rwarn_p,rwarn_v,shunt_excess,shunt_max,shunt_min,signature,source,span_max,status,step,stimulus,stop,tap,terminal_final,theta_final,theta_max,theta_min,tvs_e,tvs_energy_simulated_J,tvs_p,tvs_peak_p,x0_excess,x0_max,x0_min,x1_excess,x1_max,x1_min,x2_excess,x2_max,x2_min,x5_excess,x5_max,x5_min
2.64361109038e-05,-50,4.58557856647e-07,4.585578570728624e-07,2.29278928323e-05,1.31045305731e-09,1.310453385156825e-09,6.55226528656e-08,1.09352682487e-12,1.0945608069333515e-12,5.46763412433e-11,1.16992712279e-12,1.1722264206495323e-12,5.84963561395e-11,0,vo,14.8982890469,14.8982890469,14.8982890469,0.0261042453289,5.28043444309,2.45819510331e-11,3.50622649878e-05,8.05829050055e-24,4.78137991873e-09,3.36197079778e-16,1.47668774379e-07,6.63256431198e-24,2.63343643767e-09,2.01517556298e-23,5.50081556694e-09,3.60185305313e-24,1.37547240741e-09,4.75349245827e-23,7.00071860725e-09,1.62064681581e-23,3.3718721695e-09,7.16520000632e-32,4.62702016073e-13,7.16523106969e-32,4.62702128673e-13,7.16523107114e-32,4.62702110612e-13,7.16520000112e-32,4.62701998013e-13,7.58191129998886,,,,,60,1,P1_t25_vo_v_k0_rs100_pwr1_body0_rail0d98_open0_actual0_ph0_i0_tap2_dc_ampm50_f60_fuse1_macroinput_ptc40,3.52160484457e-05,1.13087879035e-08,-2.50092481446e-12,-3.50584982811e-05,-5.07879358915e-07,0,input,v,0.483727069749,-5.28423945919,-5.28555016307,-1.21881818715,-1.22241900884,-3.57820693641,-1.21886896276,-1.22246988746,-2.796719382906115e-07,-2.8458153278030567e-07,2.2930170501757243e-05,7.450447729357095e-08,8.283020730250113e-09,2.1718283803435643e-08,3.506226498779276e-05,4.781379918730733e-09,1.4766877437857873e-07,2.6334364376656705e-09,5.5008155669389325e-09,1.3754724074131752e-09,7.272569108652769e-32,3.8942337389912123e-32,4.627020160732954e-13,7.272600201649303e-32,3.894246861865911e-32,4.627021286733724e-13,7.272600203114558e-32,3.8942468620504755e-32,4.627021106122846e-13,7.272569103462393e-32,3.894233736179099e-32,4.6270199801297e-13,1.0000000000003062e-05,-1.2188181871536117,-1.2224190088413927,-1.2188689627558618,-1.2224698874570077,6.0229528479726,2.6943065947569805e-16,1.0379738513144332e-07,3.2431028696822782e-12,0.0001034516286466669,3.243102869682605e-12,0.0001034516286466669,3.2431028697939787e-12,0.00010345162865021962,7.398626356848974e-05,14.898281468191868,7.398626356848973e-05,14.898281468191865,7.398626356848974e-05,14.898281468191866,7.571462491015335e-10,0.026104245328899545,0.00027882987907811035,5.280434443093772,-4.800676823862257,-4.8020000000000005,4.8020000000000005,4.800471633505128,0.006681100969548238,14.848445440351384,0.006681100969548242,14.84844544035139,0.00668110096954824,14.848445440351387,2.6127233281166713e-11,5.1114805371010874e-05,7.729631248802973e-13,2.780221438807163e-07,2.699038687809228e-07,1.6428751284894505,-2.731057677681459e-07,-2.780221438807163e-07,9.604000000000001,0.02,2.0073472380212102e-22,3.8072289360191214e-29,1.2381217501979097e-08,6.226284304903219e-07,5.158857092030624e-09,-50.0,-50.0,2.595736483481793e-09,5.035450575735995e-09,-5.454663678945839,-5.4559832668107555,-5.3051555954244005,-5.306537292885734,-5.279104581703176,-5.280434443093772,-1.6374375615505885,-1.6428754103355718,0,P1,1.35089078639e-11,5.03545057574e-09,6.02295284797,,,0,1,7.89515298752e-21,7.914644523088288e-21,2.59573648348e-09,40.0,1.03797385131e-07,0.98,True,2021,3.90072790106e-18,4.149509642669267e-18,1.95036395053e-16,0.000103451628647,3.90072790103e-18,4.149509642641539e-18,1.95036395052e-16,0.000103451628647,3.90072790112e-18,4.149509642722937e-18,1.95036395056e-16,0.00010345162865,40,1.47971800061e-06,1.4797180006093884e-06,7.39859000305e-05,14.8982814682,1.47971800061e-06,1.4797180006093884e-06,7.39859000305e-05,14.8982814682,1.47971800061e-06,1.4797180006093882e-06,7.39859000305e-05,14.8982814682,1.51391627632e-11,1.5139162764130463e-11,7.5695813816e-10,0.0261042453289,5.57391535087e-06,5.573915350870518e-06,0.000278695767543,5.28043444309,0,48.7811818095,10.0,0,-4.80067682386,-4.802,4.802,4.80047163351,0.000133621718088,0.00013362171808794954,0.0066810859044,14.8484454404,0.000133621718088,0.00013362171808794954,0.0066810859044,14.8484454404,0.000133621718088,0.00013362171808794954,0.0066810859044,14.8484454404,100,5.15685827426e-13,5.156858274673001e-13,2.57842913713e-11,5.1114805371e-05,1.49497392136e-14,1.494973922624157e-14,7.47486960678e-13,2.78022143881e-07,5.36407229837e-09,5.364072298621364e-09,2.68203614918e-07,1.64287512849,-4.80047190722,-2.73105767768e-07,-2.78022143881e-07,9102a86736606568def5984ae4cce2c88b9c7909ee1baf46a4d75c71de2386af,0,9.604,ok,1e-05,dc,0.02,2,-50.0,2.0073472380212102e-22,2.00734723802e-22,3.80722893602e-29,1.23812175012e-08,1.2381217501979097e-08,6.19060875062e-07,6.2262843049e-07,0.653986952322,-5.45466367895,-5.45598326681,0.504941427786,-5.30515559542,-5.30653729289,0.478894316848,-5.2791045817,-5.28043444309,-3.15782475735,-1.63743756155,-1.64287541034
2.64361446747e-05,-50,4.58557856741e-07,4.585578571667955e-07,2.2927892837e-05,1.31045305672e-09,1.3104533845599317e-09,6.55226528358e-08,1.09352913297e-12,1.094562994461393e-12,5.46764566484e-11,1.16992762763e-12,1.1722269191642444e-12,5.84963813813e-11,0,vo,14.8982890469,14.8982890469,14.8982890469,0.0261042431963,5.28043444525,2.45819510429e-11,3.50622649943e-05,8.05828664926e-24,4.78138011822e-09,3.36197080338e-16,1.47668773763e-07,6.63256086544e-24,2.63343650705e-09,2.01517422636e-23,5.57367160238e-09,3.60157994362e-24,1.37541191544e-09,4.7534864569e-23,7.000714548e-09,1.62064387262e-23,3.3718687174e-09,7.16520283703e-32,4.61377777616e-13,7.16523390124e-32,4.61377813586e-13,7.16523390384e-32,4.61377773002e-13,7.16520283182e-32,4.6137773703e-13,7.333703699987382,,,,,60,1,P1_t25_vo_v_k0_rs330_pwr1_body0_rail0d98_open0_actual0_ph0_i0_tap2_dc_ampm50_f60_fuse1_macroinput_ptc40,3.52161213085e-05,1.12760247233e-08,-2.50100287702e-12,-3.50584982881e-05,-5.07844630183e-07,0,input,v,0.483727071786,-5.28423946137,-5.28555016523,-1.21873484709,-1.2223354301,-3.5781735058,-1.21890239511,-1.22250331809,-2.7967199609596974e-07,-2.8458158781458355e-07,2.293017050617234e-05,7.450447698618942e-08,8.282702528752975e-09,2.1718262248536057e-08,3.5062264994254605e-05,4.781380118223932e-09,1.476687737627519e-07,2.6334365070546095e-09,5.5736716023796484e-09,1.3754119154371636e-09,7.272573045418529e-32,3.894236266437259e-32,4.613777776158768e-13,7.272604139161501e-32,3.894249390345393e-32,4.613778135861241e-13,7.2726041417658e-32,3.8942493912646235e-32,4.6137777300176e-13,7.272573040219652e-32,3.8942362641305097e-32,4.613777370303893e-13,1.0000000000003062e-05,-1.2187348470853083,-1.2223354301022953,-1.218902395112857,-1.222503318088653,6.022986288860777,2.693501884958573e-16,1.0378193660010027e-07,3.243103432265486e-12,0.00010345163762082166,3.2431034322655948e-12,0.00010345163762082166,3.2431034322655948e-12,0.00010345163762082166,7.398626356821e-05,14.898281468163702,7.398626356821e-05,14.898281468163702,7.398626356821e-05,14.898281468163702,7.571461253921246e-10,0.026104243196325427,0.0002788298793059893,5.280434445251539,-4.80067682389213,-4.8020000000000005,4.8020000000000005,4.800471633520695,0.006681100969537658,14.848445440339631,0.006681100969537656,14.848445440339624,0.0066811009695376565,14.848445440339628,8.620809868702891e-11,0.00016866734291709484,7.729634264089527e-13,2.780221981081641e-07,2.6990393404442834e-07,1.642875327115324,-2.731058247779881e-07,-2.780221981081641e-07,9.604000000000001,0.02,2.00733789028182e-22,1.2827526835506845e-29,1.2379524307718687e-08,6.225432932014012e-07,5.158151592348615e-09,-50.0,-50.0,2.595347488395173e-09,5.035224241950551e-09,-5.454663678981117,-5.455983266816329,-5.305155595508893,-5.306537292908278,-5.279104583874909,-5.280434445251539,-1.6374377640218691,-1.642875608961501,0,P1,1.35089780108e-11,5.03522424195e-09,6.02298628886,,,0,1,7.89516637044e-21,7.914660588203162e-21,2.5953474884e-09,40.0,1.037819366e-07,0.98,True,2021,3.90072797071e-18,4.149509681511011e-18,1.95036398535e-16,0.000103451637621,3.9007279707e-18,4.149509681540797e-18,1.95036398535e-16,0.000103451637621,3.9007279708e-18,4.149509681608032e-18,1.9503639854e-16,0.000103451637621,40,1.47971800061e-06,1.47971800060683e-06,7.39859000303e-05,14.8982814682,1.47971800061e-06,1.4797180006068297e-06,7.39859000303e-05,14.8982814682,1.47971800061e-06,1.4797180006068297e-06,7.39859000303e-05,14.8982814682,1.51391602903e-11,1.5139160291219225e-11,7.56958014515e-10,0.0261042431963,5.57391535545e-06,5.5739153554544866e-06,0.000278695767773,5.28043444525,0,48.7812651495,10.0,0,-4.80067682389,-4.802,4.802,4.80047163352,0.000133621718088,0.00013362171808781325,0.00668108590439,14.8484454403,0.000133621718088,0.00013362171808781325,0.00668108590439,14.8484454403,0.000133621718088,0.00013362171808781322,0.00668108590439,14.8484454403,330,1.70153046005e-12,1.7015304601864477e-12,8.50765230025e-11,0.000168667342917,1.49497454493e-14,1.4949745461978934e-14,7.47487272464e-13,2.78022198108e-07,5.36407362315e-09,5.364073623408651e-09,2.68203681158e-07,1.64287532712,-4.80047190724,-2.73105824778e-07,-2.78022198108e-07,418bfb75de37a78eab6d4f5e1732d85d87381d099495fbacb5bcbdc07ec61bc5,0,9.604,ok,1e-05,dc,0.02,2,-50.0,2.00733789028182e-22,2.00733789028e-22,1.28275268355e-29,1.2379524307e-08,1.2379524307718687e-08,6.18976215349e-07,6.22543293201e-07,0.653986952327,-5.45466367898,-5.45598326682,0.50494142775,-5.30515559551,-5.30653729291,0.478894318933,-5.27910458387,-5.28043444525,-3.15782455874,-1.63743776402,-1.64287560896
,230,,5.2604666790388034e-05,,,1.2680031416320618e-08,,,2.495139073727992e-10,,,2.885427353205724e-10,,0,vo,,,,,,,,,,,,,,,,,,,,,,,,,,,,,,60.18489619999309,9.893226831154116,0.10677316884588287,last_5_cycles; hot_PTC_required_if_never_open; estimates_invalid_unless_extrapolation_valid,False,60,1,P2_t25_vo_v_k0_rs100_pwr1_body0_rail0d98_open0_actual0_ph0_i0_tap2_mains_amp230_f60_fuse1_macroinput_ptc40,,,,,,0,input,v,,,,,,,,,6.310901943645417e-06,-4.550714573498638e-07,0.001434120744031309,3.761127329722654e-07,6.785248461938806e-07,2.6438100055966087e-06,0.0017936744917460695,0.0007273975056852448,6.822754344392584e-07,6.094725456956551e-08,1.342533092942716e-07,1.2604764688495078e-07,3.9851963793879334e-28,4.642092064014488e-29,3.581560471589443e-12,3.9851276960503887e-28,4.641994140001973e-29,3.5815599701938354e-12,3.9851276960878847e-28,4.641994140066855e-29,3.581559970195207e-12,3.9851963794348583e-28,4.642092064068999e-29,3.581560471592028e-12,5.000000000000837e-05,2.073169574701623,-1.663332811546565,2.073255241722557,-1.663404683202403,6.4639351262574865,6.014623726227098e-13,4.904945963501994e-06,5.637787453127149e-08,0.01363990417683425,5.637787453127149e-08,0.01363990417683425,5.6377874531264157e-08,0.013639904176832474,0.003798182971007558,106.74525241444078,0.0037981829710075593,106.7452524144408,0.00379818297100756,106.7452524144408,1.1546931213254029e-05,3.223699441934472,0.00030226063988014523,5.497823568287229,-4.800278799720736,-5.0157806533422296,4.8020000000000005,4.800507806646868,0.3441596280214588,106.57048242692787,0.34415962802145866,106.57048242692784,0.34415962802145866,106.57048242692784,8.102081139124117e-11,9.001156114152309e-05,3.9716444343483066e-10,6.302098407949774e-06,4.843890324320276e-07,2.200883987019824,6.302098407949774e-06,-4.4633733162433556e-07,9.816311096696904,0.10677316884588287,7.90722894625473e-16,1.9911565198069572e-43,1.1973864113990097e-07,1.7908467022785454e-06,1.1054253399594058e-08,325.2691189686884,-325.2691037360906,1.2262364908772257e-07,4.703384500811397e-07,5.557671687904871,-5.81252820258062,5.033827568993395,-5.562583300424506,5.154073340897885,-5.497823568287229,2.2008902979217675,-2.183531891004313,0,P2,,,,inf,1.929461035388158e-10,0,1,,3.1351840715859405e-14,,40.0,,0.98,False,29101,,2.8031548012361433e-09,,,,2.8031548012362004e-09,,,,2.8031548012361586e-09,,,40,,0.00020313215790709364,,,,0.0002031321579070937,,,,0.00020313215790709375,,,,2.8903587347238774e-08,,,,2.7747019345303988e-05,,,0,,10.0,,,,,,,0.01840924667421305,,,,0.018409246674213054,,,,0.018409246674213054,,,100,,5.016606058547694e-12,,,,1.5297079145512575e-11,,,,3.8609727023366074e-08,,,,,,a085fb59e76e405c5e5edd562346df1d1964e02e44144f2e9295e0a93472dffc,0,,timeout,5e-05,mains,1.0,2,,7.90722894625473e-16,,,,1.1973864113990097e-07,,,,,,,,,,,,,,
,230,,5.259412423390733e-05,,,1.2680095252399513e-08,,,2.494079313698116e-10,,,2.887552509979697e-10,,0,vo,,,,,,,,,,,,,,,,,,,,,,,,,,,,,,60.47239909999189,9.893304971141603,0.10669502885839717,last_5_cycles; hot_PTC_required_if_never_open; estimates_invalid_unless_extrapolation_valid,False,60,1,P2_t25_vo_v_k0_rs330_pwr1_body0_rail0d98_open0_actual0_ph0_i0_tap2_mains_amp230_f60_fuse1_macroinput_ptc40,,,,,,0,input,v,,,,,,,,,6.310887099236961e-06,-4.550706086330767e-07,0.001434122622089989,3.7611264229575304e-07,6.768548222373492e-07,2.6439233820306127e-06,0.0017936763334760238,0.0007273909834776358,6.822754674944143e-07,6.080361888462227e-08,1.339020140166819e-07,1.2594955323531973e-07,4.127851895948428e-28,4.594529011178712e-29,3.575684486132668e-12,4.12778317682064e-28,4.5944310977481417e-29,3.5756838771155203e-12,4.127783176854904e-28,4.594431097772078e-29,3.5756838771170648e-12,4.1278518960064505e-28,4.594529011239598e-29,3.5756844861365456e-12,5.000000000000837e-05,2.0729846714567017,-1.6632028785074908,2.0732673603050875,-1.6634400556056854,6.463970498663235,6.014641368845957e-13,4.904953157303105e-06,5.6278878899163065e-08,0.013627923553030996,5.627887889916305e-08,0.013627923553030996,5.627887889916304e-08,0.013627923553030996,0.0037981548067648457,106.74485664562269,0.003798154806764847,106.7448566456227,0.003798154806764848,106.7448566456227,1.1541375849127125e-05,3.2229238688207347,0.000302259750031961,5.497815475549912,-4.800278799745543,-5.015772435692316,4.8020000000000005,4.800507806645386,0.34415702306753854,106.57007910867279,0.3441570230675384,106.57007910867274,0.3441570230675385,106.57007910867276,2.673205363782227e-10,0.00029701140887983257,3.97162573716655e-10,6.3020835738401235e-06,4.843878991088035e-07,2.200881412318264,6.3020835738401235e-06,-4.4633650024479053e-07,9.816302879034879,0.10669502885839717,7.899364212398506e-16,1.9911565117823135e-43,1.196092996494954e-07,1.7905272700393537e-06,1.105229613695861e-08,325.26790870270383,-325.26906396812285,1.2262382893281275e-07,4.721244425192825e-07,5.557671376685544,-5.812521105033184,5.033827566675768,-5.562574458393675,5.154073221212719,-5.497815475549912,2.200887723205363,-2.183527577258644,0,P2,,,,inf,1.2082335132390654e-10,0,1,,3.1320637790889475e-14,,40.0,,0.98,False,29101,,2.8002284663921285e-09,,,,2.800228466392134e-09,,,,2.8002284663921558e-09,,,40,,0.0002030389748612451,,,,0.00020303897486124517,,,,0.0002030389748612452,,,,2.890081603595062e-08,,,,2.772633548462972e-05,,,0,,10.0,,,,,,,0.01840082435274104,,,,0.01840082435274104,,,,0.01840082435274104,,,330,,1.653275634288057e-11,,,,1.5276317995211437e-11,,,,3.8579374541715743e-08,,,,,,b93079d62b01735998c6ca97b3838234c3c1cf2bbce7241ddd2a10dd8b3a34e6,0,,timeout,5e-05,mains,1.0,2,,7.899364212398506e-16,,,,1.196092996494954e-07,,,,,,,,,,,,,,
,230,,3.0657723792679025e-05,,,2.507218225800828e-09,,,2.8382167777223823e-05,,,4.008540045351721e-10,,0,vo,,,,,,,,,,,,,,,,,,,,,,,,,,,,,,60.450345199991716,9.925939971260643,0.0740600287393568,last_5_cycles; hot_PTC_required_if_never_open; estimates_invalid_unless_extrapolation_valid,False,60,1,P3_t25_vo_ohm_k1_rs100_pwr1_body0_rail0d98_open0d02_actual0d023_ph0_i0d001_tap6_mains_amp230_f60_fuse1_macroinput_ptc40,,,,,,0,input,ohm,,,,,,,,,8.210232264319353e-09,-1.0062001703053344e-05,0.0012942922640584607,4.389440519038524e-07,0.05721015646822412,7.841105417155221e-06,0.0016287412154183945,0.0007171588149186559,4.155885335865861e-07,7.3871721439564e-08,0.05812452658616669,0.0019200605006862263,6.267496972625036e-27,8.734886868469222e-35,1.5820662683293512e-10,6.267518591670476e-27,8.73488686171143e-35,1.5820664120959398e-10,6.2675185916711434e-27,8.734886867009099e-35,1.582066412098001e-10,6.267496972626174e-27,8.734886873749425e-35,1.582066268331432e-10,5.000000000000837e-05,16.688073177190784,-16.688410027284366,15.689721227085519,-15.821164840993644,20.12055410272768,2368.698136783251,307.81150964726714,5.5064390959668213e-08,0.013480077528221557,5.506439095969724e-08,0.013480077528228662,5.506439095968269e-08,0.01348007752822511,0.0037984393263131794,106.74885469614904,0.003798439326313182,106.74885469614907,0.003798439326313182,106.74885469614907,0.00022774367960290336,14.316749339239443,0.00027311956822256546,5.226084272402861,-4.7990346991936725,-14.997137856016838,16.12556738293677,4.7505950985501695,0.3441603811185036,106.57059902670446,0.34416038111850344,106.57059902670441,0.3441603811185035,106.57059902670443,0.9980601807318644,9.990296195468202,1.0022884230631917e-09,1.0011435576695241e-05,1.5980832347296934e-05,12.641531690146149,5.8641976527818594e-09,-1.0011435576695241e-05,22.616767413642048,0.0740600287393568,0.7106276705385417,1.0778524988633554e-16,1.8568629969540968,128.27703397904182,0.6454355358035645,325.26911159857605,-325.2691110220297,7.695287741181711,0.09993593714295547,16.865314636129522,-15.791737779901384,15.907474693617461,-15.532310713252143,1.590725354378018,-5.226084272402861,0.5865086611767313,-12.641541752147852,0.02,P3,,,,inf,inf,0,1,,28.151634611891538,,40.0,,0.98,False,34201,,1.893872509191452e-09,,,,1.893872509191507e-09,,,,1.893872509191507e-09,,,40,,0.0001374372969957802,,,,0.00013743729699578026,,,,0.00013743729699578028,,,,4.65424180660933e-06,,,,2.245684817286007e-06,,,1,,10.0,,,,,,,0.01243381090005636,,,,0.01243381090005636,,,,0.01243381090005636,,,100,,0.000424468604123526,,,,6.386465894038686e-12,,,,1.1228178813667967e-07,,,,,,d5af9ec898d8e316c3b6f30a2130996b7cd20767bc62dea6a68a5ade529a36a6,0.001,,timeout,5e-05,mains,1.0,6,,0.7099097918836403,,,,1.8568629969540968,,,,,,,,,,,,,,
,230,,3.658852490483697e-05,,,2.69288154465827e-09,,,1.792646472422817e-05,,,3.2465611241489516e-10,,0,vo,,,,,,,,,,,,,,,,,,,,,,,,,,,,,,60.43355299998075,9.917403113442257,0.08259688655774318,last_5_cycles; hot_PTC_required_if_never_open; estimates_invalid_unless_extrapolation_valid,False,60,1,P3_t25_vo_ohm_k1_rs330_pwr1_body0_rail0d98_open0d02_actual0d023_ph0_i0d001_tap6_mains_amp230_f60_fuse1_macroinput_ptc40,,,,,,0,input,ohm,,,,,,,,,3.927949099512648e-09,-7.840570463083853e-06,0.0013126885409264419,2.4278335283143446e-07,0.014652473345509858,7.728274883039172e-06,0.0016504987324390819,0.0007171597293830281,4.4548167968741503e-07,4.27400801837792e-08,0.016021555675251493,0.0007966977981310568,3.506555902170367e-27,1.5262005953268271e-35,1.4382735315924886e-10,3.506565508757622e-27,1.5262005938360295e-35,1.4382736541199083e-10,3.506565508758628e-27,1.5262005942957077e-35,1.4382736541203713e-10,3.506555902170218e-27,1.5262005957859945e-35,1.4382735315929506e-10,5.000000000000837e-05,16.688545792331922,-16.68876901583883,14.006333966520614,-14.294204621562105,18.59381123356244,2368.690880118346,307.81103814635,5.598117214850163e-08,0.013591830932220716,5.5981172148501617e-08,0.013591830932220716,5.5981172148501617e-08,0.013591830932220716,0.003798441557602196,106.74888604948808,0.003798441557602198,106.74888604948809,0.003798441557602198,106.74888604948809,0.00018404809388060029,12.870248035393113,0.00019233010758850386,4.385545662611483,-4.799375777682347,-13.492905158008421,14.453789762333932,4.770627092769799,0.34416059058888465,106.57063145835815,0.34416059058888454,106.57063145835812,0.34416059058888454,106.57063145835812,1.0502762595163782,18.616959086822014,6.078680677411082e-10,7.796589432188335e-06,1.2089569413872255e-05,10.99525780228561,2.8052928172839104e-09,-7.796589432188335e-06,19.25316561956218,0.08259688655774318,0.7106243819159482,1.0788663943529901e-16,1.8575090369603444,128.30295004582675,0.6456097988984169,325.26911153404774,-325.2691193421013,7.695275953658759,0.05651054178050898,15.196716669779034,-14.287850979136547,14.300248973818903,-14.029547377647066,1.4300010542312354,-4.385545662611483,0.2806654602832276,-10.995265642856072,0.02,P3,,,,inf,inf,0,1,,28.151505144215548,,40.0,,0.98,False,36601,,2.1320185751419423e-09,,,,2.1320185751419217e-09,,,,2.1320185751419444e-09,,,40,,0.00015371585809790023,,,,0.00015371585809790023,,,,0.00015371585809790026,,,,4.2224519242602495e-06,,,,1.5945157244052706e-06,,,1,,10.0,,,,,,,0.013914413640521683,,,,0.013914413640521685,,,,0.013914413640521687,,,330,,0.000780812619196125,,,,3.592367378822548e-12,,,,8.033045379850853e-08,,,,,,5eda403ba2c2577d086156d502d26a87c4c6c5aa5f5b29afb9edab99909e20ae,0.001,,timeout,5e-05,mains,1.0,6,,0.7097865539352944,,,,1.8575090369603444,,,,,,,,,,,,,,
,230,,3.405454257084276e-09,,,2.7981482121939905e-11,,,4.58367592891665e-13,,,3.4727328465658017e-12,,0,vo,,,,,,,,,,,,,,,,,,,,,,,,,,,,,,3.3055477000016253,9.999448775499411,0.0005512245005882756,last_5_cycles; hot_PTC_required_if_never_open; estimates_invalid_unless_extrapolation_valid,False,60,1,P4_t25_vo_v_k0_rs100_pwr0_body0_rail0d98_open0_actual0_ph0_i0_tap0_mains_amp230_f60_fuse1_macroinput_ptc40,,,,,,0,input,v,,,,,,,,,9.267769052149074e-07,-2.5128258103299015e-35,1.8810834273289545e-05,6.595857089918023e-06,8.540958260581688e-07,1.443956594505047e-06,5.285224156233149e-06,2.7613588027608276e-05,8.530234136344168e-06,1.5593425724887578e-06,1.6162465155878575e-06,1.463904139534667e-06,8.415865544319977e-31,8.415865544319977e-31,9.769380661200192e-13,8.415858496296855e-31,8.415858496296855e-31,9.769278428372978e-13,8.41585849618726e-31,8.41585849618726e-31,9.769378025906158e-13,8.41586554421415e-31,8.41586554421415e-31,9.769480258747801e-13,8.23938547767696e-06,0.5284389545632909,-6.939482650841457e-28,0.5284490346158605,-6.9397717973398055e-28,0.3519045077756898,5.989548157263411e-13,4.894710673553071e-06,5.535076824279788e-08,0.013515085467774135,5.535076824279606e-08,0.013515085467773691,5.535076824279606e-08,0.013515085467773691,0.00016342596911173365,22.14222001821861,0.00016342596920518787,22.142220024549562,0.00016342596953719112,22.14222004704075,2.0403972552212397e-07,0.4285274238247905,9.441198004596533e-07,0.30726532516046345,4.761361517340772e-06,0.0,0.17654452689644098,1.2109089877243605e-45,0.014793073772995269,22.09460193144117,0.014793073772995269,22.09460193144117,0.01479307377299527,22.094601931441172,1.4763795781063598e-12,1.2150636107242943e-05,8.54266075660234e-12,9.242651544119978e-07,3.943061123899566e-08,0.6279379845095825,9.242651544119978e-07,-1.739837004482605e-35,0.17653976553492365,0.0005512245005882756,8.133250942255632e-18,2.359904282470208e-84,3.651956023427965e-11,1.1635322029164325e-07,,67.10767881918609,9.621176184963852e-42,1.2236776710063636e-07,1.3062166424361588e-06,0.8238732895554107,7.607156803922223e-31,0.6810187682265225,1.7447105789581983e-29,0.30726532516046345,3.645161840594121e-30,0.6279389112864513,-1.9324720399978584e-27,0,P4,,,,inf,inf,0,0,,3.221144553792399e-16,,40.0,,0.98,False,301,,2.9347445795782335e-11,,,,2.934744579578278e-11,,,,2.934744579578239e-11,,,40,,3.002450853658351e-08,,,,3.002450853658351e-08,,,,3.002450853658351e-08,,,,7.641915580691619e-11,,,,2.318891086258912e-10,,,0,,10.0,1,,,,,,2.714338755027067e-06,,,,2.714338755027067e-06,,,,2.714338755027067e-06,,,100,,1.7403846826385406e-16,,,,2.080199010296097e-15,,,,1.335976379658139e-11,,,,,,97e18bef1f48230bed1f85871af2e3d187e81ccc0d8a315de2431629ac61baca,0,,numerical_failure,5e-05,mains,1.0,0,,8.133250942255632e-18,,,,3.651956023427965e-11,,,,,,,,,,,,,,
,230,,3.4055926794954686e-09,,,2.798198037771723e-11,,,4.584105405151375e-13,,,3.472916786374667e-12,,0,vo,,,,,,,,,,,,,,,,,,,,,,,,,,,,,,5.124806600011652,9.999448767399855,0.0005512326001457557,last_5_cycles; hot_PTC_required_if_never_open; estimates_invalid_unless_extrapolation_valid,False,60,1,P4_t25_vo_v_k0_rs330_pwr0_body0_rail0d98_open0_actual0_ph0_i0_tap0_mains_amp230_f60_fuse1_macroinput_ptc40,,,,,,0,input,v,,,,,,,,,9.267738875780082e-07,-4.580484407271622e-36,1.78765880834027e-05,6.600843514893036e-08,1.0382150710487831e-08,1.6361022808180463e-08,2.257619018717879e-07,2.7614389316707368e-05,2.3492618844995437e-08,1.2939777773476706e-07,2.479630819535177e-08,2.6767424404110837e-08,8.429397745121945e-31,8.429397745121945e-31,1.7762304155775827e-13,8.429390678539528e-31,8.429390678539528e-31,1.7762302860749334e-13,8.42939067852814e-31,8.42939067852814e-31,1.7762302860559621e-13,8.429397745136118e-31,8.429397745136118e-31,1.7762304155549644e-13,8.246780409604075e-06,0.5284099072567294,2.3077171746087358e-28,0.5284431695263312,2.308034487243338e-28,0.351899548119178,6.130258636375256e-13,4.951871822402215e-06,5.535053982793957e-08,0.01351505758153504,5.535053982793594e-08,0.013515057581534151,5.535053982793594e-08,0.013515057581534151,0.00016343075344626843,22.142544125253657,0.00016343075344500091,22.14254412516779,0.00016343075344690854,22.14254412529702,2.0403979226989287e-07,0.42852749391713896,9.44106948033466e-07,0.3072632337318388,4.7613477326755795e-06,0.0,0.1765436214162989,2.1269767486045923e-45,0.014793507487177851,22.094925821936336,0.01479350748717785,22.094925821936332,0.014793507487177851,22.094925821936336,5.055680808051488e-12,4.084574233205942e-05,8.542605027103532e-12,9.242621396066991e-07,3.943048786001003e-08,0.6279370020950352,9.242621396066991e-07,-3.0395011040756565e-36,0.17653886006856623,0.0005512326001457557,8.13337733970887e-18,-1.371411862047155e-84,3.6518277840854316e-11,1.1634042920294391e-07,,67.10865064765702,-9.873470272110468e-42,1.2379679556005533e-07,1.3060067077918375e-06,0.8238731818480094,-9.833733464897328e-31,0.6810182722504253,5.321906127964159e-31,0.3072632337318388,4.6994744579733525e-31,0.6279379288689229,-3.85245830425296e-28,0,P4,,,,inf,inf,0,0,,3.221189487497086e-16,,40.0,,0.98,False,294,,2.934783939157179e-11,,,,2.934783939157159e-11,,,,2.934783939157144e-11,,,40,,3.002578569277621e-08,,,,3.002578569277621e-08,,,,3.002578569277621e-08,,,,7.642001860189189e-11,,,,2.3189632520345837e-10,,,0,,10.0,1,,,,,,2.7144543439355785e-06,,,,2.7144543439355785e-06,,,,2.7144543439355785e-06,,,330,,5.742402200635297e-16,,,,2.0802746276515084e-15,,,,1.3360032019510955e-11,,,,,,50d5e39f72ef5b09cd59e734f5ef877c5e7e0efb116d309345c378dcab4f211d,0,,numerical_failure,5e-05,mains,1.0,0,,8.13337733970887e-18,,,,3.6518277840854316e-11,,,,,,,,,,,,,,
0.00784314214557,230,2.35312812001e-10,2.3534196981773047e-10,2.35312812002e-08,2.10061641185e-10,2.100634225457883e-10,2.10061641185e-08,2.24888300808e-10,2.2488811282622574e-10,2.24888300808e-08,2.97784488138e-10,2.9779281314322007e-10,2.97784488139e-08,0,a,0.751903297862,0.751903297862,0.751903297862,3.8915812815,11.637820211,7.57902863044e-19,1.43366005994e-07,1.14869071016e-18,1.55488536257e-07,4.98563782414e-19,9.38447331823e-08,8.49822457029e-19,1.35804517814e-07,8.48002796133e-19,1.92238083984e-07,1.16110311293e-18,1.84080095565e-07,1.36134207128e-18,3.83917899728e-08,5.11206951952e-19,3.38743626769e-08,603.658675727,386.202863758,25.6643526271,218.234490957,25.6643526271,218.234490957,603.658675727,386.202863758,21.117611900001066,,,,,60,1,P5_t25_a_v_k0_rs100_pwr1_body0_rail0d98_open0_actual0_ph0_i0_tap4_mains_amp230_f60_fuse1_macroinput_ptc40,3.49738796986e-07,4.15485476319e-07,-3.49957372109e-09,-4.81997297977e-09,-2.86189616006e-06,0,input,v,0.497055743974,17.2716006824,-10.7281891878,14.157353153,-6.86855078414,0.128821724412,14.1579430425,-6.8688369046,40.97926580624657,-24.771994182559038,7.306842579492997e-07,6.951276715064186e-07,9.565803155753123e-07,1.7916237254898955e-07,1.4336600599393345e-07,1.5548853625653447e-07,9.384473318233e-08,1.358045178135453e-07,1.9223808398437237e-07,1.8408009556491588e-07,603.6586908852556,603.6586908852557,386.202863758375,25.664357750274835,1.2554667015695561e-17,218.23449095682525,25.664357750274835,1.255466701577083e-17,218.23449095682525,603.6586908852556,603.6586908852557,386.202863758375,1.000000000001e-06,14.157353153048692,-6.868550784142396,14.157943042532496,-6.868836904600494,11.669270502634657,3.433542382796625e-13,3.706154085514335e-06,1.449969194372635e-08,0.006917295961161196,1.449969194372635e-08,0.006917295961161196,1.449969194372635e-08,0.006917295961161196,1.8848820410130433e-07,0.7519738109162537,1.884882041013038e-07,0.7519738109162519,1.8848820410130394e-07,0.7519738109162528,1.6827116522793062e-05,3.891581281499046,0.0013543885926255801,11.637820210956948,-4.799560311102051,-10.231133443810139,16.893686505186416,4.8004335980341635,1.3882678061953864e-07,0.06768518124704087,1.3882678061953874e-07,0.06768518124704093,1.3882678061953864e-07,0.06768518124704087,3.4796960310236337e-09,0.0005898894838036739,3325.5454003840164,18.23607797851286,5.951366194300054e-05,24.39542209985319,18.23607797851286,-11.458682463230325,21.693246816288468,0.01,1.373068637390055e-19,1.903163423538206e-40,3.9816362397844325e-07,8.351277012505739e-05,3.887248138358583e-07,14.767865586469458,-8.436035728207017,9.264435054702057e-08,6.898313159812292e-07,14.773797001148397,-8.46386988945944,14.359491324363049,-6.180114295458258,11.637820210956948,-2.2885330139592126,16.58665007757539,-10.702915414518845,0,P5,1.29312154647e-08,6.89831315981e-07,11.6692705026,,,0,1,5.47879487628e-18,5.5086558026096825e-18,9.2644350547e-08,40.0,3.70615408551e-06,0.98,True,10029,5.74202598309e-13,5.752187822514075e-13,5.7420259831e-11,0.00691729596116,5.74202598309e-13,5.752187822514045e-13,5.74202598309e-11,0.00691729596116,5.74202598309e-13,5.752187822514108e-13,5.7420259831e-11,0.00691729596116,40,1.71612387541e-10,1.7161333617094972e-10,1.71612387541e-08,0.751973810916,1.71612387541e-10,1.7161333617094946e-10,1.71612387541e-08,0.751973810916,1.71612387541e-10,1.7161333617094895e-10,1.71612387541e-08,0.751973810916,5.07757047651e-08,5.0775738848856986e-08,5.07757047651e-06,3.8915812815,6.19095803126e-06,6.190958360701382e-06,0.000619095803126,11.637820211,0,2.80627454367,10.0,0,-4.7995603111,-10.2311334438,16.8936865052,4.80043359803,8.65676268218e-12,8.666743766056201e-12,8.65676268219e-10,0.067685181247,8.65676268218e-12,8.666743766056191e-12,8.65676268219e-10,0.067685181247,8.65676268218e-12,8.666743766056185e-12,8.65676268219e-10,0.067685181247,100,1.65887970311e-11,1.658879932210141e-11,1.65887970311e-09,0.000589889483804,15.5375636671,15.537564234665155,1553.75636671,18.2360779785,2.59454837938e-07,2.5945484730097777e-07,2.59454837938e-05,24.3954220999,1.37625684515,18.2360779785,-11.4586824632,5a77346057f4f37e772c6b0abd801bb52043fd7a7b0dc259bfe9c4e682ffb6a0,0,21.6932468163,ok,1e-06,mains,0.01,4,-8.43603572821,1.373068637390055e-19,1.37306863739e-19,1.90316342354e-40,3.98163566365e-07,3.9816362397844325e-07,3.98163566365e-05,8.35127701251e-05,0.144180617908,14.7737970011,-8.46386988946,0.16253485505,14.3594913244,-6.18011429546,-1.42032793617,11.637820211,-2.28853301396,0.471781970709,16.5866500776,-10.7029154145
0.007843142241,230,2.35312915031e-10,2.3534183940734827e-10,2.35312915031e-08,2.10061639245e-10,2.1006342079027228e-10,2.10061639245e-08,2.24889345393e-10,2.2488911414900762e-10,2.24889345393e-08,2.97784470969e-10,2.9779278032609434e-10,2.97784470969e-08,0,a,0.751903141162,0.751903141162,0.751903141162,3.8915812798,11.6378208187,7.57904288407e-19,1.43395814797e-07,1.1486921494e-18,1.55480118511e-07,4.98563929808e-19,9.38447452473e-08,8.49822881389e-19,1.35805773476e-07,8.48015062752e-19,1.92242686509e-07,1.16111598082e-18,1.84091249256e-07,1.36134206247e-18,3.83917899208e-08,5.11206976809e-19,3.38743629718e-08,603.658675728,386.202863704,25.6643526271,218.234490957,25.6643526271,218.234490957,603.658675728,386.202863704,21.12680939998245,,,,,60,1,P5_t25_a_v_k0_rs330_pwr1_body0_rail0d98_open0_actual0_ph0_i0_tap4_mains_amp230_f60_fuse1_macroinput_ptc40,3.49696424699e-07,4.15448841726e-07,-3.49963753289e-09,-4.81997322263e-09,-2.86166165851e-06,0,input,v,0.49705574405,17.2716007223,-10.7281892004,14.156029894,-6.86798798043,0.128822935249,14.1579763474,-6.86893210042,40.979265801134495,-24.771994182564498,7.306846382303797e-07,6.951274545131346e-07,9.565864808426768e-07,1.7916234158922258e-07,1.4339581479692887e-07,1.554801185108673e-07,9.384474524733177e-08,1.3580577347578615e-07,1.9224268650933074e-07,1.8409124925573405e-07,603.6586908858916,603.6586908858916,386.20286370366557,25.66435775031551,1.2554579790105992e-17,218.23449095697092,25.66435775031551,1.2554579790183004e-17,218.23449095697092,603.6586908858916,603.6586908858916,386.20286370366557,1.000000000001e-06,14.156029894012898,-6.86798798043115,14.157976347360416,-6.868932100423909,11.669365698457689,3.4336179963695075e-13,3.7061951313477337e-06,1.4499061272228863e-08,0.00691714552386713,1.449906127222892e-08,0.0069171455238671575,1.449906127222892e-08,0.0069171455238671575,1.8848812554954337e-07,0.751973654225087,1.8848812554954284e-07,0.7519736542250852,1.8848812554954298e-07,0.7519736542250861,1.682711650812842e-05,3.8915812798033116,0.0013543887340849918,11.637820818714266,-4.7995603111001826,-10.231133456399416,16.893686517148375,4.80043359803378,1.3883086149088935e-07,0.06768617605685334,1.3883086149088935e-07,0.06768617605685334,1.3883086149088945e-07,0.0676861760568534,1.1480850406257194e-08,0.0019464533475179735,3325.5453995805588,18.236077976309925,5.951366190359621e-05,24.395422091777018,18.236077976309925,-11.45868246323622,21.693246828248558,0.01,1.3729038240166539e-19,1.9031634232709297e-40,3.980894196325846e-07,8.349715931674449e-05,3.8865211937020924e-07,14.767866285398613,-8.436035263647058,9.264536471183843e-08,6.898788043954718e-07,14.773797700950098,-8.463869459984716,14.359492020639411,-6.1801143009718,11.637820818714266,-2.2885330211684884,16.58665008939161,-10.702915427085642,0,P5,1.29312719283e-08,6.89878804395e-07,11.6693656985,,,0,1,5.47813927783e-18,5.5079966771709005e-18,9.26453647118e-08,40.0,3.70619513135e-06,0.98,True,10029,5.7420027137e-13,5.752165275834335e-13,5.7420027137e-11,0.00691714552387,5.7420027137e-13,5.7521652758344e-13,5.7420027137e-11,0.00691714552387,5.7420027137e-13,5.752165275834359e-13,5.7420027137e-11,0.00691714552387,40,1.71612358699e-10,1.716133073433273e-10,1.71612358699e-08,0.751973654225,1.71612358699e-10,1.7161330734332684e-10,1.71612358699e-08,0.751973654225,1.71612358699e-10,1.7161330734332645e-10,1.71612358699e-08,0.751973654225,5.07757076854e-08,5.07757417697594e-08,5.07757076854e-06,3.8915812798,6.19095865438e-06,6.190958983829983e-06,0.000619095865438,11.6378208187,0,2.80627880333,10.0,0,-4.7995603111,-10.2311334564,16.8936865171,4.80043359803,8.65677417085e-12,8.666755780801673e-12,8.65677417086e-10,0.0676861760569,8.65677417085e-12,8.666755780801665e-12,8.65677417086e-10,0.0676861760569,8.65677417085e-12,8.666755780801683e-12,8.65677417086e-10,0.0676861760569,330,5.47328269063e-11,5.473283446576009e-11,5.47328269063e-09,0.00194645334752,15.5375636671,15.537564234678173,1553.75636671,18.2360779763,2.59454837658e-07,2.5945484702092184e-07,2.59454837658e-05,24.3954220918,1.37625683381,18.2360779763,-11.4586824632,4cc0ba9694e0911f74ae192980360d4d561fde0684b557f701ba763a4c3956ea,0,21.6932468282,ok,1e-06,mains,0.01,4,-8.43603526365,1.3729038240166539e-19,1.37290382402e-19,1.90316342327e-40,3.98089362027e-07,3.980894196325846e-07,3.98089362028e-05,8.34971593167e-05,0.144180656115,14.773797701,-8.46386945998,0.162534842542,14.3594920206,-6.18011430097,-1.42032794844,11.6378208187,-2.28853302117,0.471781970686,16.5866500894,-10.7029154271
0.0273320785958,-4000,1.74723826132e-07,1.7472386476325756e-07,0.0174723826131,9.49649308465e-08,9.49649844309762e-08,0.00949649308464,2.00736638766e-10,2.0099742177057024e-10,2.00736638765e-05,1.70698333145e-11,1.7069841079932182e-11,1.70698333145e-06,0,vo,1009.46368913,1009.46368913,1009.46368913,5.31510393453,0.585966416341,3.85871066122e-09,0.0361728038065,1.63813444785e-14,0.00411811729621,1.91480789901e-08,0.371176874783,2.71015369427e-12,0.00162929211963,1.38206217213e-11,0.098777155063,8.74296820138e-14,0.0857391173675,3.68318988725e-18,2.58372792807e-06,3.63054664994e-18,2.9873717893e-06,1.53147292655e-25,4.4208026264e-08,1.53147329428e-25,4.42080317171e-08,1.53147329428e-25,4.4208031717e-08,1.53147292655e-25,4.42080262639e-08,18.880895699985558,,,,,60,1,P6_t25_vo_v_k0_rs100_pwr1_body0_rail0d98_open0_actual0_ph0_i0_tap0_esd_ampm4000_f60_fuse1_macroinput_ptc40,0.404140041873,0.00162921664964,-3.18586728179e-10,-0.0130082072395,2.0642248867e-06,0,input,v,0.494861740151,-0.0798612777008,-5.58790458165,5.40062488541,-17.4271705294,0.697673064563,5.27105779703,-5.49960906174,-2.343085410604051e-12,-7.126442722682514e-07,0.03102250679812709,0.31270554099390824,0.41209451565455124,1.44965395984485e-05,0.036172803806522116,0.004118117296207583,0.37117687478315614,0.001629292119631658,0.09877715506303238,0.08573911736748184,1.6727169521018332e-25,1.6727169521018332e-25,4.420802626404903e-08,1.6727173644466272e-25,1.6727173644466272e-25,4.420803171707606e-08,1.6727173644430323e-25,1.6727173644430323e-25,4.420803171697454e-08,1.6727169520982392e-25,1.6727169520982392e-25,4.420802626394751e-08,1.0000000000004986e-09,5.400624885405269,-17.42717052943548,5.271057797030619,-5.49960906173917,10.301300657250954,4593.538638609377,428.65084339631835,485.35740479052896,1265.5747452476862,485.3574047905287,1265.5747452476858,485.35740479052834,1265.5747452476853,0.5414979203080157,1274.5562996290305,0.5414979203080155,1274.5562996290303,0.5414979203080156,1274.5562996290305,3.138925537208568e-05,5.315103934531959,3.4335664107910923e-06,0.5859664163406545,-4.8017335447158285,-5.095513897382951,4.8020000000000005,4.800532541435882,49.17828249758553,1273.9243786113534,49.17828249758551,1273.924378611353,49.17828249758552,1273.9243786113532,3.0354445210988223,17.422527144759517,4.941752468539201e-12,7.029759930850556e-07,7.401683079115431e-07,2.720603440252811,-1.9525807148585873e-12,-7.029759930850556e-07,9.896491017983653,1e-05,2.0957691914171305e-08,2.5772566552204793e-40,5.8014597387452485e-08,183.7180301202951,,-0.07987938927147682,-3827.2363161543326,10.71627108490796,0.10724533345175413,-0.07986122195739068,-6.003070377139131,5.557504961649235,-5.900970353150002,0.5422403781246272,-0.5859664163406545,-9.762617630277677e-05,-2.7206041094535673,0,P6,4.42459251095e-08,0.107245333452,10.3013006573,,,0,1,8.16902657284e-07,8.191630148387074e-07,10.7162710849,40.0,428.650843396,0.98,True,10124,6.72496055185e-05,6.724993919410535e-05,6.72496055184,1265.57474525,6.72496055185e-05,6.724993919410537e-05,6.72496055184,1265.57474525,6.72496055185e-05,6.724993919410536e-05,6.72496055184,1265.57474525,40,2.37016866776e-06,2.370168882765926e-06,0.237016866775,1274.55629963,2.37016866776e-06,2.3701688827659297e-06,0.237016866775,1274.55629963,2.37016866776e-06,2.37016888276593e-06,0.237016866775,1274.55629963,2.70840909586e-10,2.708410424027175e-10,2.70840909585e-05,5.31510393453,2.86348149894e-11,2.8634829445001503e-11,2.86348149893e-06,0.585966416341,0,3822.17531765,10.0,0,-4.80173354472,-5.09551389738,4.802,4.80053254144,0.000214365235759,0.00021436525528327436,21.4365235758,1273.92437861,0.000214365235759,0.00021436525528327436,21.4365235758,1273.92437861,0.000214365235759,0.0002143652552832744,21.4365235758,1273.92437861,100,2.12763848875e-09,2.1304247672678093e-09,0.000212763848875,17.4225271448,4.31280208629e-17,4.3128029843164284e-17,4.31280208628e-12,7.02975993085e-07,5.87686745981e-12,5.876867514536249e-12,5.8768674598e-07,2.72060344025,-4.80053323981,-1.95258071486e-12,-7.02975993085e-07,5cffa44d88ba7abc7bf4fd9aaa0f6c449fc354601b7097b968f83e343bb4fa90,0,9.89649101798,ok,1e-09,esd,1e-05,0,-1872.37658518,2.0957691914171305e-08,2.09576919142e-08,2.57725665522e-40,5.80001842711e-08,5.8014597387452485e-08,0.0058000184271,183.71803012,0.930999940945,-0.0798612219574,-6.00307037714,0.988015909262,5.55750496165,-5.90097035315,-4.24488816821,0.542240378125,-0.585966416341,-2.37490958686,-9.76261763028e-05,-2.72060410945
0.0275019015875,-4000,1.74722872414e-07,1.7472287300224237e-07,0.0174722872413,9.49653926178e-08,9.496545820912952e-08,0.00949653926176,1.14946216826e-10,1.1500362076535684e-10,1.14946216826e-05,1.7068682866e-11,1.7068705895195856e-11,1.70686828659e-06,0,vo,1009.4635982,1009.4635982,1009.4635982,5.3150138633,0.585950068906,3.85865562566e-09,0.0361630749281,1.62969138375e-14,0.00410981890825,1.91478881327e-08,0.371192788309,2.71025296202e-12,0.00162930406867,9.09255366524e-13,0.0274534683703,2.48221556115e-14,0.0260329537091,3.66044046202e-18,2.56361426979e-06,3.60508760568e-18,2.96751879844e-06,1.74091695896e-25,4.33021619382e-08,1.74091736224e-25,4.33021642771e-08,1.74091736224e-25,4.3302164277e-08,1.74091695895e-25,4.33021619382e-08,18.841751399973873,,,,,60,1,P6_t25_vo_v_k0_rs330_pwr1_body0_rail0d98_open0_actual0_ph0_i0_tap0_esd_ampm4000_f60_fuse1_macroinput_ptc40,0.404407760785,0.00162922838188,-3.18164375054e-10,-0.0130082156218,2.07388020404e-06,0,input,v,0.494861736153,-0.0798612753344,-5.58779833643,5.82639732132,-17.4585370823,0.653143430128,5.29562206155,-5.45498160992,-2.3430854119584875e-12,-7.125918927105772e-07,0.030871219097636807,0.31270918527407215,0.12504346865497487,1.4407822013161049e-05,0.03616307492807601,0.004109818908247598,0.37119278830915764,0.001629304068673891,0.02745346837031353,0.026032953709094413,2.067696879377961e-25,2.067696879377961e-25,4.3302161938208806e-08,2.0676973438558937e-25,2.0676973438558937e-25,4.3302164277079034e-08,2.0676973438490276e-25,2.0676973438490276e-25,4.330216427702295e-08,2.0676968793710947e-25,2.0676968793710947e-25,4.330216193815272e-08,1.0000000000004986e-09,5.826397321324783,-17.458537082347892,5.295622061547285,-5.45498160991975,10.256670041458175,4593.463610935776,428.6473427392628,485.8966959487118,1266.2776538464022,485.89669594871185,1266.2776538464025,485.8966959487118,1266.2776538464022,0.5412237226059794,1274.2335609369024,0.5412237226059792,1274.233560936902,0.5412237226059793,1274.233560936902,3.1388191519025104e-05,5.315013863304836,3.4333748325085884e-06,0.5859500689059255,-4.801733544715857,-5.095407626654644,4.8020000000000005,4.800532565339015,49.154529910446165,1273.6166954954397,49.154529910446165,1273.6166954954397,49.154529910446165,1273.6166954954397,0.923474703526894,17.456994362257067,4.9410637177063984e-12,7.029270031593891e-07,7.400949787938355e-07,2.7204686706408427,-1.952580715838704e-12,-7.029270031593891e-07,9.896384758900329,1e-05,2.1647208616569588e-08,2.577280514997728e-40,5.921538172021131e-08,186.16533189818932,,-0.07987938927147346,-3826.307989934985,10.71618356848157,0.03296490767744071,-0.07986121958949167,-6.002964138570313,5.557505572075423,-5.900863950086376,0.5422465218531755,-0.5859500689059255,-9.762617639635361e-05,-2.720469339802282,0,P6,4.42447509328e-08,0.0329649076774,10.2566700415,,,0,1,8.14454182957e-07,8.203082035760855e-07,10.7161835685,40.0,428.647342739,0.98,True,10120,6.72532550413e-05,6.725388655503922e-05,6.72532550412,1266.27765385,6.72532550413e-05,6.725388655503921e-05,6.72532550412,1266.27765385,6.72532550413e-05,6.725388655503921e-05,6.72532550412,1266.27765385,40,2.37017224598e-06,2.370172792565391e-06,0.237017224598,1274.23356094,2.37017224598e-06,2.370172792565396e-06,0.237017224598,1274.23356094,2.37017224598e-06,2.370172792565397e-06,0.237017224598,1274.23356094,2.70837293005e-10,2.7083738525062337e-10,2.70837293004e-05,5.3150138633,2.86346392471e-11,2.863464928451365e-11,2.8634639247e-06,0.585950068906,0,3820.72196049,10.0,0,-4.80173354472,-5.09540762665,4.802,4.80053256534,0.000214365572684,0.00021436562228877875,21.4365572684,1273.6166955,0.000214365572684,0.00021436562228877875,21.4365572684,1273.6166955,0.000214365572684,0.0002143656222887787,21.4365572684,1273.6166955,330,1.22503134903e-09,1.2274169423240728e-09,0.000122503134903,17.4569943623,4.30942589435e-17,4.3094266928741645e-17,4.30942589434e-12,7.02927003159e-07,5.87341741596e-12,5.873417470318354e-12,5.87341741595e-07,2.72046867064,-4.8005332637,-1.95258071584e-12,-7.02927003159e-07,10054591a3dc9ce3c32b8a826d66c3eb3f5755df34f96a0d58055dfbe6276b6e,0,9.8963847589,ok,1e-09,esd,1e-05,0,-1872.37660308,2.1647208616569588e-08,2.16472086166e-08,2.577280515e-40,5.91776258685e-08,5.921538172021131e-08,0.00591776258684,186.165331898,0.930999820881,-0.0798612195895,-6.00296413857,0.988016731877,5.55750557208,-5.90086395009,-4.24477461994,0.542246521853,-0.585950068906,-2.37493828685,-9.76261763964e-05,-2.7204693398
,230,,1.650657650165255e-05,,,1.3671684342254776e-08,,,5.64672532805526e-10,,,6.101659473795557e-10,,0,vo,,,,,,,,,,,,,,,,,,,,,,,,,,,,,,60.37924490001751,,,,,60,1,P7_t25_vo_v_k0_rs100_pwr1_body0_rail0d98_opennever_actual0_ph0_i0_tap0_mains_amp230_f60_fuse1_macroinput_ptc40,,,,,,0,input,v,,,,,,,,,3.003084069967589e-05,-6.603635850522744e-07,0.00039883635150307075,3.237344584902067e-07,2.9589871628487375e-07,7.580480988235616e-07,0.0003141281693961641,0.000537030334675434,5.905427164984434e-07,3.163146921475457e-08,5.845662905991367e-08,5.483098521443311e-08,4.154896950813758e-27,5.1868746463533655e-28,1.776888008482058e-12,4.153787607994834e-27,5.185487971124089e-28,1.7768879820513623e-12,4.153787607967769e-27,5.185487971082322e-28,1.7768879820513756e-12,4.154896950611235e-27,5.186874646025073e-28,1.7768880084821388e-12,5.000000000002225e-05,4.926075912820503,-2.1207666571191766,4.926279575675547,-2.120857812816587,6.92138825588963,5.93355880377471e-13,4.871779471116167e-06,5.4852810378875614e-08,0.013454154534947804,5.4852810378875614e-08,0.013454154534947804,5.48528103788901e-08,0.013454154534951357,0.003798128528569807,106.74448737854999,0.0037981285285698103,106.74448737855005,0.0037981285285698103,106.74448737855005,2.5243911094638992e-05,4.766499762422641,0.00014051746000201263,3.7485658591254953,-4.800508780686739,-5.060568997307816,4.8020000000000005,4.800509045926769,0.34418831384737286,106.57492367796144,0.3441883138473728,106.57492367796142,0.34418831384737286,106.57492367796144,4.645864828618913e-10,0.00021554268321199999,9.006659618297207e-09,3.0011097311323368e-05,2.4362589441957946e-06,4.935847388438782,3.0011097311323368e-05,-6.495095085066388e-07,9.861099440671538,0.1326826193316123,9.75953922360809e-16,1.9911612014596974e-43,6.919457674634677e-07,1.0110926624529311e-05,7.435295916879687e-08,325.2691128597198,-325.26911414196354,1.2179448677744194e-07,2.0455037403471765e-07,5.544341825835526,-5.776508152179461,5.036090041485507,-5.603089896620674,3.7485658591254953,-0.8711027723939542,4.935877419279482,-2.7135198033762205,100,P7,,,,,,0,1,,3.8705052581843376e-14,,40.0,,0.98,False,36301,,3.5026382317929065e-09,,,,3.502638231792911e-09,,,,3.5026382317928974e-09,,,40,,0.000250694578011698,,,,0.00025069457801169806,,,,0.0002506945780116981,,,,1.597649287822954e-06,,,,8.435478662427162e-06,,,0,,1.0,,,,,,,0.022728835910921397,,,,0.022728835910921397,,,,0.0227288359109214,,,100,,2.889007798548892e-11,,,,4.980462550496751e-10,,,,1.8354570913877253e-07,,,,,,b598abdb942731b4abead5e1c1644f9412d05de5a9e2297d4db99f6deb0fffe8,0,,timeout,5e-05,mains,2.0,0,,9.75953922360809e-16,,,,6.919457674634677e-07,,,,,,,,,,,,,,
,230,,1.4732809407833171e-05,,,1.201116342011326e-08,,,5.355548679391951e-10,,,5.769626158873055e-10,,0,vo,,,,,,,,,,,,,,,,,,,,,,,,,,,,,,60.38902649999363,,,,,60,1,P7_t25_vo_v_k0_rs330_pwr1_body0_rail0d98_opennever_actual0_ph0_i0_tap0_mains_amp230_f60_fuse1_macroinput_ptc40,,,,,,0,input,v,,,,,,,,,3.0030840709340244e-05,-6.603646239779578e-07,0.0003988363293897529,3.23734432073787e-07,2.9373867456955034e-07,7.378594906319859e-07,0.0003141282017801207,0.000537030312250603,5.905426134645425e-07,3.1648439971151965e-08,5.8131739370109736e-08,5.429525118134243e-08,3.926541438709862e-27,5.186249774079481e-28,1.7768879201587172e-12,3.925509437392279e-27,5.184863098727648e-28,1.7768878937210827e-12,3.9255094373651745e-27,5.184863098673289e-28,1.7768878937210878e-12,3.926541438485299e-27,5.186249773749352e-28,1.776887920158394e-12,5.000000000000837e-05,4.9256089878908895,-2.1206073724207113,4.926280932609689,-2.1209081506835568,6.9214385937548375,5.933845842389771e-13,4.8718973069683535e-06,5.486332667063682e-08,0.013455444177473908,5.4863326670636845e-08,0.013455444177473908,5.4863326670636845e-08,0.013455444177473908,0.0037981284692381184,106.74448654480639,0.0037981284692381206,106.74448654480643,0.0037981284692381206,106.74448654480643,2.523842117610973e-05,4.765981437070308,0.00014051746145080107,3.748565878450065,-4.800508780687057,-5.060570305862393,4.8020000000000005,4.800509045925296,0.3441882999917957,106.57492153283181,0.3441882999917957,106.57492153283181,0.34418829999179573,106.57492153283182,1.5328430207906106e-09,0.0007112230289161303,9.006659624097593e-09,3.0011097320987103e-05,2.436258944348657e-06,4.935847388593631,3.0011097320987103e-05,-6.495105386539198e-07,9.861100749223919,0.11974168005212191,8.919132000429392e-16,1.9911611952588293e-43,6.319158494202459e-07,1.0109009958996465e-05,7.433886373856321e-08,325.2691064310456,-325.2691129262939,1.2179743267376542e-07,2.023615957320174e-07,5.544341832550166,-5.776508919787187,5.036090041526258,-5.603090055043224,3.748565878450065,-0.8711032340079671,4.93587741943434,-2.7135219979778933,100,P7,,,,,,0,1,,3.536717450728539e-14,,40.0,,0.98,False,33001,,3.199078276108573e-09,,,,3.1990782761085886e-09,,,,3.1990782761085924e-09,,,40,,0.00022332631637778452,,,,0.00022332631637778458,,,,0.0002233263163777846,,,,1.4125330704791394e-06,,,,7.721651597657415e-06,,,0,,1.0,,,,,,,0.02024665871764801,,,,0.020246658717648015,,,,0.02024665871764801,,,330,,8.675157792114718e-11,,,,4.5703536725177535e-10,,,,1.6721881069076663e-07,,,,,,33678c20e572dafe7e2d0382840ca035f4dfbe5ce9e3e890b08a7d512a83a729,0,,timeout,5e-05,mains,2.0,0,,8.919132000429392e-16,,,,6.319158494202459e-07,,,,,,,,,,,,,,
