amplitude_V,bav_i2t_A2s,fet_E_J,fet_Vds_V,fet_Vgs_V,hc_clamp_A,ic_excess_V,mode,n,opa_clamp_A,relay_V,span_V
-4000,3.405061821590258e-07,0.0004913307683220095,1861.4871201101514,826.7051024604764,0.27043532918300167,0.7704353291825008,ohm,6,0.0020156876537381152,nan,10.069559215790786
-4000,3.671288859261824e-09,3.5871457991380055e-06,1496.411562121769,53.01493231596726,0.31536875837331324,0.8153687583728129,v,6,0.00032560054715887176,nan,10.321298221840234
-4000,1.1522201245178807e-24,5.503677705594182e-22,1.1603495329026714e-06,1.0487496417965758e-06,5.0968043055789365e-12,4.1744385725905886e-14,a,6,5.096785383022029e-12,nan,9.996
4000,3.405164069020464e-07,0.0004902290357731661,1859.5431367911362,825.5317766270665,0.2706114287302231,0.7706114287297217,ohm,6,0.0020167015854267462,nan,10.546229512722286
4000,3.764985394715441e-09,3.6007348304633935e-06,1496.4115077838858,53.12479802314003,0.3153580215988423,0.8153580215983416,v,6,0.00032232097672789487,nan,10.323121678924364
4000,1.1522173244907194e-24,5.503664546422735e-22,1.160349532014493e-06,1.0487496417965758e-06,5.096804298053397e-12,4.1744385725905886e-14,a,6,5.096785375437738e-12,nan,9.996
-8000,1.4334927951485155e-06,0.0015049469506423921,2897.87144799065,1592.0076718551213,0.3727027196049132,0.8727027196044128,ohm,6,0.0026687218175763935,nan,10.151473861143941
-8000,1.3086443532060878e-08,1.1281658831682461e-05,2486.76463214678,121.87358784416517,0.4319915986030492,0.9319915986025489,v,6,0.0006305836122736299,nan,10.700090825834678
-8000,1.1522213133419091e-24,5.50368328799547e-22,1.1603495329026714e-06,1.0487496417965758e-06,5.167149438785498e-12,4.085620730620576e-14,a,6,5.1671322531516184e-12,nan,9.996
8000,1.4336760191953646e-06,0.0015031268390930277,2895.877196631034,1590.9675619358673,0.37256626601531173,0.8725662660148101,ohm,6,0.0025199924734527037,nan,11.174438756244452
8000,1.324663191722236e-08,1.1294089024667613e-05,2486.764586896356,122.01549842808713,0.43197296214286285,0.9319729621423622,v,6,0.0006346575904088133,nan,10.703461993973532
8000,1.1522161365452922e-24,5.503658962700977e-22,1.160349532014493e-06,1.0487496417965758e-06,5.16714943022255e-12,4.1744385725905886e-14,a,6,5.1671322445473245e-12,nan,9.996
