amp_input_peak,amplitude,bav0_e,bav0_energy_simulated_J,bav0_p,bav1_e,bav1_energy_simulated_J,bav1_p,bav2_e,bav2_energy_simulated_J,bav2_p,bav5_e,bav5_energy_simulated_J,bav5_p,body,borne,cc1_v,cc2_v,cc3_v,cdiv4_v,cdiv5_v,d0n_i2t,d0n_peak,d0p_i2t,d0p_peak,d1n_i2t,d1n_peak,d1p_i2t,d1p_peak,d2n_i2t,d2n_peak,d2p_i2t,d2p_peak,d5n_i2t,d5n_peak,d5p_i2t,d5p_peak,dbr1_i2t,dbr1_peak,dbr2_i2t,dbr2_peak,dbr3_i2t,dbr3_peak,dbr4_i2t,dbr4_peak,elapsed_s,energy_extrapolated_duration_s,energy_simulated_duration_s,extrapolation_basis,extrapolation_valid,frequency,fuse,id,injn_peak,injp_peak,leak_bav_final,leak_prot_final,leak_tvs_final,legacy_frequency,load,macro,mode,mux_excess,mux_max,mux_min,n1_max,n1_min,n2_excess,n2_max,n2_min,observed_ain_max,observed_ain_min,observed_bav0_peak_W,observed_bav1_peak_W,observed_bav2_peak_W,observed_bav5_peak_W,observed_d0n_peak,observed_d0p_peak,observed_d1n_peak,observed_d1p_peak,observed_d2n_peak,observed_d2p_peak,observed_dbr1_i2t,observed_dbr1_i2t_8p3ms,observed_dbr1_peak,observed_dbr2_i2t,observed_dbr2_i2t_8p3ms,observed_dbr2_peak,observed_dbr3_i2t,observed_dbr3_i2t_8p3ms,observed_dbr3_peak,observed_dbr4_i2t,observed_dbr4_i2t_8p3ms,observed_dbr4_peak,observed_maxstep_s,observed_n1_max,observed_n1_min,observed_n2_max,observed_n2_min,observed_pass_vds,observed_ptc_peak_W,observed_ptc_v,observed_rc1_peak_W,observed_rc1_v,observed_rc2_peak_W,observed_rc2_v,observed_rc3_peak_W,observed_rc3_v,observed_rdiv1_peak_W,observed_rdiv1_v,observed_rdiv2_peak_W,observed_rdiv2_v,observed_rdiv3_peak_W,observed_rdiv3_v,observed_rdiv4_peak_W,observed_rdiv4_v,observed_rdiv5_peak_W,observed_rdiv5_v,observed_rn_max,observed_rn_min,observed_rp_max,observed_rp_min,observed_rprot1_peak_W,observed_rprot1_v,observed_rprot2_peak_W,observed_rprot2_v,observed_rprot3_peak_W,observed_rprot3_v,observed_rs_peak_W,observed_rs_v,observed_rshunt_peak_W,observed_rshunt_v,observed_rwarn_peak_W,observed_rwarn_v,observed_shunt_max,observed_shunt_min,observed_span_max,observed_stop_s,observed_theta_max,observed_theta_min,observed_tvs_e_J,observed_tvs_peak_W,observed_tvs_semicycle_max_J,observed_vin_max,observed_vin_min,observed_vptc_peak,observed_vsense_peak,observed_x0_max,observed_x0_min,observed_x1_max,observed_x1_min,observed_x2_max,observed_x2_min,observed_x5_max,observed_x5_min,opening,p,pass_final,pass_peak,pass_vds,periodic_power_relative_change_max,periodic_rail_drift_V,phase,power,ptc_e,ptc_energy_simulated_J,ptc_peak,ptc_resistance_final_ohm,ptc_v,rail,raw_complete,raw_points,rc1_e,rc1_energy_simulated_J,rc1_p,rc1_v,rc2_e,rc2_energy_simulated_J,rc2_p,rc2_v,rc3_e,rc3_energy_simulated_J,rc3_p,rc3_v,rcold,rdiv1_e,rdiv1_energy_simulated_J,rdiv1_p,rdiv1_v,rdiv2_e,rdiv2_energy_simulated_J,rdiv2_p,rdiv2_v,rdiv3_e,rdiv3_energy_simulated_J,rdiv3_p,rdiv3_v,rdiv4_e,rdiv4_energy_simulated_J,rdiv4_p,rdiv4_v,rdiv5_e,rdiv5_energy_simulated_J,rdiv5_p,rdiv5_v,relay,relay_v,remove,returncode,reused_legacy,rn_max,rn_min,rp_max,rp_min,rprot1_e,rprot1_energy_simulated_J,rprot1_p,rprot1_v,rprot2_e,rprot2_energy_simulated_J,rprot2_p,rprot2_v,rprot3_e,rprot3_energy_simulated_J,rprot3_p,rprot3_v,rs,rs_e,rs_energy_simulated_J,rs_p,rs_v,rshunt_e,rshunt_energy_simulated_J,rshunt_p,rshunt_v,rwarn_e,rwarn_energy_simulated_J,rwarn_p,rwarn_v,shunt_excess,shunt_max,shunt_min,signature,source,span_max,status,step,stimulus,stop,tap,terminal_final,theta_final,theta_max,theta_min,tvs_e,tvs_energy_simulated_J,tvs_p,tvs_peak_p,x0_excess,x0_max,x0_min,x1_excess,x1_max,x1_min,x2_excess,x2_max,x2_min,x5_excess,x5_max,x5_min
2.64363226569e-05,-50,4.58557857508e-07,,2.29278928754e-05,1.31045454122e-09,,6.55227270609e-08,1.09419943932e-12,,5.47099719662e-11,1.16736197059e-12,,5.83680985296e-11,0,vo,14.8982920819,14.8982920819,14.8982920819,0.0261045380192,5.28043444309,2.45819510258e-11,3.50622629517e-05,8.07532946861e-24,4.78138922552e-09,3.36197109722e-16,1.47662764178e-07,6.65535423339e-24,2.63439438666e-09,2.04201850438e-23,5.49568988407e-09,3.70052593369e-24,1.37203020213e-09,4.86074078304e-23,6.99563613635e-09,1.66977727487e-23,3.36766814955e-09,7.1755827347e-32,4.01338223832e-13,7.17561380857e-32,4.01338268959e-13,7.17561381352e-32,4.01338280247e-13,7.17558273487e-32,4.01338235121e-13,58.48148650000803,,,,,50,1,P1_t25_vo_v_k0_rs100_pwr1_body0_rail0d98_open0_actual0_ph0_i0_tap2_dc_ampm50_f50_fuse1_macrofull,3.52159774738e-05,1.1322220995e-08,-2.50093565649e-12,-3.5058498281e-05,-5.07879358914e-07,50,0,full,v,0.483726569637,-5.28422626785,-5.28555016307,-1.21884611013,-1.22240073742,-3.57822552539,-1.21889688651,-1.22245168579,-2.796159855073364e-07,-2.845708961138625e-07,,,,,3.5062262951669754e-05,4.781389225522181e-09,1.476627641775613e-07,2.6343943866635744e-09,5.495689884074673e-09,1.3720302021250075e-09,7.288818273028594e-32,3.9100709754741797e-32,4.013382238322336e-13,7.288849377902515e-32,3.910084106084324e-32,4.013382689585231e-13,7.288849382910465e-32,3.9100841090225024e-32,4.013382802465976e-13,7.288818273255053e-32,3.9100709764969125e-32,4.0133823512131025e-13,1.0000000000003062e-05,-1.218846110131282,-1.2224007374177854,-1.2188968865143968,-1.222451685790948,6.022949741599148,,,,,,,,,,,,,,,,,,,-4.800670984489398,-4.8020000000000005,4.8020000000000005,4.800464970832818,,,,,,,,,,,,,-2.7305054197790306e-07,-2.78011521321102e-07,9.604000000000001,0.02,2.0111217939672107e-22,3.331325318975883e-29,1.2381218551284917e-08,6.226098178498107e-07,6.190623914204595e-09,-50.0,-50.0,2.5922904950084573e-09,5.026455711677252e-09,-5.454657835579022,-5.455983266811485,-5.305135866717407,-5.306537292915698,-5.27909766102364,-5.280434443094033,-1.6375699080688553,-1.6428692971460042,0,P1,1.35089138847e-11,5.02645571168e-09,6.0229497416,,,0,1,6.91558450084e-21,,2.59229049501e-09,,9.07021246999e-08,0.98,True,2021,3.97552943542e-18,,1.98776471771e-16,0.000103461127217,3.97552943548e-18,,1.98776471774e-16,0.000103461127225,3.97552943549e-18,,1.98776471774e-16,0.000103461127221,40,1.47971800088e-06,,7.39859000439e-05,14.8982880444,1.47971800088e-06,,7.39859000439e-05,14.8982880444,1.47971800088e-06,,7.39859000439e-05,14.8982880444,1.51391616576e-11,,7.56958082881e-10,0.0261045380192,5.57391534434e-06,,0.000278695767217,5.28043444309,0,48.7811538868,10.0,0,True,-4.80067098449,-4.802,4.802,4.80046497083,0.000133621718095,,0.00668108590476,14.8484473881,0.000133621718095,,0.00668108590476,14.8484473881,0.000133621718095,,0.00668108590476,14.8484473881,100,5.15685836123e-13,,2.57842918061e-11,5.11144047886e-05,1.49497372252e-14,,7.47486861257e-13,2.78011521321e-07,5.36407293066e-09,,2.68203646533e-07,1.6428690153,-4.80046524436,-2.73050541978e-07,-2.78011521321e-07,c5142cc55f7dd44fb16408d90a7319a51272bdda5812062932b1930abb1378e7,0,9.604,ok,1e-05,dc,0.02,2,-50.0,,2.01112179397e-22,3.33132531898e-29,1.23812185507e-08,,6.19060927536e-07,6.2260981785e-07,0.653986952519,-5.45465783558,-5.45598326681,0.504941115896,-5.30513586672,-5.30653729292,0.478893992511,-5.27909766102,-5.28043444309,-3.15783086968,-1.63756990807,-1.64286929715
,-50,,,,,,,,,,,,,0,vo,,,,,,,,,,,,,,,,,,,,,,,,,,,,,,60.576851899997564,,,,,60,1,P1_t25_vo_v_k0_rs330_pwr1_body0_rail0d98_open0_actual0_ph0_i0_tap2_dc_ampm50_f60_fuse1_macrofull_ptc40,,,,,,,0,full,v,,,,,,,,,,,,,,,,,,,,,,,,,,,,,,,,,,,,,,,,,,,,,,,,,,,,,,,,,,,,,,,,,,,,,,,,,,,,,,,,,,,,,,,,,,,,,,0,P1,,,,,,0,1,,,,,,0.98,,,,,,,,,,,,,,,40,,,,,,,,,,,,,,,,,,,,,0,,10.0,,,,,,,,,,,,,,,,,,,330,,,,,,,,,,,,,,,,fd3d743147d7972b022788cbf3e85431385c2a1fe480105480bace1de001de58,0,,timeout,1e-05,dc,0.02,2,,,,,,,,,,,,,,,,,,,,
,230,,,,,,,,,,,,,0,vo,,,,,,,,,,,,,,,,,,,,,,,,,,,,,,60.575667500001146,,,,,60,1,P2_t25_vo_v_k0_rs100_pwr1_body0_rail0d98_open0_actual0_ph0_i0_tap2_mains_amp230_f60_fuse1_macrofull_ptc40,,,,,,,0,full,v,,,,,,,,,,,,,,,,,,,,,,,,,,,,,,,,,,,,,,,,,,,,,,,,,,,,,,,,,,,,,,,,,,,,,,,,,,,,,,,,,,,,,,,,,,,,,,0,P2,,,,,,0,1,,,,,,0.98,,,,,,,,,,,,,,,40,,,,,,,,,,,,,,,,,,,,,0,,10.0,,,,,,,,,,,,,,,,,,,100,,,,,,,,,,,,,,,,28ed701d737cd7bb62d80a53e24c87d5e4ac86ae7a42bb663f843ea2aa33c1b9,0,,timeout,5e-05,mains,1.0,2,,,,,,,,,,,,,,,,,,,,
,230,,,,,,,,,,,,,0,vo,,,,,,,,,,,,,,,,,,,,,,,,,,,,,,60.530093300010776,,,,,60,1,P2_t25_vo_v_k0_rs330_pwr1_body0_rail0d98_open0_actual0_ph0_i0_tap2_mains_amp230_f60_fuse1_macrofull_ptc40,,,,,,,0,full,v,,,,,,,,,,,,,,,,,,,,,,,,,,,,,,,,,,,,,,,,,,,,,,,,,,,,,,,,,,,,,,,,,,,,,,,,,,,,,,,,,,,,,,,,,,,,,,0,P2,,,,,,0,1,,,,,,0.98,,,,,,,,,,,,,,,40,,,,,,,,,,,,,,,,,,,,,0,,10.0,,,,,,,,,,,,,,,,,,,330,,,,,,,,,,,,,,,,0e9110454dff1e6f9cb0af88047c5be98059eb2f08e1a144858863629ee7bd22,0,,timeout,5e-05,mains,1.0,2,,,,,,,,,,,,,,,,,,,,
,230,,,,,,,,,,,,,0,vo,,,,,,,,,,,,,,,,,,,,,,,,,,,,,,60.32450400001835,,,,,60,1,P3_t25_vo_ohm_k1_rs100_pwr1_body0_rail0d98_open0d02_actual0d023_ph0_i0d001_tap6_mains_amp230_f60_fuse1_macrofull_ptc40,,,,,,,0,full,ohm,,,,,,,,,,,,,,,,,,,,,,,,,,,,,,,,,,,,,,,,,,,,,,,,,,,,,,,,,,,,,,,,,,,,,,,,,,,,,,,,,,,,,,,,,,,,,,0.02,P3,,,,,,0,1,,,,,,0.98,,,,,,,,,,,,,,,40,,,,,,,,,,,,,,,,,,,,,1,,10.0,,,,,,,,,,,,,,,,,,,100,,,,,,,,,,,,,,,,22b20a18934b05a82a3c6e6a6a2079daffa74a2a2a37eb003dc0a29eb43105f1,0.001,,timeout,5e-05,mains,1.0,6,,,,,,,,,,,,,,,,,,,,
,230,,,,,,,,,,,,,0,vo,,,,,,,,,,,,,,,,,,,,,,,,,,,,,,60.581012499984354,,,,,60,1,P3_t25_vo_ohm_k1_rs330_pwr1_body0_rail0d98_open0d02_actual0d023_ph0_i0d001_tap6_mains_amp230_f60_fuse1_macrofull_ptc40,,,,,,,0,full,ohm,,,,,,,,,,,,,,,,,,,,,,,,,,,,,,,,,,,,,,,,,,,,,,,,,,,,,,,,,,,,,,,,,,,,,,,,,,,,,,,,,,,,,,,,,,,,,,0.02,P3,,,,,,0,1,,,,,,0.98,,,,,,,,,,,,,,,40,,,,,,,,,,,,,,,,,,,,,1,,10.0,,,,,,,,,,,,,,,,,,,330,,,,,,,,,,,,,,,,14919476735120a8c77db500bd8a29cd47287be266f864602daef0ad20e1cdfd,0.001,,timeout,5e-05,mains,1.0,6,,,,,,,,,,,,,,,,,,,,
,230,,2.7851010634534542e-09,,,2.5552381819688475e-11,,,4.284440401856656e-13,,,3.1578820926245877e-12,,0,vo,,,,,,,,,,,,,,,,,,,,,,,,,,,,,,5.528924700018251,9.999485930920224,0.0005140690797754524,last_5_cycles; hot_PTC_required_if_never_open; estimates_invalid_unless_extrapolation_valid,False,60,1,P4_t25_vo_v_k0_rs100_pwr0_body0_rail0d98_open0_actual0_ph0_i0_tap0_mains_amp230_f60_fuse1_macrofull_ptc40,,,,,,,0,full,v,,,,,,,,,8.575365039354615e-07,1.8570123882435216e-29,1.5539408543723382e-05,6.456293347077035e-08,1.0923182403309669e-08,1.6749264869746213e-08,2.2576190187069245e-07,2.414108492241186e-05,2.3492618844061147e-08,1.2678773939154425e-07,2.448641110397612e-08,2.6769433957387657e-08,8.043189041922249e-31,8.043189041922249e-31,1.762484610756678e-13,8.043183244282444e-31,8.043183244282444e-31,1.7624844710788175e-13,8.043183244179948e-31,8.043183244179948e-31,1.762484471105326e-13,8.043189041817052e-31,8.043189041817052e-31,1.7624846107825273e-13,8.11439595955121e-06,0.5038550868913332,1.8569820844475582e-22,0.5038640979395592,1.8570594590724733e-22,0.35065297286823727,5.989478532375714e-13,4.894682225919933e-06,5.505020305995719e-08,0.013478340776885922,5.505020305995356e-08,0.013478340776885034,5.5050203059955376e-08,0.013478340776885478,0.0001423061151547204,20.662002455332377,0.0001423061151547204,20.662002455332377,0.0001423061151547204,20.662002455332377,2.0393260482158664e-07,0.42841492077124016,8.536511319138951e-07,0.29217308772607636,4.578660215024508e-06,0.0,0.15321112507132192,3.1456338506719632e-43,0.01287865593757173,20.615422526348254,0.01287865593757173,20.615422526348254,0.01287865593757173,20.615422526348254,1.4763795781063493e-12,1.2150636107242903e-05,7.31240286317173e-12,8.551258891632115e-07,3.6319148409784385e-08,0.6026537016378841,8.551258891632115e-07,1.5475210240104173e-29,0.1532065464111069,0.0005140690797754524,7.596246872812275e-18,5.5174015663624224e-76,3.2400985114642986e-11,1.0577914524428038e-07,,62.643132660355576,8.589122752897215e-35,1.2236705583578553e-07,1.243265353681608e-06,0.7968650813108116,7.66054080582896e-24,0.6571252943584456,7.660490467098626e-23,0.29217308772607636,1.4624616090537106e-23,0.602654559174388,7.737284293386172e-22,0,P4,,,,inf,inf,0,0,,3.008547328724667e-16,,40.0,,0.98,False,301,,2.7400478150667315e-11,,,,2.7400478150666582e-11,,,,2.740047815066708e-11,,,40,,2.434888168528316e-08,,,,2.4348881685283162e-08,,,,2.4348881685283162e-08,,,,7.077853566807176e-11,,,,1.985332633318114e-10,,,0,,10.0,1,,,,,,,2.200640014807585e-06,,,,2.2006400148075856e-06,,,,2.2006400148075856e-06,,,100,,1.4013783450581946e-16,,,,1.788512901185876e-15,,,,1.1955251338735248e-11,,,,,,fd329821d8c0e3405499da30c1506302316b0b8801cfee4a5e4dbee39dcc0b3b,0,,numerical_failure,5e-05,mains,1.0,0,,7.596246872812275e-18,,,,3.2400985114642986e-11,,,,,,,,,,,,,,
,230,,2.622985579993019e-09,,,2.4867333504563642e-11,,,4.206008236510022e-13,,,3.070452032388454e-12,,0,vo,,,,,,,,,,,,,,,,,,,,,,,,,,,,,,6.071864800003823,9.999496582074302,0.0005034179256983707,last_5_cycles; hot_PTC_required_if_never_open; estimates_invalid_unless_extrapolation_valid,False,60,1,P4_t25_vo_v_k0_rs330_pwr0_body0_rail0d98_open0_actual0_ph0_i0_tap0_mains_amp230_f60_fuse1_macrofull_ptc40,,,,,,,0,full,v,,,,,,,,,8.41467424822472e-07,1.857012388319781e-29,1.4902714051487637e-05,6.407197133791966e-08,1.0923270701944169e-08,1.674928990991541e-08,2.2576190187182115e-07,2.3191343189430964e-05,2.3492618844996337e-08,1.2589841275620697e-07,2.448670330973393e-08,2.6769761575365977e-08,7.981527132328696e-31,7.981527132328696e-31,1.7624863538330237e-13,7.98152159792879e-31,7.98152159792879e-31,1.7624862141325848e-13,7.98152159790136e-31,7.98152159790136e-31,1.762486214110586e-13,7.981527132332048e-31,7.981527132332048e-31,1.7624863538168678e-13,7.913876057251607e-06,0.49726092400481736,1.8569820738718863e-22,0.4972897195123074,1.857237410132652e-22,0.3504680155743878,6.130258636375212e-13,4.9518718224021946e-06,5.505018162971426e-08,0.013478338153424474,5.505018162971426e-08,0.013478338153424474,5.505018162971426e-08,0.013478338153424474,0.00013650959042607217,20.236817222039058,0.00013650959042607212,20.23681722203905,0.00013650959042607215,20.236817222039054,2.039326297037621e-07,0.428414946907068,8.294290531546747e-07,0.28799809949974925,4.5300622580361346e-06,0.0,0.14682170393791957,3.1459352782243647e-43,0.012353268715794218,20.19053906217487,0.012353268715794213,20.190539062174864,0.012353268715794213,20.190539062174864,5.055680808051454e-12,4.0845742332059286e-05,7.040612512894791e-12,8.390835782503905e-07,3.5517028998119665e-08,0.5959616514350539,8.390835782503905e-07,1.5475210240739673e-29,0.14681717387566154,0.0005034179256983707,7.441662495089336e-18,5.517401504542867e-76,3.128711044735546e-11,1.0302851105921863e-07,,61.360998976995084,8.58912275324972e-35,1.2379679556005493e-07,1.234350639913438e-06,0.7893817904704843,7.660540806143545e-24,0.6505473108779232,7.66049046741321e-23,0.28799809949974925,1.4624616091137675e-23,0.5959624929024787,7.737284293703909e-22,0,P4,,,,inf,inf,0,0,,2.9473210274562326e-16,,40.0,,0.98,False,301,,2.6840326145143158e-11,,,,2.6840326145142515e-11,,,,2.6840326145142793e-11,,,40,,2.2864049219238518e-08,,,,2.2864049219238518e-08,,,,2.2864049219238518e-08,,,,6.921194291916395e-11,,,,1.895703113854646e-10,,,0,,10.0,1,,,,,,,2.0662674653072778e-06,,,,2.0662674653072778e-06,,,,2.0662674653072778e-06,,,330,,4.347139672911243e-16,,,,1.712062654829103e-15,,,,1.1572618060887927e-11,,,,,,78397dfc87b477cc0cd329c9716ee264304cb6773001fed461cdcefb15585167,0,,numerical_failure,5e-05,mains,1.0,0,,7.441662495089336e-18,,,,3.128711044735546e-11,,,,,,,,,,,,,,
0.00784313088594,230,2.35311032183e-10,2.353263560084087e-10,2.35311032183e-08,2.10059811371e-10,2.1006156615237916e-10,2.10059811371e-08,2.24887112454e-10,2.2488845222293655e-10,2.24887112454e-08,2.97783379588e-10,2.9779132873696344e-10,2.97783379588e-08,0,a,0.751903363156,0.751903363156,0.751903363156,3.89158204329,11.6378206275,7.58004001469e-19,1.449456554e-07,1.14901935571e-18,1.54942469324e-07,4.98566905919e-19,9.38397022154e-08,8.49834129302e-19,1.35904276049e-07,8.48097989088e-19,1.91341626475e-07,1.1611764878e-18,1.84442103429e-07,1.36132415237e-18,3.83917873707e-08,5.11127326596e-19,3.38741190913e-08,603.65867573,386.202863791,25.664352634,218.234490969,25.664352634,218.234490969,603.65867573,386.202863791,23.6539061999938,,,,,60,1,P5_t25_a_v_k0_rs100_pwr1_body0_rail0d98_open0_actual0_ph0_i0_tap4_mains_amp230_f60_fuse1_macrofull_ptc40,3.45556738059e-07,4.13314258686e-07,-3.49957337414e-09,-4.81997265017e-09,-2.86189676098e-06,,0,full,v,0.497055749376,17.2716007204,-10.7281902195,14.157353687,-6.86855222636,0.128821567842,14.1579435765,-6.86883834688,40.97926573090605,-24.771994183003812,7.307087221778152e-07,6.950824885282066e-07,9.489158645176698e-07,1.7916426035389658e-07,1.449456554000056e-07,1.549424693235435e-07,9.383970221536753e-08,1.3590427604907168e-07,1.913416264754525e-07,1.8444210342946459e-07,603.6586907941132,603.6586907941133,386.2028637909732,25.66435774348966,1.256860094319943e-17,218.23449096869422,25.664357743489663,1.2568600943138007e-17,218.23449096869422,603.6586907941132,603.6586907941133,386.2028637909732,1.000000000001e-06,14.15735368698279,-6.868552226363684,14.15794357648866,-6.868838346881878,11.669271944841132,3.5440502497262545e-13,3.7652284936018354e-06,1.450751818817825e-08,0.006919162523093991,1.4507518188178191e-08,0.0069191625230939635,1.4507518188178191e-08,0.0069191625230939635,1.8848823682921547e-07,0.7519738762002612,1.884882368292156e-07,0.7519738762002621,1.8848823682921531e-07,0.7519738762002612,1.682712311071313e-05,3.891582043288027,0.001354388689571148,11.637820627467791,-4.799560311102664,-10.231134470136483,16.893686522177955,4.800433597959254,1.3909433157649155e-07,0.06775037226483865,1.3909433157649168e-07,0.06775037226483871,1.3909433157649168e-07,0.06775037226483871,3.4796962913706326e-09,0.0005898895058713549,3325.545400862751,18.236077979825463,5.951366233582252e-05,24.3954221803646,18.236077979825463,-11.458682463710677,21.693246833280618,0.01,1.3781833618556665e-19,1.903163423592163e-40,3.981634707436958e-07,8.351277642430215e-05,3.8872465876107754e-07,14.767866064167325,-8.436037386353632,9.412576834974494e-08,6.922816663614662e-07,14.773797486585803,-8.463871549615575,14.359491837364224,-6.180115757752848,11.637820627467791,-2.288533714464821,16.586650104722043,-10.702916438998251,0,P5,1.2931214124e-08,6.92281666361e-07,11.6692719448,,,0,1,5.47965545336e-18,5.509290631147665e-18,9.41257683497e-08,40.0,3.7652284936e-06,0.98,True,10262,5.74205416109e-13,5.752259167702089e-13,5.7420541611e-11,0.00691916252309,5.74205416109e-13,5.75225916770208e-13,5.7420541611e-11,0.00691916252309,5.74205416109e-13,5.752259167702067e-13,5.7420541611e-11,0.00691916252309,40,1.71612147395e-10,1.7161309688223793e-10,1.71612147395e-08,0.7519738762,1.71612147395e-10,1.7161309688223744e-10,1.71612147395e-08,0.7519738762,1.71612147395e-10,1.7161309688223702e-10,1.71612147395e-08,0.7519738762,5.07756662896e-08,5.077570045555259e-08,5.07756662896e-06,3.89158204329,6.19095595561e-06,6.190956286064435e-06,0.000619095595561,11.6378206275,0,2.80627624101,10.0,0,,-4.7995603111,-10.2311344701,16.8936865222,4.80043359796,8.65676477997e-12,8.666791268037223e-12,8.65676477997e-10,0.0677503722648,8.65676477997e-12,8.666791268037263e-12,8.65676477997e-10,0.0677503722648,8.65676477997e-12,8.666791268037255e-12,8.65676477997e-10,0.0677503722648,100,1.65887905633e-11,1.658879286128064e-11,1.65887905633e-09,0.000589889505871,15.5375636676,15.537564232560333,1553.75636676,18.2360779798,2.59454830445e-07,2.594548397105266e-07,2.59454830445e-05,24.3954221804,1.37625671066,18.2360779798,-11.4586824637,947a0a589b5bfd0102d4ce58821606c2ca5741082c2460850330ffcd6f45042a,0,21.6932468333,ok,1e-06,mains,0.01,4,-8.43603738635,1.3781833618556665e-19,1.37818336186e-19,1.90316342359e-40,3.98163412996e-07,3.981634707436958e-07,3.98163412996e-05,8.35127764243e-05,0.144182190569,14.7737974866,-8.46387154962,0.162508675302,14.3594918374,-6.18011575775,-1.42032777133,11.6378206275,-2.28853371446,0.471781968862,16.5866501047,-10.702916439
0.00784313098135,230,2.35310952828e-10,2.353262709840175e-10,2.35310952828e-08,2.10059845655e-10,2.1006161610790532e-10,2.10059845655e-08,2.24888171011e-10,2.248895132679945e-10,2.24888171011e-08,2.9778340277e-10,2.977913611787362e-10,2.9778340277e-08,0,a,0.751903206463,0.751903206463,0.751903206463,3.89158204151,11.6378212355,7.57994026239e-19,1.4464122372e-07,1.14900926087e-18,1.54942161037e-07,4.98566893028e-19,9.38397086078e-08,8.49834183675e-19,1.35904452132e-07,8.48086701603e-19,1.91048772462e-07,1.16116707626e-18,1.84293942447e-07,1.36132416515e-18,3.8391787336e-08,5.1112732813e-19,3.38741201235e-08,603.658675731,386.202863798,25.6643526339,218.234490969,25.6643526339,218.234490969,603.658675731,386.202863798,23.61551989999134,,,,,60,1,P5_t25_a_v_k0_rs330_pwr1_body0_rail0d98_open0_actual0_ph0_i0_tap4_mains_amp230_f60_fuse1_macrofull_ptc40,3.4654191682e-07,4.13313866279e-07,-3.49963712523e-09,-4.81997284099e-09,-2.86166225938e-06,,0,full,v,0.497055749452,17.2716007594,-10.7281902322,14.1560304269,-6.86798942252,0.128822783134,14.1579768803,-6.86893354271,40.979265731600115,-24.771994183009273,7.307085227501159e-07,6.950825147476556e-07,9.470998531972039e-07,1.7916426306418533e-07,1.446412237204875e-07,1.5494216103716096e-07,9.383970860782354e-08,1.359044521321781e-07,1.910487724618437e-07,1.842939424467416e-07,603.6586907947238,603.6586907947238,386.2028637980691,25.66435774342578,1.2568568229279105e-17,218.2344909688399,25.66435774342578,1.2568568229300151e-17,218.2344909688399,603.6586907947238,603.6586907947238,386.2028637980691,1.000000000001e-06,14.156030426855825,-6.867989422515095,14.15797688027603,-6.86893354270615,11.66936714066486,3.5460733038669003e-13,3.7662836049889847e-06,1.4517679371503633e-08,0.006921585217705695,1.4517679371503633e-08,0.006921585217705695,1.4517679371503633e-08,0.006921585217705695,1.8848815828107007e-07,0.7519737195163207,1.8848815828106978e-07,0.7519737195163199,1.8848815828106965e-07,0.7519737195163199,1.6827123095323492e-05,3.891582041508459,0.0013543888310856233,11.637821235461658,-4.79956031110054,-10.231134482728727,16.89368653374045,4.800433597958709,1.3908247722352147e-07,0.06774748518119478,1.3908247722352158e-07,0.06774748518119483,1.3908247722352158e-07,0.06774748518119483,1.1480851263714933e-08,0.001946453420204719,3325.5454009669606,18.236077980111187,5.9513662283199843e-05,24.395422169579245,18.236077980111187,-11.458682463716574,21.69324684484099,0.01,1.3779020741084369e-19,1.90316342324258e-40,3.9808926637201277e-07,8.349716560252828e-05,3.886519643283559e-07,14.767866763978851,-8.436036921787936,9.415311420440075e-08,6.91849633826019e-07,14.773798187061388,-8.463871120134876,14.359492533103873,-6.180115763238976,11.637821235461658,-2.288533721730517,16.586650115886854,-10.702916451567926,0,P5,1.29312705769e-08,6.91849633826e-07,11.6693671407,,,0,1,5.4786791841e-18,5.508300519506357e-18,9.41531142044e-08,40.0,3.76628360499e-06,0.98,True,10272,5.74200327157e-13,5.75221649938877e-13,5.74200327157e-11,0.00692158521771,5.74200327157e-13,5.752216499388839e-13,5.74200327157e-11,0.00692158521771,5.74200327157e-13,5.752216499388797e-13,5.74200327157e-11,0.00692158521771,40,1.7161211449e-10,1.7161306407512129e-10,1.7161211449e-08,0.751973719516,1.7161211449e-10,1.7161306407512092e-10,1.7161211449e-08,0.751973719516,1.7161211449e-10,1.716130640751204e-10,1.7161211449e-08,0.751973719516,5.07756691655e-08,5.0775703331587596e-08,5.07756691655e-06,3.89158204151,6.19095657878e-06,6.190956909234383e-06,0.000619095657878,11.6378212355,0,2.80628028847,10.0,0,,-4.7995603111,-10.2311344827,16.8936865337,4.80043359796,8.65675611102e-12,8.666790718391351e-12,8.65675611102e-10,0.0677474851812,8.65675611102e-12,8.666790718391348e-12,8.65675611102e-10,0.0677474851812,8.65675611102e-12,8.666790718391348e-12,8.65675611102e-10,0.0677474851812,330,5.47328055648e-11,5.4732813149075805e-11,5.47328055648e-09,0.0019464534202,15.5375636676,15.537564232569158,1553.75636676,18.2360779801,2.59454830292e-07,2.594548395570861e-07,2.59454830292e-05,24.3954221696,1.37625669927,18.2360779801,-11.4586824637,58454d4e7d9c6c19d029fa707aaba2326e4f34ce9406265dfde5a59a261a0ac1,0,21.6932468448,ok,1e-06,mains,0.01,4,-8.43603692179,1.3779020741084369e-19,1.37790207411e-19,1.90316342324e-40,3.98089208625e-07,3.9808926637201277e-07,3.98089208626e-05,8.34971656025e-05,0.144182186549,14.7737981871,-8.46387112013,0.162508664973,14.3594925331,-6.18011576324,-1.42032776792,11.6378212355,-2.28853372173,0.471781968839,16.5866501159,-10.7029164516
,-4000,,,,,,,,,,,,,0,vo,,,,,,,,,,,,,,,,,,,,,,,,,,,,,,60.60561970001436,,,,,60,1,P6_t25_vo_v_k0_rs100_pwr1_body0_rail0d98_open0_actual0_ph0_i0_tap0_esd_ampm4000_f60_fuse1_macrofull_ptc40,,,,,,,0,full,v,,,,,,,,,,,,,,,,,,,,,,,,,,,,,,,,,,,,,,,,,,,,,,,,,,,,,,,,,,,,,,,,,,,,,,,,,,,,,,,,,,,,,,,,,,,,,,0,P6,,,,,,0,1,,,,,,0.98,,,,,,,,,,,,,,,40,,,,,,,,,,,,,,,,,,,,,0,,10.0,,,,,,,,,,,,,,,,,,,100,,,,,,,,,,,,,,,,0bf332bbe04f5122e4ef26cd962f72e1b0af4adfd2ea6c6560a12a0b8df37f7b,0,,timeout,1e-09,esd,1e-05,0,,,,,,,,,,,,,,,,,,,,
,-4000,,,,,,,,,,,,,0,vo,,,,,,,,,,,,,,,,,,,,,,,,,,,,,,60.38154219998978,,,,,60,1,P6_t25_vo_v_k0_rs330_pwr1_body0_rail0d98_open0_actual0_ph0_i0_tap0_esd_ampm4000_f60_fuse1_macrofull_ptc40,,,,,,,0,full,v,,,,,,,,,,,,,,,,,,,,,,,,,,,,,,,,,,,,,,,,,,,,,,,,,,,,,,,,,,,,,,,,,,,,,,,,,,,,,,,,,,,,,,,,,,,,,,0,P6,,,,,,0,1,,,,,,0.98,,,,,,,,,,,,,,,40,,,,,,,,,,,,,,,,,,,,,0,,10.0,,,,,,,,,,,,,,,,,,,330,,,,,,,,,,,,,,,,8e422fb52e1f88a47396d700457993dc906d352670493103156a986533e4cbfd,0,,timeout,1e-09,esd,1e-05,0,,,,,,,,,,,,,,,,,,,,
,230,,,,,,,,,,,,,0,vo,,,,,,,,,,,,,,,,,,,,,,,,,,,,,,60.3897266999993,,,,,60,1,P7_t25_vo_v_k0_rs100_pwr1_body0_rail0d98_opennever_actual0_ph0_i0_tap0_mains_amp230_f60_fuse1_macrofull_ptc40,,,,,,,0,full,v,,,,,,,,,,,,,,,,,,,,,,,,,,,,,,,,,,,,,,,,,,,,,,,,,,,,,,,,,,,,,,,,,,,,,,,,,,,,,,,,,,,,,,,,,,,,,,100,P7,,,,,,0,1,,,,,,0.98,,,,,,,,,,,,,,,40,,,,,,,,,,,,,,,,,,,,,0,,1.0,,,,,,,,,,,,,,,,,,,100,,,,,,,,,,,,,,,,6dc6b4c929e86a7c8acaa3497990319011fed205fbf77cdf1b21bcf5cf524449,0,,timeout,5e-05,mains,2.0,0,,,,,,,,,,,,,,,,,,,,
,230,,,,,,,,,,,,,0,vo,,,,,,,,,,,,,,,,,,,,,,,,,,,,,,60.36113270002534,,,,,60,1,P7_t25_vo_v_k0_rs330_pwr1_body0_rail0d98_opennever_actual0_ph0_i0_tap0_mains_amp230_f60_fuse1_macrofull_ptc40,,,,,,,0,full,v,,,,,,,,,,,,,,,,,,,,,,,,,,,,,,,,,,,,,,,,,,,,,,,,,,,,,,,,,,,,,,,,,,,,,,,,,,,,,,,,,,,,,,,,,,,,,,100,P7,,,,,,0,1,,,,,,0.98,,,,,,,,,,,,,,,40,,,,,,,,,,,,,,,,,,,,,0,,1.0,,,,,,,,,,,,,,,,,,,330,,,,,,,,,,,,,,,,c614f2bfe66d7a8a5fa424bffd07d6b5918bba8ab4fb9d7cade7553a9dac46ec,0,,timeout,5e-05,mains,2.0,0,,,,,,,,,,,,,,,,,,,,
