adc_counts,adc_lsb,at_fraction,level,limit_pct,q,range_ohm,worst_pct
25.634765625,2.1,0.1,typical,100,C4,200,59.06433003951441
39.0625,3.2,0.1,guaranteed,100,C4,200,90.00278863164102
10,,0.1,calibrated_proxy,85.0,C4,200,77.04238706868473
25.634765625,2.1,0.1,typical,100,C4,2000,59.65711878851915
39.0625,3.2,0.1,guaranteed,100,C4,2000,90.90608577298156
10,,0.1,calibrated_proxy,85.0,C4,2000,77.81560942167222
25.634765625,2.1,0.1,typical,100,C4,20000,59.678575396464026
39.0625,3.2,0.1,guaranteed,100,C4,20000,90.93878155651663
10,,0.1,calibrated_proxy,85.0,C4,20000,77.84359701237821
25.634765625,2.1,0.1,typical,100,C4,200000,59.89335366080617
39.0625,3.2,0.1,guaranteed,100,C4,200000,91.26606272122845
10,,0.1,calibrated_proxy,85.0,C4,200000,78.12374968937156
25.634765625,2.1,0.1,typical,100,C4,2000000,52.23685173005883
39.0625,3.2,0.1,guaranteed,100,C4,2000000,79.59901216008964
10,,0.1,calibrated_proxy,85.0,C4,2000000,68.13675440903675
25.634765625,2.1,1.0,typical,100,C4,20000000,34.289887019115625
39.0625,3.2,1.0,guaranteed,100,C4,20000000,52.25125641008096
10,,0.1,calibrated_proxy,85.0,C4,20000000,16.96028267310192
