counts,detected_noise3,detection_applicable,gain,threshold_counts,voltage_V,x0_out_V,x2_out_V
5994.038656504722,True,True,1.0,16,-60.0,-4.85540645361647,-0.5994038656504722
19.816575597712248,True,True,10.1,16,0.02,0.20196317824851395,0.001981657559771225
20.542983286268097,True,True,10.1,16,-0.02,-0.20203582081588867,-0.0020542983286268098
2.03422604736523,,False,1.0,16,-0.02,-0.020003606444956103,-0.000203422604736523
1.961775573562585,,False,1.0,16,0.02,0.01999636070135874,0.00019617755735625852
48944.30531059108,True,True,10.1,16,60.0,4.8852594097434965,4.8944305310591085
48945.518990679084,True,True,10.1,16,-60.0,-4.876175992451346,-4.894551899067909
499.5364278521094,True,True,1.0,16,-5.0,-4.855406447699517,-0.049953642785210944
5045.308064111679,True,True,10.1,16,-5.0,-4.8761759924509525,-0.504530806411168
5993.96620603123,True,True,1.0,16,60.0,4.863886837163651,0.599396620603123
499.4639774622795,True,True,1.0,16,5.0,4.863886831001973,0.04994639774622795
5044.581656413385,True,True,10.1,16,5.0,4.885259409743443,0.5044581656413385
