id,variant,stage,kind,plus_A,minus_A,vdda_A,vref_A,dac_A,power_mW
s9_k8_a_s00_pos1_tap0_mcnom_cpl0_rp4p9_rn4p9_f12370_f21100_a0_dac1p25,A,4051,idle,1.2931336004294517e-09,-1.1857577851555906e-09,0.0,,,1.2090037158306516e-05
s9_k8_a_s00_pos1_tap0_mcnom_cpl0_rp4p9_rn4p9_f12370_f21100_a0_dac1p25,A,DAC,idle,,,,,4.718510908444362e-05,0.05898138635555453
s9_k8_a_s00_pos1_tap0_mcnom_cpl0_rp4p9_rn4p9_f12370_f21100_a0_dac1p25,A,OPA810,idle,0.001900075545611396,-0.0019000000097560174,0.0,,,18.53382665530259
s9_k8_a_s00_pos1_tap0_mcnom_cpl0_rp4p9_rn4p9_f12370_f21100_a0_dac1p25,A,OPA836,idle,0.0010040365433186664,0.0,0.0010040365433186664,,,3.3133205929515985
s9_k8_a_s00_pos1_tap0_mcnom_cpl0_rp4p9_rn4p9_f12370_f21100_a0_dac1p25,A,TOTAL_CHANNEL,idle,0.006000447584842888,-0.006085176847701618,0.0010040365433186664,0.00016303305416299078,4.718510908444362e-05,62.724264390286635
s9_k8_a_s00_pos1_tap0_mcnom_cpl0_rp4p9_rn4p9_f12370_f21100_a0_dac1p25,A,U103A,idle,0.0010356751058680745,-0.0010353756094062892,0.0,,,10.100981861386746
s9_k8_a_s00_pos1_tap0_mcnom_cpl0_rp4p9_rn4p9_f12370_f21100_a0_dac1p25,A,U103B,idle,0.001036271382031368,-0.0010347797161370292,0.0,,,10.100982885341221
s9_k8_a_s00_pos1_tap0_mcnom_cpl0_rp4p9_rn4p9_f12370_f21100_a0_dac1p25,A,U105A,idle,0.0010355251271095248,-0.0010355255720664027,0.0,,,10.100981995091244
s9_k8_a_s00_pos1_tap0_mcnom_cpl0_rp4p9_rn4p9_f12370_f21100_a0_dac1p25,A,U105B,idle,0.0009928991310889246,-0.001079494754578095,0.0,,,10.107594288413045
s9_k8_a_s00_pos1_tap0_mcnom_cpl0_rp4p9_rn4p9_f12370_f21100_a0_dac1p25,A,VMID,idle,,,,0.00016303305416299078,,0.4075826354074769
