variant,scale_V_div,metric,N,min,p2p5,p97p5,max
A,0.005,minus3_Hz,500,916034.8777165614,946698.0108181715,1058728.2005463056,1071758.2108221808
A,0.005,peak_db,500,1.6679789773106577e-05,1.6770636633668187e-05,0.010236914016630114,0.013792539408868591
A,0.005,atten_2p47m_db,500,23.85615786238151,24.2765492079959,26.114173644493444,26.423344732479414
A,0.005,gain_dc_signed,500,-50.98913652676895,-50.64586466533949,-48.236899187139414,-47.81633788797146
A,0.005,offset_uncal_V,500,-0.2304554596874806,-0.1746012089207499,0.1481236211928705,0.181031186022097
A,0.005,noise_pct_div,100,0.22432248719114872,0.22586016676319343,0.24101182334661195,0.24369317094066287
A,0.05,minus3_Hz,500,916022.7879859285,946689.0052491251,1058711.9962655944,1071747.7452648138
A,0.05,peak_db,500,1.668177528868865e-05,1.6772761788253953e-05,0.010326692809893418,0.013877845872761602
A,0.05,atten_2p47m_db,500,23.85668047520152,24.277577171682584,26.114750976226535,26.424237875695393
A,0.05,gain_dc_signed,500,-5.1397731611009245,-5.069240485420639,-4.817439646888089,-4.771595060560907
A,0.05,offset_uncal_V,500,-0.2044576008934762,-0.1640492125162408,0.1427880032715128,0.1672714273967857
A,0.5,minus3_Hz,500,913505.403334441,945282.2766703251,1056523.110821858,1078944.669413671
A,0.5,peak_db,500,1.7305535181951054e-05,1.7460940579473376e-05,0.0935479653985934,0.2370697810656527
A,0.5,atten_2p47m_db,500,23.848088901119592,24.301499370318332,26.14517471620694,26.429719885491455
A,0.5,gain_dc_signed,500,-0.5100351579839568,-0.5067555776882737,-0.4827662296145391,-0.47760240603957893
A,0.5,offset_uncal_V,500,-0.2304643813139602,-0.174610400966313,0.14811504823024715,0.18102194307989272
A,0.5,noise_pct_div,100,0.2243441558895856,0.22614992579434387,0.2412294360850518,0.24395857434539586
A,5.0,minus3_Hz,500,913493.4042120342,945269.9608065205,1056511.9248714847,1078925.8554496756
A,5.0,peak_db,500,1.7304077353164637e-05,1.7459518091700726e-05,0.09359017135905585,0.2370937184956973
A,5.0,atten_2p47m_db,500,23.848611544339526,24.302119646394186,26.145640380707206,26.430613051911145
A,5.0,gain_dc_signed,500,-0.05141222601786177,-0.05072269417931169,-0.04821204737736434,-0.04769520213396383
A,5.0,offset_uncal_V,500,-0.20445840156943307,-0.16405009580570726,0.14278714895550657,0.16727062970793516
