id,test,variant,ix,scale_V_div,POS,tap,mc,kind,amplitude_V,freq_Hz,M,vdac_V,CPL,rail_plus_set_V,rail_minus_set_V,dc_limit_V,F1,F2,state,RSW,minus3_Hz,peak_db,peak_Hz,atten_1p73m_db,atten_2p47m_db,rebound_excess_db,rebound_Hz,gd_min_ns,gd_max_ns,gd_variation_ns,gain_dc_signed,gain_nominal_signed,gain_error_pct,center_V,offset_uncal_V,dac_center_V,position_plus_div,position_minus_div,position_pass,offset_compensable,noise_pin_uV,noise_pct_div,noise_with_adc_low_pct,noise_with_adc_high_pct,rise_ns,overshoot_pct,recovery_us,bav199_conducts,bav199_forward_max_V,bav199_peak_A,adc_min_V,adc_max_V,mux_low_margin_V,mux_high_margin_V,mux_supply_max_V,protection_pass,sfdr_db,reference_sfdr_db,residual_rms_LSB,residual_max_LSB,error_max_LSB,error_rms_LSB,gain_delta_db,phase_delta_deg,fundamental_pp_V,sample_width_ns,sample_period_ns,closing_time_error_ps,returncode
s9_k6_a_s00_pos1_tap0_mcnom_cpl0_rp4p8_rn4p8_f12370_f21100_a0_dac1p25_limit100,K6,A,0,0.005,1,0,-1,ac,0.0,0.0,0,1.25,0,4.8,4.8,100,2370.0,1100.0,,0,,,,,,,,,,,,,,,,,,,,,,,,,,,,,,,0.0069178702405865555,3.288631161005758,0.14886557120182076,0.14566614662339994,9.555258479549162,True,,,,,,,,,,,,,0
s9_k6_a_s00_pos1_tap0_mcnom_cpl0_rp4p8_rn4p8_f12370_f21100_a0_dac1p25_limit40,K6,A,0,0.005,1,0,-1,ac,0.0,0.0,0,1.25,0,4.8,4.8,40,2370.0,1100.0,,0,,,,,,,,,,,,,,,,,,,,,,,,,,,,,,,0.0069178702405865555,3.288631161005758,0.14886557120182076,0.14566614662339994,9.555258479549162,True,,,,,,,,,,,,,0
s9_k6_a_s00_pos1_tap0_mcnom_cpl0_rp4p8_rn5_f12370_f21100_a0_dac1p25_limit100,K6,A,0,0.005,1,0,-1,ac,0.0,0.0,0,1.25,0,4.8,5,100,2370.0,1100.0,,0,,,,,,,,,,,,,,,,,,,,,,,,,,,,,,,0.006917886864502973,3.288983283363778,0.15158073361594937,0.14590445239742245,9.754481436045207,True,,,,,,,,,,,,,0
s9_k6_a_s00_pos1_tap0_mcnom_cpl0_rp4p8_rn5_f12370_f21100_a0_dac1p25_limit40,K6,A,0,0.005,1,0,-1,ac,0.0,0.0,0,1.25,0,4.8,5,40,2370.0,1100.0,,0,,,,,,,,,,,,,,,,,,,,,,,,,,,,,,,0.006917886864502973,3.288983283363778,0.15158073361594937,0.14590445239742245,9.754481436045207,True,,,,,,,,,,,,,0
s9_k6_a_s00_pos1_tap0_mcnom_cpl0_rp5_rn4p8_f12370_f21100_a0_dac1p25_limit100,K6,A,0,0.005,1,0,-1,ac,0.0,0.0,0,1.25,0,5,4.8,100,2370.0,1100.0,,0,,,,,,,,,,,,,,,,,,,,,,,,,,,,,,,0.006878395866284997,3.28863103257895,0.14911152814374162,0.14852876595123377,9.754421940510053,True,,,,,,,,,,,,,0
s9_k6_a_s00_pos1_tap0_mcnom_cpl0_rp5_rn4p8_f12370_f21100_a0_dac1p25_limit40,K6,A,0,0.005,1,0,-1,ac,0.0,0.0,0,1.25,0,5,4.8,40,2370.0,1100.0,,0,,,,,,,,,,,,,,,,,,,,,,,,,,,,,,,0.006878395866284997,3.28863103257895,0.14911152814374162,0.14852876595123377,9.754421940510053,True,,,,,,,,,,,,,0
s9_k6_a_s00_pos1_tap0_mcnom_cpl0_rp5_rn5_f12370_f21100_a0_dac1p25_limit100,K6,A,0,0.005,1,0,-1,ac,0.0,0.0,0,1.25,0,5,5,100,2370.0,1100.0,,0,,,,,,,,,,,,,,,,,,,,,,,,,,,,,,,0.0068784062810345785,3.2889831904701627,0.15181691712522394,0.148757459379933,9.953644897457707,True,,,,,,,,,,,,,0
s9_k6_a_s00_pos1_tap0_mcnom_cpl0_rp5_rn5_f12370_f21100_a0_dac1p25_limit40,K6,A,0,0.005,1,0,-1,ac,0.0,0.0,0,1.25,0,5,5,40,2370.0,1100.0,,0,,,,,,,,,,,,,,,,,,,,,,,,,,,,,,,0.0068784062810345785,3.2889831904701627,0.15181691712522394,0.148757459379933,9.953644897457707,True,,,,,,,,,,,,,0
s9_k6_a_s00_pos1_tap0_mcnom_cpl1_rp4p8_rn4p8_f12370_f21100_a0_dac1p25_limit100,K6,A,0,0.005,1,0,-1,ac,0.0,0.0,0,1.25,1,4.8,4.8,100,2370.0,1100.0,,0,,,,,,,,,,,,,,,,,,,,,,,,,,,,,,,1.2319531273457547,1.2319724182853071,4.7783217463843135,4.776881238859491,9.555729863110347,True,,,,,,,,,,,,,0
s9_k6_a_s00_pos1_tap0_mcnom_cpl1_rp4p8_rn5_f12370_f21100_a0_dac1p25_limit100,K6,A,0,0.005,1,0,-1,ac,0.0,0.0,0,1.25,1,4.8,5,100,2370.0,1100.0,,0,,,,,,,,,,,,,,,,,,,,,,,,,,,,,,,1.2360290042525337,1.23604827475894,4.977544170689936,4.776882895983513,9.754952686025723,True,,,,,,,,,,,,,0
s9_k6_a_s00_pos1_tap0_mcnom_cpl1_rp5_rn4p8_f12370_f21100_a0_dac1p25_limit100,K6,A,0,0.005,1,0,-1,ac,0.0,0.0,0,1.25,1,5,4.8,100,2370.0,1100.0,,0,,,,,,,,,,,,,,,,,,,,,,,,,,,,,,,1.2278785875783698,1.2278978570771952,4.77832228879844,4.976042344450693,9.754893323772329,True,,,,,,,,,,,,,0
s9_k6_a_s00_pos1_tap0_mcnom_cpl1_rp5_rn5_f12370_f21100_a0_dac1p25_limit100,K6,A,0,0.005,1,0,-1,ac,0.0,0.0,0,1.25,1,5,5,100,2370.0,1100.0,,0,,,,,,,,,,,,,,,,,,,,,,,,,,,,,,,1.231954356684242,1.2319736056699717,4.977544713351234,4.9760446896109105,9.954115287285394,True,,,,,,,,,,,,,0
s9_k6_a_s01_pos1_tap1_mcnom_cpl0_rp4p8_rn4p8_f12370_f21100_a0_dac1p25_limit40,K6,A,1,0.01,1,1,-1,ac,0.0,0.0,0,1.25,0,4.8,4.8,40,2370.0,1100.0,,0,,,,,,,,,,,,,,,,,,,,,,,,,,,,,,,0.00691795175975966,3.2886306052458854,0.12034155991390172,0.11875133539155414,9.555258476724712,True,,,,,,,,,,,,,0
s9_k6_a_s01_pos1_tap1_mcnom_cpl0_rp4p8_rn5_f12370_f21100_a0_dac1p25_limit40,K6,A,1,0.01,1,1,-1,ac,0.0,0.0,0,1.25,0,4.8,5,40,2370.0,1100.0,,0,,,,,,,,,,,,,,,,,,,,,,,,,,,,,,,0.006917968689651341,3.288982853874995,0.1228650619201046,0.11909800110040791,9.754481435282614,True,,,,,,,,,,,,,0
s9_k6_a_s01_pos1_tap1_mcnom_cpl0_rp5_rn4p8_f12370_f21100_a0_dac1p25_limit40,K6,A,1,0.01,1,1,-1,ac,0.0,0.0,0,1.25,0,5,4.8,40,2370.0,1100.0,,0,,,,,,,,,,,,,,,,,,,,,,,,,,,,,,,0.006878450128570134,3.288630474007312,0.12070723918874648,0.12125452639273071,9.754421935595047,True,,,,,,,,,,,,,0
s9_k6_a_s01_pos1_tap1_mcnom_cpl0_rp5_rn5_f12370_f21100_a0_dac1p25_limit40,K6,A,1,0.01,1,1,-1,ac,0.0,0.0,0,1.25,0,5,5,40,2370.0,1100.0,,0,,,,,,,,,,,,,,,,,,,,,,,,,,,,,,,0.006878460727426166,3.288982758570838,0.12321740904901723,0.12158874830858668,9.953644894633673,True,,,,,,,,,,,,,0
s9_k6_a_s05_pos1_tap5_mcnom_cpl0_rp4p8_rn4p8_f12370_f21100_a0_dac1p25_limit40,K6,A,5,0.2,1,5,-1,ac,0.0,0.0,0,1.25,0,4.8,4.8,40,2370.0,1100.0,,0,,,,,,,,,,,,,,,,,,,,,,,,,,,,,,,0.006920252111459591,3.2886132667104535,0.11532198994699083,0.1137649022547933,9.55525847394069,True,,,,,,,,,,,,,0
s9_k6_a_s05_pos1_tap5_mcnom_cpl0_rp4p8_rn5_f12370_f21100_a0_dac1p25_limit40,K6,A,5,0.2,1,5,-1,ac,0.0,0.0,0,1.25,0,4.8,5,40,2370.0,1100.0,,0,,,,,,,,,,,,,,,,,,,,,,,,,,,,,,,0.0069202794489321056,3.288970181633931,0.11774545413045256,0.11413798182096357,9.75448143483839,True,,,,,,,,,,,,,0
s9_k6_a_s05_pos1_tap5_mcnom_cpl0_rp5_rn4p8_f12370_f21100_a0_dac1p25_limit40,K6,A,5,0.2,1,5,-1,ac,0.0,0.0,0,1.25,0,5,4.8,40,2370.0,1100.0,,0,,,,,,,,,,,,,,,,,,,,,,,,,,,,,,,0.006879894279233067,3.288613063959026,0.11571665229228056,0.11615472094655388,9.754421930499797,True,,,,,,,,,,,,,0
s9_k6_a_s05_pos1_tap5_mcnom_cpl0_rp5_rn5_f12370_f21100_a0_dac1p25_limit40,K6,A,5,0.2,1,5,-1,ac,0.0,0.0,0,1.25,0,5,5,40,2370.0,1100.0,,0,,,,,,,,,,,,,,,,,,,,,,,,,,,,,,,0.006879911468281416,3.288970032114916,0.1181261547679826,0.11651494207310442,9.953644891850152,True,,,,,,,,,,,,,0
s9_k6_a_s06_pos100_tap0_mcnom_cpl0_rp4p8_rn4p8_f12370_f21100_a0_dac1p25_limit100,K6,A,6,0.5,100,0,-1,ac,0.0,0.0,0,1.25,0,4.8,4.8,100,2370.0,1100.0,,0,,,,,,,,,,,,,,,,,,,,,,,,,,,,,,,0.006917870237006583,3.2886311610058296,3.783986741019123,3.7824637485427592,9.555258509204684,True,,,,,,,,,,,,,0
s9_k6_a_s06_pos100_tap0_mcnom_cpl0_rp4p8_rn4p8_f12370_f21100_a0_dac1p25_limit40,K6,A,6,0.5,100,0,-1,ac,0.0,0.0,0,1.25,0,4.8,4.8,40,2370.0,1100.0,,0,,,,,,,,,,,,,,,,,,,,,,,,,,,,,,,0.006917919649310327,3.2886309625954437,4.380316394516656,4.378790893995852,9.555258509204684,True,,,,,,,,,,,,,0
s9_k6_a_s06_pos100_tap0_mcnom_cpl0_rp4p8_rn5_f12370_f21100_a0_dac1p25_limit100,K6,A,6,0.5,100,0,-1,ac,0.0,0.0,0,1.25,0,4.8,5,100,2370.0,1100.0,,0,,,,,,,,,,,,,,,,,,,,,,,,,,,,,,,0.006917886860081083,3.288983283363919,3.9829989964104136,3.782463861440247,9.75448146942546,True,,,,,,,,,,,,,0
s9_k6_a_s06_pos100_tap0_mcnom_cpl0_rp4p8_rn5_f12370_f21100_a0_dac1p25_limit40,K6,A,6,0.5,100,0,-1,ac,0.0,0.0,0,1.25,0,4.8,5,40,2370.0,1100.0,,0,,,,,,,,,,,,,,,,,,,,,,,,,,,,,,,0.006917937076043995,3.2889830885843967,4.579517133799142,4.378791283973895,9.75448146942546,True,,,,,,,,,,,,,0
s9_k6_a_s06_pos100_tap0_mcnom_cpl0_rp5_rn4p8_f12370_f21100_a0_dac1p25_limit100,K6,A,6,0.5,100,0,-1,ac,0.0,0.0,0,1.25,0,5,4.8,100,2370.0,1100.0,,0,,,,,,,,,,,,,,,,,,,,,,,,,,,,,,,0.006878395865158552,3.2886310325795223,3.783986853330183,3.9814162976098117,9.754421966318624,True,,,,,,,,,,,,,0
s9_k6_a_s06_pos100_tap0_mcnom_cpl0_rp5_rn4p8_f12370_f21100_a0_dac1p25_limit40,K6,A,6,0.5,100,0,-1,ac,0.0,0.0,0,1.25,0,5,4.8,40,2370.0,1100.0,,0,,,,,,,,,,,,,,,,,,,,,,,,,,,,,,,0.006878434821433165,3.288630829546794,4.380316783756849,4.577931819323115,9.754421966318624,True,,,,,,,,,,,,,0
s9_k6_a_s06_pos100_tap0_mcnom_cpl0_rp5_rn5_f12370_f21100_a0_dac1p25_limit100,K6,A,6,0.5,100,0,-1,ac,0.0,0.0,0,1.25,0,5,5,100,2370.0,1100.0,,0,,,,,,,,,,,,,,,,,,,,,,,,,,,,,,,0.006878406280512245,3.288983190470523,3.982999108871815,3.981416410625872,9.953644927116171,True,,,,,,,,,,,,,0
s9_k6_a_s06_pos100_tap0_mcnom_cpl0_rp5_rn5_f12370_f21100_a0_dac1p25_limit40,K6,A,6,0.5,100,0,-1,ac,0.0,0.0,0,1.25,0,5,5,40,2370.0,1100.0,,0,,,,,,,,,,,,,,,,,,,,,,,,,,,,,,,0.006878445821767271,3.288982991462449,4.579517522177673,4.577932208404785,9.953644927116171,True,,,,,,,,,,,,,0
s9_k6_a_s06_pos100_tap0_mcnom_cpl1_rp4p8_rn4p8_f12370_f21100_a0_dac1p25_limit100,K6,A,6,0.5,100,0,-1,ac,0.0,0.0,0,1.25,1,4.8,4.8,100,2370.0,1100.0,,0,,,,,,,,,,,,,,,,,,,,,,,,,,,,,,,1.231962770959432,1.2319627719526107,4.778321746386138,4.77688123889599,9.555258487956896,True,,,,,,,,,,,,,0
s9_k6_a_s06_pos100_tap0_mcnom_cpl1_rp4p8_rn5_f12370_f21100_a0_dac1p25_limit100,K6,A,6,0.5,100,0,-1,ac,0.0,0.0,0,1.25,1,4.8,5,100,2370.0,1100.0,,0,,,,,,,,,,,,,,,,,,,,,,,,,,,,,,,1.2360386481461423,1.2360386491393178,4.977544170691759,4.7768828960200125,9.754481444738666,True,,,,,,,,,,,,,0
s9_k6_a_s06_pos100_tap0_mcnom_cpl1_rp5_rn4p8_f12370_f21100_a0_dac1p25_limit100,K6,A,6,0.5,100,0,-1,ac,0.0,0.0,0,1.25,1,5,4.8,100,2370.0,1100.0,,0,,,,,,,,,,,,,,,,,,,,,,,,,,,,,,,1.2278882099904773,1.227888210983656,4.77832228880035,4.976042344489102,9.754421948620587,True,,,,,,,,,,,,,0
s9_k6_a_s06_pos100_tap0_mcnom_cpl1_rp5_rn5_f12370_f21100_a0_dac1p25_limit100,K6,A,6,0.5,100,0,-1,ac,0.0,0.0,0,1.25,1,5,5,100,2370.0,1100.0,,0,,,,,,,,,,,,,,,,,,,,,,,,,,,,,,,1.2319639793270012,1.2319639803201798,4.9775447133531445,4.976044689649319,9.953644905865527,True,,,,,,,,,,,,,0
s9_k6_a_s11_pos100_tap5_mcnom_cpl0_rp4p8_rn4p8_f12370_f21100_a0_dac1p25_limit40,K6,A,11,20.0,100,5,-1,ac,0.0,0.0,0,1.25,0,4.8,4.8,40,2370.0,1100.0,,0,,,,,,,,,,,,,,,,,,,,,,,,,,,,,,,0.7403494741134502,1.7289344246794218,4.381805276774982,4.380270869334496,9.555258509475442,True,,,,,,,,,,,,,0
s9_k6_a_s11_pos100_tap5_mcnom_cpl0_rp4p8_rn5_f12370_f21100_a0_dac1p25_limit40,K6,A,11,20.0,100,5,-1,ac,0.0,0.0,0,1.25,0,4.8,5,40,2370.0,1100.0,,0,,,,,,,,,,,,,,,,,,,,,,,,,,,,,,,0.7443813855567465,1.7329663444393106,4.581027546235084,4.380271560905559,9.754481470664262,True,,,,,,,,,,,,,0
s9_k6_a_s11_pos100_tap5_mcnom_cpl0_rp5_rn4p8_f12370_f21100_a0_dac1p25_limit40,K6,A,11,20.0,100,5,-1,ac,0.0,0.0,0,1.25,0,5,4.8,40,2370.0,1100.0,,0,,,,,,,,,,,,,,,,,,,,,,,,,,,,,,,0.7363188428898071,1.7249038455057852,4.381805974508492,4.579433628011001,9.754421965744392,True,,,,,,,,,,,,,0
s9_k6_a_s11_pos100_tap5_mcnom_cpl0_rp5_rn5_f12370_f21100_a0_dac1p25_limit40,K6,A,11,20.0,100,5,-1,ac,0.0,0.0,0,1.25,0,5,5,40,2370.0,1100.0,,0,,,,,,,,,,,,,,,,,,,,,,,,,,,,,,,0.7403506442946027,1.7289356596191305,4.58102824420982,4.579434319790493,9.95364492738586,True,,,,,,,,,,,,,0
