id,variant,part,voltage_V,power_W,dc_limit_V
s9_k6_a_s00_pos1_tap0_mcnom_cpl0_rp4p8_rn4p8_f12370_f21100_a0_dac1p25_limit100,A,Rt1,49.50405770964831,0.004463846502222568,100
s9_k6_a_s00_pos1_tap0_mcnom_cpl0_rp4p8_rn4p8_f12370_f21100_a0_dac1p25_limit100,A,Rt2,49.50405770964831,0.004463846502222568,100
s9_k6_a_s00_pos1_tap0_mcnom_cpl0_rp4p8_rn4p8_f12370_f21100_a0_dac1p25_limit100,A,Rb,0.9918845807033859,8.943954740337561e-05,100
s9_k6_a_s00_pos1_tap0_mcnom_cpl0_rp4p8_rn4p8_f12370_f21100_a0_dac1p25_limit100,A,Rs1,47.23073931144471,0.04470426324460218,100
s9_k6_a_s00_pos1_tap0_mcnom_cpl0_rp4p8_rn4p8_f12370_f21100_a0_dac1p25_limit100,A,Rs2,47.23073931144471,0.04470426324460218,100
s9_k6_a_s00_pos1_tap0_mcnom_cpl0_rp4p8_rn4p8_f12370_f21100_a0_dac1p25_limit100,A,Req,5.539766974836069e-11,3.068901813548437e-28,100
s9_k6_a_s00_pos1_tap0_mcnom_cpl0_rp4p8_rn4p8_f12370_f21100_a0_dac1p25_limit100,A,Cs,94.46147862288942,,100
s9_k6_a_s00_pos1_tap0_mcnom_cpl0_rp4p8_rn4p8_f12370_f21100_a0_dac1p25_limit100,A,Ceq,5.539766974836069e-11,,100
s9_k6_a_s00_pos1_tap0_mcnom_cpl0_rp4p8_rn4p8_f12370_f21100_a0_dac1p25_limit100,A,Ct1,49.50405770964831,,100
s9_k6_a_s00_pos1_tap0_mcnom_cpl0_rp4p8_rn4p8_f12370_f21100_a0_dac1p25_limit100,A,Ct2,49.50405770964831,,100
s9_k6_a_s00_pos1_tap0_mcnom_cpl0_rp4p8_rn4p8_f12370_f21100_a0_dac1p25_limit100,A,Ctrimmer,49.50405770964831,,100
s9_k6_a_s00_pos1_tap0_mcnom_cpl0_rp4p8_rn4p8_f12370_f21100_a0_dac1p25_limit100,A,Cb,0.9918845807033859,,100
s9_k6_a_s00_pos1_tap0_mcnom_cpl0_rp4p8_rn4p8_f12370_f21100_a0_dac1p25_limit40,A,Rt1,19.801623083859305,0.0007142154403556095,40
s9_k6_a_s00_pos1_tap0_mcnom_cpl0_rp4p8_rn4p8_f12370_f21100_a0_dac1p25_limit40,A,Rt2,19.801623083859305,0.0007142154403556095,40
s9_k6_a_s00_pos1_tap0_mcnom_cpl0_rp4p8_rn4p8_f12370_f21100_a0_dac1p25_limit40,A,Rb,0.39675383228139005,1.4310327584542671e-05,40
s9_k6_a_s00_pos1_tap0_mcnom_cpl0_rp4p8_rn4p8_f12370_f21100_a0_dac1p25_limit40,A,Rs1,17.25238836783332,0.005964827743377764,40
s9_k6_a_s00_pos1_tap0_mcnom_cpl0_rp4p8_rn4p8_f12370_f21100_a0_dac1p25_limit40,A,Rs2,17.252388367833316,0.005964827743377761,40
s9_k6_a_s00_pos1_tap0_mcnom_cpl0_rp4p8_rn4p8_f12370_f21100_a0_dac1p25_limit40,A,Req,5.496467990419319e-11,3.021116036970419e-28,40
s9_k6_a_s00_pos1_tap0_mcnom_cpl0_rp4p8_rn4p8_f12370_f21100_a0_dac1p25_limit40,A,Cs,34.50477673566664,,40
s9_k6_a_s00_pos1_tap0_mcnom_cpl0_rp4p8_rn4p8_f12370_f21100_a0_dac1p25_limit40,A,Ceq,5.496467990419319e-11,,40
s9_k6_a_s00_pos1_tap0_mcnom_cpl0_rp4p8_rn4p8_f12370_f21100_a0_dac1p25_limit40,A,Ct1,19.801623083859305,,40
s9_k6_a_s00_pos1_tap0_mcnom_cpl0_rp4p8_rn4p8_f12370_f21100_a0_dac1p25_limit40,A,Ct2,19.801623083859305,,40
s9_k6_a_s00_pos1_tap0_mcnom_cpl0_rp4p8_rn4p8_f12370_f21100_a0_dac1p25_limit40,A,Ctrimmer,19.801623083859305,,40
s9_k6_a_s00_pos1_tap0_mcnom_cpl0_rp4p8_rn4p8_f12370_f21100_a0_dac1p25_limit40,A,Cb,0.39675383228139005,,40
s9_k6_a_s00_pos1_tap0_mcnom_cpl0_rp4p8_rn5_f12370_f21100_a0_dac1p25_limit100,A,Rt1,49.50405770964831,0.004463846502222568,100
s9_k6_a_s00_pos1_tap0_mcnom_cpl0_rp4p8_rn5_f12370_f21100_a0_dac1p25_limit100,A,Rt2,49.50405770964831,0.004463846502222568,100
s9_k6_a_s00_pos1_tap0_mcnom_cpl0_rp4p8_rn5_f12370_f21100_a0_dac1p25_limit100,A,Rb,0.991884580703388,8.943954740337599e-05,100
s9_k6_a_s00_pos1_tap0_mcnom_cpl0_rp4p8_rn5_f12370_f21100_a0_dac1p25_limit100,A,Rs1,47.23073934777556,0.04470426331337705,100
s9_k6_a_s00_pos1_tap0_mcnom_cpl0_rp4p8_rn5_f12370_f21100_a0_dac1p25_limit100,A,Rs2,47.23073934777556,0.04470426331337705,100
s9_k6_a_s00_pos1_tap0_mcnom_cpl0_rp4p8_rn5_f12370_f21100_a0_dac1p25_limit100,A,Req,5.7384949010154644e-11,3.2930323728980485e-28,100
s9_k6_a_s00_pos1_tap0_mcnom_cpl0_rp4p8_rn5_f12370_f21100_a0_dac1p25_limit100,A,Cs,94.46147869555112,,100
s9_k6_a_s00_pos1_tap0_mcnom_cpl0_rp4p8_rn5_f12370_f21100_a0_dac1p25_limit100,A,Ceq,5.7384949010154644e-11,,100
s9_k6_a_s00_pos1_tap0_mcnom_cpl0_rp4p8_rn5_f12370_f21100_a0_dac1p25_limit100,A,Ct1,49.50405770964831,,100
s9_k6_a_s00_pos1_tap0_mcnom_cpl0_rp4p8_rn5_f12370_f21100_a0_dac1p25_limit100,A,Ct2,49.50405770964831,,100
s9_k6_a_s00_pos1_tap0_mcnom_cpl0_rp4p8_rn5_f12370_f21100_a0_dac1p25_limit100,A,Ctrimmer,49.50405770964831,,100
s9_k6_a_s00_pos1_tap0_mcnom_cpl0_rp4p8_rn5_f12370_f21100_a0_dac1p25_limit100,A,Cb,0.991884580703388,,100
s9_k6_a_s00_pos1_tap0_mcnom_cpl0_rp4p8_rn5_f12370_f21100_a0_dac1p25_limit40,A,Rt1,19.801623083859305,0.0007142154403556095,40
s9_k6_a_s00_pos1_tap0_mcnom_cpl0_rp4p8_rn5_f12370_f21100_a0_dac1p25_limit40,A,Rt2,19.801623083859305,0.0007142154403556095,40
s9_k6_a_s00_pos1_tap0_mcnom_cpl0_rp4p8_rn5_f12370_f21100_a0_dac1p25_limit40,A,Rb,0.3967538322813922,1.4310327584542827e-05,40
s9_k6_a_s00_pos1_tap0_mcnom_cpl0_rp4p8_rn5_f12370_f21100_a0_dac1p25_limit40,A,Rs1,17.252388404150313,0.0059648277684901845,40
s9_k6_a_s00_pos1_tap0_mcnom_cpl0_rp4p8_rn5_f12370_f21100_a0_dac1p25_limit40,A,Rs2,17.252388404150313,0.0059648277684901845,40
s9_k6_a_s00_pos1_tap0_mcnom_cpl0_rp4p8_rn5_f12370_f21100_a0_dac1p25_limit40,A,Req,5.695076690934726e-11,3.2433898515628026e-28,40
s9_k6_a_s00_pos1_tap0_mcnom_cpl0_rp4p8_rn5_f12370_f21100_a0_dac1p25_limit40,A,Cs,34.504776808300626,,40
s9_k6_a_s00_pos1_tap0_mcnom_cpl0_rp4p8_rn5_f12370_f21100_a0_dac1p25_limit40,A,Ceq,5.695076690934726e-11,,40
s9_k6_a_s00_pos1_tap0_mcnom_cpl0_rp4p8_rn5_f12370_f21100_a0_dac1p25_limit40,A,Ct1,19.801623083859305,,40
s9_k6_a_s00_pos1_tap0_mcnom_cpl0_rp4p8_rn5_f12370_f21100_a0_dac1p25_limit40,A,Ct2,19.801623083859305,,40
s9_k6_a_s00_pos1_tap0_mcnom_cpl0_rp4p8_rn5_f12370_f21100_a0_dac1p25_limit40,A,Ctrimmer,19.801623083859305,,40
s9_k6_a_s00_pos1_tap0_mcnom_cpl0_rp4p8_rn5_f12370_f21100_a0_dac1p25_limit40,A,Cb,0.3967538322813922,,40
s9_k6_a_s00_pos1_tap0_mcnom_cpl0_rp5_rn4p8_f12370_f21100_a0_dac1p25_limit100,A,Rt1,49.50405770964831,0.004463846502222568,100
s9_k6_a_s00_pos1_tap0_mcnom_cpl0_rp5_rn4p8_f12370_f21100_a0_dac1p25_limit100,A,Rt2,49.50405770964831,0.004463846502222568,100
s9_k6_a_s00_pos1_tap0_mcnom_cpl0_rp5_rn4p8_f12370_f21100_a0_dac1p25_limit100,A,Rb,0.991884580703388,8.943954740337599e-05,100
s9_k6_a_s00_pos1_tap0_mcnom_cpl0_rp5_rn4p8_f12370_f21100_a0_dac1p25_limit100,A,Rs1,47.23011946856941,0.044703089880066924,100
s9_k6_a_s00_pos1_tap0_mcnom_cpl0_rp5_rn4p8_f12370_f21100_a0_dac1p25_limit100,A,Rs2,47.23011946856942,0.04470308988006694,100
s9_k6_a_s00_pos1_tap0_mcnom_cpl0_rp5_rn4p8_f12370_f21100_a0_dac1p25_limit100,A,Req,5.737196667715742e-11,3.2915425604048616e-28,100
s9_k6_a_s00_pos1_tap0_mcnom_cpl0_rp5_rn4p8_f12370_f21100_a0_dac1p25_limit100,A,Cs,94.46023893713883,,100
s9_k6_a_s00_pos1_tap0_mcnom_cpl0_rp5_rn4p8_f12370_f21100_a0_dac1p25_limit100,A,Ceq,5.737196667715742e-11,,100
s9_k6_a_s00_pos1_tap0_mcnom_cpl0_rp5_rn4p8_f12370_f21100_a0_dac1p25_limit100,A,Ct1,49.50405770964831,,100
s9_k6_a_s00_pos1_tap0_mcnom_cpl0_rp5_rn4p8_f12370_f21100_a0_dac1p25_limit100,A,Ct2,49.50405770964831,,100
s9_k6_a_s00_pos1_tap0_mcnom_cpl0_rp5_rn4p8_f12370_f21100_a0_dac1p25_limit100,A,Ctrimmer,49.50405770964831,,100
s9_k6_a_s00_pos1_tap0_mcnom_cpl0_rp5_rn4p8_f12370_f21100_a0_dac1p25_limit100,A,Cb,0.991884580703388,,100
s9_k6_a_s00_pos1_tap0_mcnom_cpl0_rp5_rn4p8_f12370_f21100_a0_dac1p25_limit40,A,Rt1,19.801623083859305,0.0007142154403556095,40
s9_k6_a_s00_pos1_tap0_mcnom_cpl0_rp5_rn4p8_f12370_f21100_a0_dac1p25_limit40,A,Rt2,19.801623083859305,0.0007142154403556095,40
s9_k6_a_s00_pos1_tap0_mcnom_cpl0_rp5_rn4p8_f12370_f21100_a0_dac1p25_limit40,A,Rb,0.3967538322813922,1.4310327584542827e-05,40
s9_k6_a_s00_pos1_tap0_mcnom_cpl0_rp5_rn4p8_f12370_f21100_a0_dac1p25_limit40,A,Rs1,17.2517689390155,0.005964399429362324,40
s9_k6_a_s00_pos1_tap0_mcnom_cpl0_rp5_rn4p8_f12370_f21100_a0_dac1p25_limit40,A,Rs2,17.2517689390155,0.005964399429362324,40
s9_k6_a_s00_pos1_tap0_mcnom_cpl0_rp5_rn4p8_f12370_f21100_a0_dac1p25_limit40,A,Req,5.693779326348588e-11,3.241912301715458e-28,40
s9_k6_a_s00_pos1_tap0_mcnom_cpl0_rp5_rn4p8_f12370_f21100_a0_dac1p25_limit40,A,Cs,34.503537878031,,40
s9_k6_a_s00_pos1_tap0_mcnom_cpl0_rp5_rn4p8_f12370_f21100_a0_dac1p25_limit40,A,Ceq,5.693779326348588e-11,,40
s9_k6_a_s00_pos1_tap0_mcnom_cpl0_rp5_rn4p8_f12370_f21100_a0_dac1p25_limit40,A,Ct1,19.801623083859305,,40
s9_k6_a_s00_pos1_tap0_mcnom_cpl0_rp5_rn4p8_f12370_f21100_a0_dac1p25_limit40,A,Ct2,19.801623083859305,,40
s9_k6_a_s00_pos1_tap0_mcnom_cpl0_rp5_rn4p8_f12370_f21100_a0_dac1p25_limit40,A,Ctrimmer,19.801623083859305,,40
s9_k6_a_s00_pos1_tap0_mcnom_cpl0_rp5_rn4p8_f12370_f21100_a0_dac1p25_limit40,A,Cb,0.3967538322813922,,40
s9_k6_a_s00_pos1_tap0_mcnom_cpl0_rp5_rn5_f12370_f21100_a0_dac1p25_limit100,A,Rt1,49.50405770964831,0.004463846502222568,100
s9_k6_a_s00_pos1_tap0_mcnom_cpl0_rp5_rn5_f12370_f21100_a0_dac1p25_limit100,A,Rt2,49.50405770964831,0.004463846502222568,100
s9_k6_a_s00_pos1_tap0_mcnom_cpl0_rp5_rn5_f12370_f21100_a0_dac1p25_limit100,A,Rb,0.991884580703388,8.943954740337599e-05,100
s9_k6_a_s00_pos1_tap0_mcnom_cpl0_rp5_rn5_f12370_f21100_a0_dac1p25_limit100,A,Rs1,47.13140457230451,0.04451641877671837,100
s9_k6_a_s00_pos1_tap0_mcnom_cpl0_rp5_rn5_f12370_f21100_a0_dac1p25_limit100,A,Rs2,47.13140457230451,0.04451641877671837,100
s9_k6_a_s00_pos1_tap0_mcnom_cpl0_rp5_rn5_f12370_f21100_a0_dac1p25_limit100,A,Req,5.738494515334629e-11,3.293031930252562e-28,100
s9_k6_a_s00_pos1_tap0_mcnom_cpl0_rp5_rn5_f12370_f21100_a0_dac1p25_limit100,A,Cs,94.26280914460902,,100
s9_k6_a_s00_pos1_tap0_mcnom_cpl0_rp5_rn5_f12370_f21100_a0_dac1p25_limit100,A,Ceq,5.738494515334629e-11,,100
s9_k6_a_s00_pos1_tap0_mcnom_cpl0_rp5_rn5_f12370_f21100_a0_dac1p25_limit100,A,Ct1,49.50405770964831,,100
s9_k6_a_s00_pos1_tap0_mcnom_cpl0_rp5_rn5_f12370_f21100_a0_dac1p25_limit100,A,Ct2,49.50405770964831,,100
s9_k6_a_s00_pos1_tap0_mcnom_cpl0_rp5_rn5_f12370_f21100_a0_dac1p25_limit100,A,Ctrimmer,49.50405770964831,,100
s9_k6_a_s00_pos1_tap0_mcnom_cpl0_rp5_rn5_f12370_f21100_a0_dac1p25_limit100,A,Cb,0.991884580703388,,100
s9_k6_a_s00_pos1_tap0_mcnom_cpl0_rp5_rn5_f12370_f21100_a0_dac1p25_limit40,A,Rt1,19.801623083859305,0.0007142154403556095,40
s9_k6_a_s00_pos1_tap0_mcnom_cpl0_rp5_rn5_f12370_f21100_a0_dac1p25_limit40,A,Rt2,19.801623083859305,0.0007142154403556095,40
s9_k6_a_s00_pos1_tap0_mcnom_cpl0_rp5_rn5_f12370_f21100_a0_dac1p25_limit40,A,Rb,0.3967538322813922,1.4310327584542827e-05,40
s9_k6_a_s00_pos1_tap0_mcnom_cpl0_rp5_rn5_f12370_f21100_a0_dac1p25_limit40,A,Rs1,17.153113221263393,0.005896378620871363,40
s9_k6_a_s00_pos1_tap0_mcnom_cpl0_rp5_rn5_f12370_f21100_a0_dac1p25_limit40,A,Rs2,17.153113221263393,0.005896378620871363,40
s9_k6_a_s00_pos1_tap0_mcnom_cpl0_rp5_rn5_f12370_f21100_a0_dac1p25_limit40,A,Req,5.695076305487054e-11,3.243389412532007e-28,40
s9_k6_a_s00_pos1_tap0_mcnom_cpl0_rp5_rn5_f12370_f21100_a0_dac1p25_limit40,A,Cs,34.306226442526786,,40
s9_k6_a_s00_pos1_tap0_mcnom_cpl0_rp5_rn5_f12370_f21100_a0_dac1p25_limit40,A,Ceq,5.695076305487054e-11,,40
s9_k6_a_s00_pos1_tap0_mcnom_cpl0_rp5_rn5_f12370_f21100_a0_dac1p25_limit40,A,Ct1,19.801623083859305,,40
s9_k6_a_s00_pos1_tap0_mcnom_cpl0_rp5_rn5_f12370_f21100_a0_dac1p25_limit40,A,Ct2,19.801623083859305,,40
s9_k6_a_s00_pos1_tap0_mcnom_cpl0_rp5_rn5_f12370_f21100_a0_dac1p25_limit40,A,Ctrimmer,19.801623083859305,,40
s9_k6_a_s00_pos1_tap0_mcnom_cpl0_rp5_rn5_f12370_f21100_a0_dac1p25_limit40,A,Cb,0.3967538322813922,,40
s9_k6_a_s00_pos1_tap0_mcnom_cpl1_rp4p8_rn4p8_f12370_f21100_a0_dac1p25_limit100,A,Rt1,49.50405770964831,0.004463846502222568,100
s9_k6_a_s00_pos1_tap0_mcnom_cpl1_rp4p8_rn4p8_f12370_f21100_a0_dac1p25_limit100,A,Rt2,49.50405770964831,0.004463846502222568,100
s9_k6_a_s00_pos1_tap0_mcnom_cpl1_rp4p8_rn4p8_f12370_f21100_a0_dac1p25_limit100,A,Rb,0.9918845807033859,8.943954740337561e-05,100
s9_k6_a_s00_pos1_tap0_mcnom_cpl1_rp4p8_rn4p8_f12370_f21100_a0_dac1p25_limit100,A,Rs1,47.22723018734682,0.04469762066470225,100
s9_k6_a_s00_pos1_tap0_mcnom_cpl1_rp4p8_rn4p8_f12370_f21100_a0_dac1p25_limit100,A,Rs2,47.22723018734682,0.04469762066470225,100
s9_k6_a_s00_pos1_tap0_mcnom_cpl1_rp4p8_rn4p8_f12370_f21100_a0_dac1p25_limit100,A,Req,5.546929635667137e-11,3.0768428383042358e-28,100
s9_k6_a_s00_pos1_tap0_mcnom_cpl1_rp4p8_rn4p8_f12370_f21100_a0_dac1p25_limit100,A,Cs,94.45446037469364,,100
s9_k6_a_s00_pos1_tap0_mcnom_cpl1_rp4p8_rn4p8_f12370_f21100_a0_dac1p25_limit100,A,Ceq,5.546929635667137e-11,,100
s9_k6_a_s00_pos1_tap0_mcnom_cpl1_rp4p8_rn4p8_f12370_f21100_a0_dac1p25_limit100,A,Ct1,49.50405770964831,,100
s9_k6_a_s00_pos1_tap0_mcnom_cpl1_rp4p8_rn4p8_f12370_f21100_a0_dac1p25_limit100,A,Ct2,49.50405770964831,,100
s9_k6_a_s00_pos1_tap0_mcnom_cpl1_rp4p8_rn4p8_f12370_f21100_a0_dac1p25_limit100,A,Ctrimmer,49.50405770964831,,100
s9_k6_a_s00_pos1_tap0_mcnom_cpl1_rp4p8_rn4p8_f12370_f21100_a0_dac1p25_limit100,A,Cb,0.9918845807033859,,100
s9_k6_a_s00_pos1_tap0_mcnom_cpl1_rp4p8_rn5_f12370_f21100_a0_dac1p25_limit100,A,Rt1,49.50405770964831,0.004463846502222568,100
s9_k6_a_s00_pos1_tap0_mcnom_cpl1_rp4p8_rn5_f12370_f21100_a0_dac1p25_limit100,A,Rt2,49.50405770964831,0.004463846502222568,100
s9_k6_a_s00_pos1_tap0_mcnom_cpl1_rp4p8_rn5_f12370_f21100_a0_dac1p25_limit100,A,Rb,0.9918845807033881,8.943954740337601e-05,100
s9_k6_a_s00_pos1_tap0_mcnom_cpl1_rp4p8_rn5_f12370_f21100_a0_dac1p25_limit100,A,Rs1,47.22722992164664,0.044697620161765046,100
s9_k6_a_s00_pos1_tap0_mcnom_cpl1_rp4p8_rn5_f12370_f21100_a0_dac1p25_limit100,A,Rs2,47.22722992164664,0.044697620161765046,100
s9_k6_a_s00_pos1_tap0_mcnom_cpl1_rp4p8_rn5_f12370_f21100_a0_dac1p25_limit100,A,Req,5.746051314852284e-11,3.301710571291566e-28,100
s9_k6_a_s00_pos1_tap0_mcnom_cpl1_rp4p8_rn5_f12370_f21100_a0_dac1p25_limit100,A,Cs,94.45445984329328,,100
s9_k6_a_s00_pos1_tap0_mcnom_cpl1_rp4p8_rn5_f12370_f21100_a0_dac1p25_limit100,A,Ceq,5.746051314852284e-11,,100
s9_k6_a_s00_pos1_tap0_mcnom_cpl1_rp4p8_rn5_f12370_f21100_a0_dac1p25_limit100,A,Ct1,49.50405770964831,,100
s9_k6_a_s00_pos1_tap0_mcnom_cpl1_rp4p8_rn5_f12370_f21100_a0_dac1p25_limit100,A,Ct2,49.50405770964831,,100
s9_k6_a_s00_pos1_tap0_mcnom_cpl1_rp4p8_rn5_f12370_f21100_a0_dac1p25_limit100,A,Ctrimmer,49.50405770964831,,100
s9_k6_a_s00_pos1_tap0_mcnom_cpl1_rp4p8_rn5_f12370_f21100_a0_dac1p25_limit100,A,Cb,0.9918845807033881,,100
s9_k6_a_s00_pos1_tap0_mcnom_cpl1_rp5_rn4p8_f12370_f21100_a0_dac1p25_limit100,A,Rt1,49.50405770964831,0.004463846502222568,100
s9_k6_a_s00_pos1_tap0_mcnom_cpl1_rp5_rn4p8_f12370_f21100_a0_dac1p25_limit100,A,Rt2,49.50405770964831,0.004463846502222568,100
s9_k6_a_s00_pos1_tap0_mcnom_cpl1_rp5_rn4p8_f12370_f21100_a0_dac1p25_limit100,A,Rb,0.9918845807033881,8.943954740337601e-05,100
s9_k6_a_s00_pos1_tap0_mcnom_cpl1_rp5_rn4p8_f12370_f21100_a0_dac1p25_limit100,A,Rs1,47.226537684734815,0.04469630985346048,100
s9_k6_a_s00_pos1_tap0_mcnom_cpl1_rp5_rn4p8_f12370_f21100_a0_dac1p25_limit100,A,Rs2,47.22653768473481,0.04469630985346046,100
s9_k6_a_s00_pos1_tap0_mcnom_cpl1_rp5_rn4p8_f12370_f21100_a0_dac1p25_limit100,A,Req,5.744607375157819e-11,3.3000513894717608e-28,100
s9_k6_a_s00_pos1_tap0_mcnom_cpl1_rp5_rn4p8_f12370_f21100_a0_dac1p25_limit100,A,Cs,94.45307536946963,,100
s9_k6_a_s00_pos1_tap0_mcnom_cpl1_rp5_rn4p8_f12370_f21100_a0_dac1p25_limit100,A,Ceq,5.744607375157819e-11,,100
s9_k6_a_s00_pos1_tap0_mcnom_cpl1_rp5_rn4p8_f12370_f21100_a0_dac1p25_limit100,A,Ct1,49.50405770964831,,100
s9_k6_a_s00_pos1_tap0_mcnom_cpl1_rp5_rn4p8_f12370_f21100_a0_dac1p25_limit100,A,Ct2,49.50405770964831,,100
s9_k6_a_s00_pos1_tap0_mcnom_cpl1_rp5_rn4p8_f12370_f21100_a0_dac1p25_limit100,A,Ctrimmer,49.50405770964831,,100
s9_k6_a_s00_pos1_tap0_mcnom_cpl1_rp5_rn4p8_f12370_f21100_a0_dac1p25_limit100,A,Cb,0.9918845807033881,,100
s9_k6_a_s00_pos1_tap0_mcnom_cpl1_rp5_rn5_f12370_f21100_a0_dac1p25_limit100,A,Rt1,49.50405770964831,0.004463846502222568,100
s9_k6_a_s00_pos1_tap0_mcnom_cpl1_rp5_rn5_f12370_f21100_a0_dac1p25_limit100,A,Rt2,49.50405770964831,0.004463846502222568,100
s9_k6_a_s00_pos1_tap0_mcnom_cpl1_rp5_rn5_f12370_f21100_a0_dac1p25_limit100,A,Rb,0.9918845807033881,8.943954740337601e-05,100
s9_k6_a_s00_pos1_tap0_mcnom_cpl1_rp5_rn5_f12370_f21100_a0_dac1p25_limit100,A,Rs1,47.127698918885265,0.04450941894567333,100
s9_k6_a_s00_pos1_tap0_mcnom_cpl1_rp5_rn5_f12370_f21100_a0_dac1p25_limit100,A,Rs2,47.12769891888526,0.04450941894567332,100
s9_k6_a_s00_pos1_tap0_mcnom_cpl1_rp5_rn5_f12370_f21100_a0_dac1p25_limit100,A,Req,5.74605185683124e-11,3.3017111941393742e-28,100
s9_k6_a_s00_pos1_tap0_mcnom_cpl1_rp5_rn5_f12370_f21100_a0_dac1p25_limit100,A,Cs,94.25539783777053,,100
s9_k6_a_s00_pos1_tap0_mcnom_cpl1_rp5_rn5_f12370_f21100_a0_dac1p25_limit100,A,Ceq,5.74605185683124e-11,,100
s9_k6_a_s00_pos1_tap0_mcnom_cpl1_rp5_rn5_f12370_f21100_a0_dac1p25_limit100,A,Ct1,49.50405770964831,,100
s9_k6_a_s00_pos1_tap0_mcnom_cpl1_rp5_rn5_f12370_f21100_a0_dac1p25_limit100,A,Ct2,49.50405770964831,,100
s9_k6_a_s00_pos1_tap0_mcnom_cpl1_rp5_rn5_f12370_f21100_a0_dac1p25_limit100,A,Ctrimmer,49.50405770964831,,100
s9_k6_a_s00_pos1_tap0_mcnom_cpl1_rp5_rn5_f12370_f21100_a0_dac1p25_limit100,A,Cb,0.9918845807033881,,100
s9_k6_a_s01_pos1_tap1_mcnom_cpl0_rp4p8_rn4p8_f12370_f21100_a0_dac1p25_limit40,A,Rt1,19.801623083859305,0.0007142154403556095,40
s9_k6_a_s01_pos1_tap1_mcnom_cpl0_rp4p8_rn4p8_f12370_f21100_a0_dac1p25_limit40,A,Rt2,19.801623083859305,0.0007142154403556095,40
s9_k6_a_s01_pos1_tap1_mcnom_cpl0_rp4p8_rn4p8_f12370_f21100_a0_dac1p25_limit40,A,Rb,0.3967538322813901,1.4310327584542676e-05,40
s9_k6_a_s01_pos1_tap1_mcnom_cpl0_rp4p8_rn4p8_f12370_f21100_a0_dac1p25_limit40,A,Rs1,17.251688265902203,0.005964343647772901,40
s9_k6_a_s01_pos1_tap1_mcnom_cpl0_rp4p8_rn4p8_f12370_f21100_a0_dac1p25_limit40,A,Rs2,17.251688265902203,0.005964343647772901,40
s9_k6_a_s01_pos1_tap1_mcnom_cpl0_rp4p8_rn4p8_f12370_f21100_a0_dac1p25_limit40,A,Req,5.497998532173314e-11,3.0227987859779915e-28,40
s9_k6_a_s01_pos1_tap1_mcnom_cpl0_rp4p8_rn4p8_f12370_f21100_a0_dac1p25_limit40,A,Cs,34.503376531804406,,40
s9_k6_a_s01_pos1_tap1_mcnom_cpl0_rp4p8_rn4p8_f12370_f21100_a0_dac1p25_limit40,A,Ceq,5.497998532173314e-11,,40
s9_k6_a_s01_pos1_tap1_mcnom_cpl0_rp4p8_rn4p8_f12370_f21100_a0_dac1p25_limit40,A,Ct1,19.801623083859305,,40
s9_k6_a_s01_pos1_tap1_mcnom_cpl0_rp4p8_rn4p8_f12370_f21100_a0_dac1p25_limit40,A,Ct2,19.801623083859305,,40
s9_k6_a_s01_pos1_tap1_mcnom_cpl0_rp4p8_rn4p8_f12370_f21100_a0_dac1p25_limit40,A,Ctrimmer,19.801623083859305,,40
s9_k6_a_s01_pos1_tap1_mcnom_cpl0_rp4p8_rn4p8_f12370_f21100_a0_dac1p25_limit40,A,Cb,0.3967538322813901,,40
s9_k6_a_s01_pos1_tap1_mcnom_cpl0_rp4p8_rn5_f12370_f21100_a0_dac1p25_limit40,A,Rt1,19.801623083859305,0.0007142154403556095,40
s9_k6_a_s01_pos1_tap1_mcnom_cpl0_rp4p8_rn5_f12370_f21100_a0_dac1p25_limit40,A,Rt2,19.801623083859305,0.0007142154403556095,40
s9_k6_a_s01_pos1_tap1_mcnom_cpl0_rp4p8_rn5_f12370_f21100_a0_dac1p25_limit40,A,Rb,0.39675383228139227,1.4310327584542832e-05,40
s9_k6_a_s01_pos1_tap1_mcnom_cpl0_rp4p8_rn5_f12370_f21100_a0_dac1p25_limit40,A,Rs1,17.251688182356038,0.005964343590004868,40
s9_k6_a_s01_pos1_tap1_mcnom_cpl0_rp4p8_rn5_f12370_f21100_a0_dac1p25_limit40,A,Rs2,17.251688182356038,0.005964343590004868,40
s9_k6_a_s01_pos1_tap1_mcnom_cpl0_rp4p8_rn5_f12370_f21100_a0_dac1p25_limit40,A,Req,5.6966791821611516e-11,3.2452153704468245e-28,40
s9_k6_a_s01_pos1_tap1_mcnom_cpl0_rp4p8_rn5_f12370_f21100_a0_dac1p25_limit40,A,Cs,34.503376364712075,,40
s9_k6_a_s01_pos1_tap1_mcnom_cpl0_rp4p8_rn5_f12370_f21100_a0_dac1p25_limit40,A,Ceq,5.6966791821611516e-11,,40
s9_k6_a_s01_pos1_tap1_mcnom_cpl0_rp4p8_rn5_f12370_f21100_a0_dac1p25_limit40,A,Ct1,19.801623083859305,,40
s9_k6_a_s01_pos1_tap1_mcnom_cpl0_rp4p8_rn5_f12370_f21100_a0_dac1p25_limit40,A,Ct2,19.801623083859305,,40
s9_k6_a_s01_pos1_tap1_mcnom_cpl0_rp4p8_rn5_f12370_f21100_a0_dac1p25_limit40,A,Ctrimmer,19.801623083859305,,40
s9_k6_a_s01_pos1_tap1_mcnom_cpl0_rp4p8_rn5_f12370_f21100_a0_dac1p25_limit40,A,Cb,0.39675383228139227,,40
s9_k6_a_s01_pos1_tap1_mcnom_cpl0_rp5_rn4p8_f12370_f21100_a0_dac1p25_limit40,A,Rt1,19.801623083859305,0.0007142154403556095,40
s9_k6_a_s01_pos1_tap1_mcnom_cpl0_rp5_rn4p8_f12370_f21100_a0_dac1p25_limit40,A,Rt2,19.801623083859305,0.0007142154403556095,40
s9_k6_a_s01_pos1_tap1_mcnom_cpl0_rp5_rn4p8_f12370_f21100_a0_dac1p25_limit40,A,Rb,0.3967538322813922,1.4310327584542827e-05,40
s9_k6_a_s01_pos1_tap1_mcnom_cpl0_rp5_rn4p8_f12370_f21100_a0_dac1p25_limit40,A,Rs1,17.25100339049263,0.005963870099775316,40
s9_k6_a_s01_pos1_tap1_mcnom_cpl0_rp5_rn4p8_f12370_f21100_a0_dac1p25_limit40,A,Rs2,17.251003390492635,0.005963870099775319,40
s9_k6_a_s01_pos1_tap1_mcnom_cpl0_rp5_rn4p8_f12370_f21100_a0_dac1p25_limit40,A,Req,5.69525010187735e-11,3.243587372293397e-28,40
s9_k6_a_s01_pos1_tap1_mcnom_cpl0_rp5_rn4p8_f12370_f21100_a0_dac1p25_limit40,A,Cs,34.50200678098527,,40
s9_k6_a_s01_pos1_tap1_mcnom_cpl0_rp5_rn4p8_f12370_f21100_a0_dac1p25_limit40,A,Ceq,5.69525010187735e-11,,40
s9_k6_a_s01_pos1_tap1_mcnom_cpl0_rp5_rn4p8_f12370_f21100_a0_dac1p25_limit40,A,Ct1,19.801623083859305,,40
s9_k6_a_s01_pos1_tap1_mcnom_cpl0_rp5_rn4p8_f12370_f21100_a0_dac1p25_limit40,A,Ct2,19.801623083859305,,40
s9_k6_a_s01_pos1_tap1_mcnom_cpl0_rp5_rn4p8_f12370_f21100_a0_dac1p25_limit40,A,Ctrimmer,19.801623083859305,,40
s9_k6_a_s01_pos1_tap1_mcnom_cpl0_rp5_rn4p8_f12370_f21100_a0_dac1p25_limit40,A,Cb,0.3967538322813922,,40
s9_k6_a_s01_pos1_tap1_mcnom_cpl0_rp5_rn5_f12370_f21100_a0_dac1p25_limit40,A,Rt1,19.801623083859305,0.0007142154403556095,40
s9_k6_a_s01_pos1_tap1_mcnom_cpl0_rp5_rn5_f12370_f21100_a0_dac1p25_limit40,A,Rt2,19.801623083859305,0.0007142154403556095,40
s9_k6_a_s01_pos1_tap1_mcnom_cpl0_rp5_rn5_f12370_f21100_a0_dac1p25_limit40,A,Rb,0.39675383228139227,1.4310327584542832e-05,40
s9_k6_a_s01_pos1_tap1_mcnom_cpl0_rp5_rn5_f12370_f21100_a0_dac1p25_limit40,A,Rs1,17.152377716695142,0.005895872972668939,40
s9_k6_a_s01_pos1_tap1_mcnom_cpl0_rp5_rn5_f12370_f21100_a0_dac1p25_limit40,A,Rs2,17.152377716695142,0.005895872972668939,40
s9_k6_a_s01_pos1_tap1_mcnom_cpl0_rp5_rn5_f12370_f21100_a0_dac1p25_limit40,A,Req,5.696679354559625e-11,3.2452155668665864e-28,40
s9_k6_a_s01_pos1_tap1_mcnom_cpl0_rp5_rn5_f12370_f21100_a0_dac1p25_limit40,A,Cs,34.304755433390284,,40
s9_k6_a_s01_pos1_tap1_mcnom_cpl0_rp5_rn5_f12370_f21100_a0_dac1p25_limit40,A,Ceq,5.696679354559625e-11,,40
s9_k6_a_s01_pos1_tap1_mcnom_cpl0_rp5_rn5_f12370_f21100_a0_dac1p25_limit40,A,Ct1,19.801623083859305,,40
s9_k6_a_s01_pos1_tap1_mcnom_cpl0_rp5_rn5_f12370_f21100_a0_dac1p25_limit40,A,Ct2,19.801623083859305,,40
s9_k6_a_s01_pos1_tap1_mcnom_cpl0_rp5_rn5_f12370_f21100_a0_dac1p25_limit40,A,Ctrimmer,19.801623083859305,,40
s9_k6_a_s01_pos1_tap1_mcnom_cpl0_rp5_rn5_f12370_f21100_a0_dac1p25_limit40,A,Cb,0.39675383228139227,,40
s9_k6_a_s05_pos1_tap5_mcnom_cpl0_rp4p8_rn4p8_f12370_f21100_a0_dac1p25_limit40,A,Rt1,19.801623083859305,0.0007142154403556095,40
s9_k6_a_s05_pos1_tap5_mcnom_cpl0_rp4p8_rn4p8_f12370_f21100_a0_dac1p25_limit40,A,Rt2,19.801623083859305,0.0007142154403556095,40
s9_k6_a_s05_pos1_tap5_mcnom_cpl0_rp4p8_rn4p8_f12370_f21100_a0_dac1p25_limit40,A,Rb,0.3967538322813901,1.4310327584542676e-05,40
s9_k6_a_s05_pos1_tap5_mcnom_cpl0_rp4p8_rn4p8_f12370_f21100_a0_dac1p25_limit40,A,Rs1,17.250380687304222,0.005963439556250872,40
s9_k6_a_s05_pos1_tap5_mcnom_cpl0_rp4p8_rn4p8_f12370_f21100_a0_dac1p25_limit40,A,Rs2,17.250380687304222,0.005963439556250872,40
s9_k6_a_s05_pos1_tap5_mcnom_cpl0_rp4p8_rn4p8_f12370_f21100_a0_dac1p25_limit40,A,Req,5.5006160211143415e-11,3.025677661173977e-28,40
s9_k6_a_s05_pos1_tap5_mcnom_cpl0_rp4p8_rn4p8_f12370_f21100_a0_dac1p25_limit40,A,Cs,34.500761374608444,,40
s9_k6_a_s05_pos1_tap5_mcnom_cpl0_rp4p8_rn4p8_f12370_f21100_a0_dac1p25_limit40,A,Ceq,5.5006160211143415e-11,,40
s9_k6_a_s05_pos1_tap5_mcnom_cpl0_rp4p8_rn4p8_f12370_f21100_a0_dac1p25_limit40,A,Ct1,19.801623083859305,,40
s9_k6_a_s05_pos1_tap5_mcnom_cpl0_rp4p8_rn4p8_f12370_f21100_a0_dac1p25_limit40,A,Ct2,19.801623083859305,,40
s9_k6_a_s05_pos1_tap5_mcnom_cpl0_rp4p8_rn4p8_f12370_f21100_a0_dac1p25_limit40,A,Ctrimmer,19.801623083859305,,40
s9_k6_a_s05_pos1_tap5_mcnom_cpl0_rp4p8_rn4p8_f12370_f21100_a0_dac1p25_limit40,A,Cb,0.3967538322813901,,40
s9_k6_a_s05_pos1_tap5_mcnom_cpl0_rp4p8_rn5_f12370_f21100_a0_dac1p25_limit40,A,Rt1,19.801623083859305,0.0007142154403556095,40
s9_k6_a_s05_pos1_tap5_mcnom_cpl0_rp4p8_rn5_f12370_f21100_a0_dac1p25_limit40,A,Rt2,19.801623083859305,0.0007142154403556095,40
s9_k6_a_s05_pos1_tap5_mcnom_cpl0_rp4p8_rn5_f12370_f21100_a0_dac1p25_limit40,A,Rb,0.39675383228139227,1.4310327584542832e-05,40
s9_k6_a_s05_pos1_tap5_mcnom_cpl0_rp4p8_rn5_f12370_f21100_a0_dac1p25_limit40,A,Rs1,17.250380569109193,0.005963439474531063,40
s9_k6_a_s05_pos1_tap5_mcnom_cpl0_rp4p8_rn5_f12370_f21100_a0_dac1p25_limit40,A,Rs2,17.250380569109193,0.005963439474531063,40
s9_k6_a_s05_pos1_tap5_mcnom_cpl0_rp4p8_rn5_f12370_f21100_a0_dac1p25_limit40,A,Req,5.69948085074631e-11,3.248408196802388e-28,40
s9_k6_a_s05_pos1_tap5_mcnom_cpl0_rp4p8_rn5_f12370_f21100_a0_dac1p25_limit40,A,Cs,34.50076113821839,,40
s9_k6_a_s05_pos1_tap5_mcnom_cpl0_rp4p8_rn5_f12370_f21100_a0_dac1p25_limit40,A,Ceq,5.69948085074631e-11,,40
s9_k6_a_s05_pos1_tap5_mcnom_cpl0_rp4p8_rn5_f12370_f21100_a0_dac1p25_limit40,A,Ct1,19.801623083859305,,40
s9_k6_a_s05_pos1_tap5_mcnom_cpl0_rp4p8_rn5_f12370_f21100_a0_dac1p25_limit40,A,Ct2,19.801623083859305,,40
s9_k6_a_s05_pos1_tap5_mcnom_cpl0_rp4p8_rn5_f12370_f21100_a0_dac1p25_limit40,A,Ctrimmer,19.801623083859305,,40
s9_k6_a_s05_pos1_tap5_mcnom_cpl0_rp4p8_rn5_f12370_f21100_a0_dac1p25_limit40,A,Cb,0.39675383228139227,,40
s9_k6_a_s05_pos1_tap5_mcnom_cpl0_rp5_rn4p8_f12370_f21100_a0_dac1p25_limit40,A,Rt1,19.801623083859305,0.0007142154403556095,40
s9_k6_a_s05_pos1_tap5_mcnom_cpl0_rp5_rn4p8_f12370_f21100_a0_dac1p25_limit40,A,Rt2,19.801623083859305,0.0007142154403556095,40
s9_k6_a_s05_pos1_tap5_mcnom_cpl0_rp5_rn4p8_f12370_f21100_a0_dac1p25_limit40,A,Rb,0.39675383228139227,1.4310327584542832e-05,40
s9_k6_a_s05_pos1_tap5_mcnom_cpl0_rp5_rn4p8_f12370_f21100_a0_dac1p25_limit40,A,Rs1,17.2496946164194,0.005962965217629829,40
s9_k6_a_s05_pos1_tap5_mcnom_cpl0_rp5_rn4p8_f12370_f21100_a0_dac1p25_limit40,A,Rs2,17.2496946164194,0.005962965217629829,40
s9_k6_a_s05_pos1_tap5_mcnom_cpl0_rp5_rn4p8_f12370_f21100_a0_dac1p25_limit40,A,Req,5.698049259439403e-11,3.2467765362997927e-28,40
s9_k6_a_s05_pos1_tap5_mcnom_cpl0_rp5_rn4p8_f12370_f21100_a0_dac1p25_limit40,A,Cs,34.4993892328388,,40
s9_k6_a_s05_pos1_tap5_mcnom_cpl0_rp5_rn4p8_f12370_f21100_a0_dac1p25_limit40,A,Ceq,5.698049259439403e-11,,40
s9_k6_a_s05_pos1_tap5_mcnom_cpl0_rp5_rn4p8_f12370_f21100_a0_dac1p25_limit40,A,Ct1,19.801623083859305,,40
s9_k6_a_s05_pos1_tap5_mcnom_cpl0_rp5_rn4p8_f12370_f21100_a0_dac1p25_limit40,A,Ct2,19.801623083859305,,40
s9_k6_a_s05_pos1_tap5_mcnom_cpl0_rp5_rn4p8_f12370_f21100_a0_dac1p25_limit40,A,Ctrimmer,19.801623083859305,,40
s9_k6_a_s05_pos1_tap5_mcnom_cpl0_rp5_rn4p8_f12370_f21100_a0_dac1p25_limit40,A,Cb,0.39675383228139227,,40
s9_k6_a_s05_pos1_tap5_mcnom_cpl0_rp5_rn5_f12370_f21100_a0_dac1p25_limit40,A,Rt1,19.801623083859305,0.0007142154403556095,40
s9_k6_a_s05_pos1_tap5_mcnom_cpl0_rp5_rn5_f12370_f21100_a0_dac1p25_limit40,A,Rt2,19.801623083859305,0.0007142154403556095,40
s9_k6_a_s05_pos1_tap5_mcnom_cpl0_rp5_rn5_f12370_f21100_a0_dac1p25_limit40,A,Rb,0.39675383228139227,1.4310327584542832e-05,40
s9_k6_a_s05_pos1_tap5_mcnom_cpl0_rp5_rn5_f12370_f21100_a0_dac1p25_limit40,A,Rs1,17.150978103854793,0.005894910820018168,40
s9_k6_a_s05_pos1_tap5_mcnom_cpl0_rp5_rn5_f12370_f21100_a0_dac1p25_limit40,A,Rs2,17.15097810385479,0.005894910820018165,40
s9_k6_a_s05_pos1_tap5_mcnom_cpl0_rp5_rn5_f12370_f21100_a0_dac1p25_limit40,A,Req,5.6994810912457615e-11,3.2484084709467976e-28,40
s9_k6_a_s05_pos1_tap5_mcnom_cpl0_rp5_rn5_f12370_f21100_a0_dac1p25_limit40,A,Cs,34.30195620770959,,40
s9_k6_a_s05_pos1_tap5_mcnom_cpl0_rp5_rn5_f12370_f21100_a0_dac1p25_limit40,A,Ceq,5.6994810912457615e-11,,40
s9_k6_a_s05_pos1_tap5_mcnom_cpl0_rp5_rn5_f12370_f21100_a0_dac1p25_limit40,A,Ct1,19.801623083859305,,40
s9_k6_a_s05_pos1_tap5_mcnom_cpl0_rp5_rn5_f12370_f21100_a0_dac1p25_limit40,A,Ct2,19.801623083859305,,40
s9_k6_a_s05_pos1_tap5_mcnom_cpl0_rp5_rn5_f12370_f21100_a0_dac1p25_limit40,A,Ctrimmer,19.801623083859305,,40
s9_k6_a_s05_pos1_tap5_mcnom_cpl0_rp5_rn5_f12370_f21100_a0_dac1p25_limit40,A,Cb,0.39675383228139227,,40
s9_k6_a_s06_pos100_tap0_mcnom_cpl0_rp4p8_rn4p8_f12370_f21100_a0_dac1p25_limit100,A,Rt1,49.50459727483417,0.004463943809368886,100
s9_k6_a_s06_pos100_tap0_mcnom_cpl0_rp4p8_rn4p8_f12370_f21100_a0_dac1p25_limit100,A,Rt2,49.50459727483416,0.004463943809368885,100
s9_k6_a_s06_pos100_tap0_mcnom_cpl0_rp4p8_rn4p8_f12370_f21100_a0_dac1p25_limit100,A,Rb,0.9908054938936324,8.92450478845277e-05,100
s9_k6_a_s06_pos100_tap0_mcnom_cpl0_rp4p8_rn4p8_f12370_f21100_a0_dac1p25_limit100,A,Rs1,0.4940691846007468,4.891870925291519e-06,100
s9_k6_a_s06_pos100_tap0_mcnom_cpl0_rp4p8_rn4p8_f12370_f21100_a0_dac1p25_limit100,A,Rs2,0.4940691846007468,4.891870925291519e-06,100
s9_k6_a_s06_pos100_tap0_mcnom_cpl0_rp4p8_rn4p8_f12370_f21100_a0_dac1p25_limit100,A,Req,99.0118606406799,0.0009803348547529416,100
s9_k6_a_s06_pos100_tap0_mcnom_cpl0_rp4p8_rn4p8_f12370_f21100_a0_dac1p25_limit100,A,Cs,0.9881383692014936,,100
s9_k6_a_s06_pos100_tap0_mcnom_cpl0_rp4p8_rn4p8_f12370_f21100_a0_dac1p25_limit100,A,Ceq,99.0118606406799,,100
s9_k6_a_s06_pos100_tap0_mcnom_cpl0_rp4p8_rn4p8_f12370_f21100_a0_dac1p25_limit100,A,Ct1,49.50459727483417,,100
s9_k6_a_s06_pos100_tap0_mcnom_cpl0_rp4p8_rn4p8_f12370_f21100_a0_dac1p25_limit100,A,Ct2,49.50459727483416,,100
s9_k6_a_s06_pos100_tap0_mcnom_cpl0_rp4p8_rn4p8_f12370_f21100_a0_dac1p25_limit100,A,Ctrimmer,49.50459727483416,,100
s9_k6_a_s06_pos100_tap0_mcnom_cpl0_rp4p8_rn4p8_f12370_f21100_a0_dac1p25_limit100,A,Cb,0.9908054938936324,,100
s9_k6_a_s06_pos100_tap0_mcnom_cpl0_rp4p8_rn4p8_f12370_f21100_a0_dac1p25_limit40,A,Rt1,19.801838916473613,0.0007142310099707994,40
s9_k6_a_s06_pos100_tap0_mcnom_cpl0_rp4p8_rn4p8_f12370_f21100_a0_dac1p25_limit40,A,Rt2,19.80183891647361,0.0007142310099707992,40
s9_k6_a_s06_pos100_tap0_mcnom_cpl0_rp4p8_rn4p8_f12370_f21100_a0_dac1p25_limit40,A,Rb,0.39632221061475637,1.427920860241521e-05,40
s9_k6_a_s06_pos100_tap0_mcnom_cpl0_rp4p8_rn4p8_f12370_f21100_a0_dac1p25_limit40,A,Rs1,0.19762767384029445,7.826993480466093e-07,40
s9_k6_a_s06_pos100_tap0_mcnom_cpl0_rp4p8_rn4p8_f12370_f21100_a0_dac1p25_limit40,A,Rs2,0.19762767384030155,7.826993480466656e-07,40
s9_k6_a_s06_pos100_tap0_mcnom_cpl0_rp4p8_rn4p8_f12370_f21100_a0_dac1p25_limit40,A,Req,39.604744256271964,0.00015685357676047072,40
s9_k6_a_s06_pos100_tap0_mcnom_cpl0_rp4p8_rn4p8_f12370_f21100_a0_dac1p25_limit40,A,Cs,0.395255347680596,,40
s9_k6_a_s06_pos100_tap0_mcnom_cpl0_rp4p8_rn4p8_f12370_f21100_a0_dac1p25_limit40,A,Ceq,39.604744256271964,,40
s9_k6_a_s06_pos100_tap0_mcnom_cpl0_rp4p8_rn4p8_f12370_f21100_a0_dac1p25_limit40,A,Ct1,19.801838916473613,,40
s9_k6_a_s06_pos100_tap0_mcnom_cpl0_rp4p8_rn4p8_f12370_f21100_a0_dac1p25_limit40,A,Ct2,19.80183891647361,,40
s9_k6_a_s06_pos100_tap0_mcnom_cpl0_rp4p8_rn4p8_f12370_f21100_a0_dac1p25_limit40,A,Ctrimmer,19.80183891647361,,40
s9_k6_a_s06_pos100_tap0_mcnom_cpl0_rp4p8_rn4p8_f12370_f21100_a0_dac1p25_limit40,A,Cb,0.39632221061475637,,40
s9_k6_a_s06_pos100_tap0_mcnom_cpl0_rp4p8_rn5_f12370_f21100_a0_dac1p25_limit100,A,Rt1,49.504597276484795,0.004463943809666568,100
s9_k6_a_s06_pos100_tap0_mcnom_cpl0_rp4p8_rn5_f12370_f21100_a0_dac1p25_limit100,A,Rt2,49.50459727648479,0.004463943809666567,100
s9_k6_a_s06_pos100_tap0_mcnom_cpl0_rp4p8_rn5_f12370_f21100_a0_dac1p25_limit100,A,Rb,0.9908054972029503,8.924504848068959e-05,100
s9_k6_a_s06_pos100_tap0_mcnom_cpl0_rp4p8_rn5_f12370_f21100_a0_dac1p25_limit100,A,Rs1,0.4940691846007468,4.891870925291519e-06,100
s9_k6_a_s06_pos100_tap0_mcnom_cpl0_rp4p8_rn5_f12370_f21100_a0_dac1p25_limit100,A,Rs2,0.4940691846007468,4.891870925291519e-06,100
s9_k6_a_s06_pos100_tap0_mcnom_cpl0_rp4p8_rn5_f12370_f21100_a0_dac1p25_limit100,A,Req,99.0118606406799,0.0009803348547529416,100
s9_k6_a_s06_pos100_tap0_mcnom_cpl0_rp4p8_rn5_f12370_f21100_a0_dac1p25_limit100,A,Cs,0.9881383692014936,,100
s9_k6_a_s06_pos100_tap0_mcnom_cpl0_rp4p8_rn5_f12370_f21100_a0_dac1p25_limit100,A,Ceq,99.0118606406799,,100
s9_k6_a_s06_pos100_tap0_mcnom_cpl0_rp4p8_rn5_f12370_f21100_a0_dac1p25_limit100,A,Ct1,49.504597276484795,,100
s9_k6_a_s06_pos100_tap0_mcnom_cpl0_rp4p8_rn5_f12370_f21100_a0_dac1p25_limit100,A,Ct2,49.50459727648479,,100
s9_k6_a_s06_pos100_tap0_mcnom_cpl0_rp4p8_rn5_f12370_f21100_a0_dac1p25_limit100,A,Ctrimmer,49.50459727648479,,100
s9_k6_a_s06_pos100_tap0_mcnom_cpl0_rp4p8_rn5_f12370_f21100_a0_dac1p25_limit100,A,Cb,0.9908054972029503,,100
s9_k6_a_s06_pos100_tap0_mcnom_cpl0_rp4p8_rn5_f12370_f21100_a0_dac1p25_limit40,A,Rt1,19.801838918125696,0.0007142310100899771,40
s9_k6_a_s06_pos100_tap0_mcnom_cpl0_rp4p8_rn5_f12370_f21100_a0_dac1p25_limit40,A,Rt2,19.801838918125696,0.0007142310100899771,40
s9_k6_a_s06_pos100_tap0_mcnom_cpl0_rp4p8_rn5_f12370_f21100_a0_dac1p25_limit40,A,Rb,0.3963222139229981,1.4279208840802426e-05,40
s9_k6_a_s06_pos100_tap0_mcnom_cpl0_rp4p8_rn5_f12370_f21100_a0_dac1p25_limit40,A,Rs1,0.19762767384029445,7.826993480466093e-07,40
s9_k6_a_s06_pos100_tap0_mcnom_cpl0_rp4p8_rn5_f12370_f21100_a0_dac1p25_limit40,A,Rs2,0.19762767384030155,7.826993480466656e-07,40
s9_k6_a_s06_pos100_tap0_mcnom_cpl0_rp4p8_rn5_f12370_f21100_a0_dac1p25_limit40,A,Req,39.604744256271964,0.00015685357676047072,40
s9_k6_a_s06_pos100_tap0_mcnom_cpl0_rp4p8_rn5_f12370_f21100_a0_dac1p25_limit40,A,Cs,0.395255347680596,,40
s9_k6_a_s06_pos100_tap0_mcnom_cpl0_rp4p8_rn5_f12370_f21100_a0_dac1p25_limit40,A,Ceq,39.604744256271964,,40
s9_k6_a_s06_pos100_tap0_mcnom_cpl0_rp4p8_rn5_f12370_f21100_a0_dac1p25_limit40,A,Ct1,19.801838918125696,,40
s9_k6_a_s06_pos100_tap0_mcnom_cpl0_rp4p8_rn5_f12370_f21100_a0_dac1p25_limit40,A,Ct2,19.801838918125696,,40
s9_k6_a_s06_pos100_tap0_mcnom_cpl0_rp4p8_rn5_f12370_f21100_a0_dac1p25_limit40,A,Ctrimmer,19.801838918125696,,40
s9_k6_a_s06_pos100_tap0_mcnom_cpl0_rp4p8_rn5_f12370_f21100_a0_dac1p25_limit40,A,Cb,0.3963222139229981,,40
s9_k6_a_s06_pos100_tap0_mcnom_cpl0_rp5_rn4p8_f12370_f21100_a0_dac1p25_limit100,A,Rt1,49.504597273179996,0.0044639438090705655,100
s9_k6_a_s06_pos100_tap0_mcnom_cpl0_rp5_rn4p8_f12370_f21100_a0_dac1p25_limit100,A,Rt2,49.504597273179996,0.0044639438090705655,100
s9_k6_a_s06_pos100_tap0_mcnom_cpl0_rp5_rn4p8_f12370_f21100_a0_dac1p25_limit100,A,Rb,0.9908054905933608,8.924504728999548e-05,100
s9_k6_a_s06_pos100_tap0_mcnom_cpl0_rp5_rn4p8_f12370_f21100_a0_dac1p25_limit100,A,Rs1,0.4940691846007468,4.891870925291519e-06,100
s9_k6_a_s06_pos100_tap0_mcnom_cpl0_rp5_rn4p8_f12370_f21100_a0_dac1p25_limit100,A,Rs2,0.4940691846007468,4.891870925291519e-06,100
s9_k6_a_s06_pos100_tap0_mcnom_cpl0_rp5_rn4p8_f12370_f21100_a0_dac1p25_limit100,A,Req,99.0118606406799,0.0009803348547529416,100
s9_k6_a_s06_pos100_tap0_mcnom_cpl0_rp5_rn4p8_f12370_f21100_a0_dac1p25_limit100,A,Cs,0.9881383692014936,,100
s9_k6_a_s06_pos100_tap0_mcnom_cpl0_rp5_rn4p8_f12370_f21100_a0_dac1p25_limit100,A,Ceq,99.0118606406799,,100
s9_k6_a_s06_pos100_tap0_mcnom_cpl0_rp5_rn4p8_f12370_f21100_a0_dac1p25_limit100,A,Ct1,49.504597273179996,,100
s9_k6_a_s06_pos100_tap0_mcnom_cpl0_rp5_rn4p8_f12370_f21100_a0_dac1p25_limit100,A,Ct2,49.504597273179996,,100
s9_k6_a_s06_pos100_tap0_mcnom_cpl0_rp5_rn4p8_f12370_f21100_a0_dac1p25_limit100,A,Ctrimmer,49.504597273179996,,100
s9_k6_a_s06_pos100_tap0_mcnom_cpl0_rp5_rn4p8_f12370_f21100_a0_dac1p25_limit100,A,Cb,0.9908054905933608,,100
s9_k6_a_s06_pos100_tap0_mcnom_cpl0_rp5_rn4p8_f12370_f21100_a0_dac1p25_limit40,A,Rt1,19.80183891481999,0.0007142310098515104,40
s9_k6_a_s06_pos100_tap0_mcnom_cpl0_rp5_rn4p8_f12370_f21100_a0_dac1p25_limit40,A,Rt2,19.80183891481999,0.0007142310098515104,40
s9_k6_a_s06_pos100_tap0_mcnom_cpl0_rp5_rn4p8_f12370_f21100_a0_dac1p25_limit40,A,Rb,0.39632220731158024,1.4279208364393016e-05,40
s9_k6_a_s06_pos100_tap0_mcnom_cpl0_rp5_rn4p8_f12370_f21100_a0_dac1p25_limit40,A,Rs1,0.19762767384029445,7.826993480466093e-07,40
s9_k6_a_s06_pos100_tap0_mcnom_cpl0_rp5_rn4p8_f12370_f21100_a0_dac1p25_limit40,A,Rs2,0.19762767384030155,7.826993480466656e-07,40
s9_k6_a_s06_pos100_tap0_mcnom_cpl0_rp5_rn4p8_f12370_f21100_a0_dac1p25_limit40,A,Req,39.604744256271964,0.00015685357676047072,40
s9_k6_a_s06_pos100_tap0_mcnom_cpl0_rp5_rn4p8_f12370_f21100_a0_dac1p25_limit40,A,Cs,0.395255347680596,,40
s9_k6_a_s06_pos100_tap0_mcnom_cpl0_rp5_rn4p8_f12370_f21100_a0_dac1p25_limit40,A,Ceq,39.604744256271964,,40
s9_k6_a_s06_pos100_tap0_mcnom_cpl0_rp5_rn4p8_f12370_f21100_a0_dac1p25_limit40,A,Ct1,19.80183891481999,,40
s9_k6_a_s06_pos100_tap0_mcnom_cpl0_rp5_rn4p8_f12370_f21100_a0_dac1p25_limit40,A,Ct2,19.80183891481999,,40
s9_k6_a_s06_pos100_tap0_mcnom_cpl0_rp5_rn4p8_f12370_f21100_a0_dac1p25_limit40,A,Ctrimmer,19.80183891481999,,40
s9_k6_a_s06_pos100_tap0_mcnom_cpl0_rp5_rn4p8_f12370_f21100_a0_dac1p25_limit40,A,Cb,0.39632220731158024,,40
s9_k6_a_s06_pos100_tap0_mcnom_cpl0_rp5_rn5_f12370_f21100_a0_dac1p25_limit100,A,Rt1,49.50459727483062,0.004463943809368247,100
s9_k6_a_s06_pos100_tap0_mcnom_cpl0_rp5_rn5_f12370_f21100_a0_dac1p25_limit100,A,Rt2,49.504597274830616,0.004463943809368246,100
s9_k6_a_s06_pos100_tap0_mcnom_cpl0_rp5_rn5_f12370_f21100_a0_dac1p25_limit100,A,Rb,0.9908054939026788,8.924504788615739e-05,100
s9_k6_a_s06_pos100_tap0_mcnom_cpl0_rp5_rn5_f12370_f21100_a0_dac1p25_limit100,A,Rs1,0.4940691846007468,4.891870925291519e-06,100
s9_k6_a_s06_pos100_tap0_mcnom_cpl0_rp5_rn5_f12370_f21100_a0_dac1p25_limit100,A,Rs2,0.4940691846007468,4.891870925291519e-06,100
s9_k6_a_s06_pos100_tap0_mcnom_cpl0_rp5_rn5_f12370_f21100_a0_dac1p25_limit100,A,Req,99.0118606406799,0.0009803348547529416,100
s9_k6_a_s06_pos100_tap0_mcnom_cpl0_rp5_rn5_f12370_f21100_a0_dac1p25_limit100,A,Cs,0.9881383692014936,,100
s9_k6_a_s06_pos100_tap0_mcnom_cpl0_rp5_rn5_f12370_f21100_a0_dac1p25_limit100,A,Ceq,99.0118606406799,,100
s9_k6_a_s06_pos100_tap0_mcnom_cpl0_rp5_rn5_f12370_f21100_a0_dac1p25_limit100,A,Ct1,49.50459727483062,,100
s9_k6_a_s06_pos100_tap0_mcnom_cpl0_rp5_rn5_f12370_f21100_a0_dac1p25_limit100,A,Ct2,49.504597274830616,,100
s9_k6_a_s06_pos100_tap0_mcnom_cpl0_rp5_rn5_f12370_f21100_a0_dac1p25_limit100,A,Ctrimmer,49.504597274830616,,100
s9_k6_a_s06_pos100_tap0_mcnom_cpl0_rp5_rn5_f12370_f21100_a0_dac1p25_limit100,A,Cb,0.9908054939026788,,100
s9_k6_a_s06_pos100_tap0_mcnom_cpl0_rp5_rn5_f12370_f21100_a0_dac1p25_limit40,A,Rt1,19.801838916472075,0.0007142310099706884,40
s9_k6_a_s06_pos100_tap0_mcnom_cpl0_rp5_rn5_f12370_f21100_a0_dac1p25_limit40,A,Rt2,19.801838916472075,0.0007142310099706884,40
s9_k6_a_s06_pos100_tap0_mcnom_cpl0_rp5_rn5_f12370_f21100_a0_dac1p25_limit40,A,Rb,0.39632221061982204,1.4279208602780235e-05,40
s9_k6_a_s06_pos100_tap0_mcnom_cpl0_rp5_rn5_f12370_f21100_a0_dac1p25_limit40,A,Rs1,0.19762767384029445,7.826993480466093e-07,40
s9_k6_a_s06_pos100_tap0_mcnom_cpl0_rp5_rn5_f12370_f21100_a0_dac1p25_limit40,A,Rs2,0.19762767384030155,7.826993480466656e-07,40
s9_k6_a_s06_pos100_tap0_mcnom_cpl0_rp5_rn5_f12370_f21100_a0_dac1p25_limit40,A,Req,39.604744256271964,0.00015685357676047072,40
s9_k6_a_s06_pos100_tap0_mcnom_cpl0_rp5_rn5_f12370_f21100_a0_dac1p25_limit40,A,Cs,0.395255347680596,,40
s9_k6_a_s06_pos100_tap0_mcnom_cpl0_rp5_rn5_f12370_f21100_a0_dac1p25_limit40,A,Ceq,39.604744256271964,,40
s9_k6_a_s06_pos100_tap0_mcnom_cpl0_rp5_rn5_f12370_f21100_a0_dac1p25_limit40,A,Ct1,19.801838916472075,,40
s9_k6_a_s06_pos100_tap0_mcnom_cpl0_rp5_rn5_f12370_f21100_a0_dac1p25_limit40,A,Ct2,19.801838916472075,,40
s9_k6_a_s06_pos100_tap0_mcnom_cpl0_rp5_rn5_f12370_f21100_a0_dac1p25_limit40,A,Ctrimmer,19.801838916472075,,40
s9_k6_a_s06_pos100_tap0_mcnom_cpl0_rp5_rn5_f12370_f21100_a0_dac1p25_limit40,A,Cb,0.39632221061982204,,40
s9_k6_a_s06_pos100_tap0_mcnom_cpl1_rp4p8_rn4p8_f12370_f21100_a0_dac1p25_limit100,A,Rt1,49.504057720738146,0.004463846504222539,100
s9_k6_a_s06_pos100_tap0_mcnom_cpl1_rp4p8_rn4p8_f12370_f21100_a0_dac1p25_limit100,A,Rt2,49.50405772073815,0.00446384650422254,100
s9_k6_a_s06_pos100_tap0_mcnom_cpl1_rp4p8_rn4p8_f12370_f21100_a0_dac1p25_limit100,A,Rb,0.9918845585546743,8.943954340901827e-05,100
s9_k6_a_s06_pos100_tap0_mcnom_cpl1_rp4p8_rn4p8_f12370_f21100_a0_dac1p25_limit100,A,Rs1,0.4940691846007468,4.891870925291519e-06,100
s9_k6_a_s06_pos100_tap0_mcnom_cpl1_rp4p8_rn4p8_f12370_f21100_a0_dac1p25_limit100,A,Rs2,0.4940691846007468,4.891870925291519e-06,100
s9_k6_a_s06_pos100_tap0_mcnom_cpl1_rp4p8_rn4p8_f12370_f21100_a0_dac1p25_limit100,A,Req,99.0118606406799,0.0009803348547529416,100
s9_k6_a_s06_pos100_tap0_mcnom_cpl1_rp4p8_rn4p8_f12370_f21100_a0_dac1p25_limit100,A,Cs,0.9881383692014936,,100
s9_k6_a_s06_pos100_tap0_mcnom_cpl1_rp4p8_rn4p8_f12370_f21100_a0_dac1p25_limit100,A,Ceq,99.0118606406799,,100
s9_k6_a_s06_pos100_tap0_mcnom_cpl1_rp4p8_rn4p8_f12370_f21100_a0_dac1p25_limit100,A,Ct1,49.504057720738146,,100
s9_k6_a_s06_pos100_tap0_mcnom_cpl1_rp4p8_rn4p8_f12370_f21100_a0_dac1p25_limit100,A,Ct2,49.50405772073815,,100
s9_k6_a_s06_pos100_tap0_mcnom_cpl1_rp4p8_rn4p8_f12370_f21100_a0_dac1p25_limit100,A,Ctrimmer,49.50405772073815,,100
s9_k6_a_s06_pos100_tap0_mcnom_cpl1_rp4p8_rn4p8_f12370_f21100_a0_dac1p25_limit100,A,Cb,0.9918845585546743,,100
s9_k6_a_s06_pos100_tap0_mcnom_cpl1_rp4p8_rn5_f12370_f21100_a0_dac1p25_limit100,A,Rt1,49.504057721848135,0.004463846504422718,100
s9_k6_a_s06_pos100_tap0_mcnom_cpl1_rp4p8_rn5_f12370_f21100_a0_dac1p25_limit100,A,Rt2,49.50405772184814,0.0044638465044227185,100
s9_k6_a_s06_pos100_tap0_mcnom_cpl1_rp4p8_rn5_f12370_f21100_a0_dac1p25_limit100,A,Rb,0.9918845607864483,8.943954381150231e-05,100
s9_k6_a_s06_pos100_tap0_mcnom_cpl1_rp4p8_rn5_f12370_f21100_a0_dac1p25_limit100,A,Rs1,0.4940691846007468,4.891870925291519e-06,100
s9_k6_a_s06_pos100_tap0_mcnom_cpl1_rp4p8_rn5_f12370_f21100_a0_dac1p25_limit100,A,Rs2,0.4940691846007468,4.891870925291519e-06,100
s9_k6_a_s06_pos100_tap0_mcnom_cpl1_rp4p8_rn5_f12370_f21100_a0_dac1p25_limit100,A,Req,99.0118606406799,0.0009803348547529416,100
s9_k6_a_s06_pos100_tap0_mcnom_cpl1_rp4p8_rn5_f12370_f21100_a0_dac1p25_limit100,A,Cs,0.9881383692014936,,100
s9_k6_a_s06_pos100_tap0_mcnom_cpl1_rp4p8_rn5_f12370_f21100_a0_dac1p25_limit100,A,Ceq,99.0118606406799,,100
s9_k6_a_s06_pos100_tap0_mcnom_cpl1_rp4p8_rn5_f12370_f21100_a0_dac1p25_limit100,A,Ct1,49.504057721848135,,100
s9_k6_a_s06_pos100_tap0_mcnom_cpl1_rp4p8_rn5_f12370_f21100_a0_dac1p25_limit100,A,Ct2,49.50405772184814,,100
s9_k6_a_s06_pos100_tap0_mcnom_cpl1_rp4p8_rn5_f12370_f21100_a0_dac1p25_limit100,A,Ctrimmer,49.50405772184814,,100
s9_k6_a_s06_pos100_tap0_mcnom_cpl1_rp4p8_rn5_f12370_f21100_a0_dac1p25_limit100,A,Cb,0.9918845607864483,,100
s9_k6_a_s06_pos100_tap0_mcnom_cpl1_rp5_rn4p8_f12370_f21100_a0_dac1p25_limit100,A,Rt1,49.50405772183233,0.0044638465044198675,100
s9_k6_a_s06_pos100_tap0_mcnom_cpl1_rp5_rn4p8_f12370_f21100_a0_dac1p25_limit100,A,Rt2,49.50405772183233,0.0044638465044198675,100
s9_k6_a_s06_pos100_tap0_mcnom_cpl1_rp5_rn4p8_f12370_f21100_a0_dac1p25_limit100,A,Rb,0.9918845607548191,8.943954380579823e-05,100
s9_k6_a_s06_pos100_tap0_mcnom_cpl1_rp5_rn4p8_f12370_f21100_a0_dac1p25_limit100,A,Rs1,0.4940691846007468,4.891870925291519e-06,100
s9_k6_a_s06_pos100_tap0_mcnom_cpl1_rp5_rn4p8_f12370_f21100_a0_dac1p25_limit100,A,Rs2,0.4940691846007468,4.891870925291519e-06,100
s9_k6_a_s06_pos100_tap0_mcnom_cpl1_rp5_rn4p8_f12370_f21100_a0_dac1p25_limit100,A,Req,99.0118606406799,0.0009803348547529416,100
s9_k6_a_s06_pos100_tap0_mcnom_cpl1_rp5_rn4p8_f12370_f21100_a0_dac1p25_limit100,A,Cs,0.9881383692014936,,100
s9_k6_a_s06_pos100_tap0_mcnom_cpl1_rp5_rn4p8_f12370_f21100_a0_dac1p25_limit100,A,Ceq,99.0118606406799,,100
s9_k6_a_s06_pos100_tap0_mcnom_cpl1_rp5_rn4p8_f12370_f21100_a0_dac1p25_limit100,A,Ct1,49.50405772183233,,100
s9_k6_a_s06_pos100_tap0_mcnom_cpl1_rp5_rn4p8_f12370_f21100_a0_dac1p25_limit100,A,Ct2,49.50405772183233,,100
s9_k6_a_s06_pos100_tap0_mcnom_cpl1_rp5_rn4p8_f12370_f21100_a0_dac1p25_limit100,A,Ctrimmer,49.50405772183233,,100
s9_k6_a_s06_pos100_tap0_mcnom_cpl1_rp5_rn4p8_f12370_f21100_a0_dac1p25_limit100,A,Cb,0.9918845607548191,,100
s9_k6_a_s06_pos100_tap0_mcnom_cpl1_rp5_rn5_f12370_f21100_a0_dac1p25_limit100,A,Rt1,49.504057720732575,0.004463846504221535,100
s9_k6_a_s06_pos100_tap0_mcnom_cpl1_rp5_rn5_f12370_f21100_a0_dac1p25_limit100,A,Rt2,49.50405772073258,0.004463846504221536,100
s9_k6_a_s06_pos100_tap0_mcnom_cpl1_rp5_rn5_f12370_f21100_a0_dac1p25_limit100,A,Rb,0.9918845585671104,8.943954341126104e-05,100
s9_k6_a_s06_pos100_tap0_mcnom_cpl1_rp5_rn5_f12370_f21100_a0_dac1p25_limit100,A,Rs1,0.4940691846007468,4.891870925291519e-06,100
s9_k6_a_s06_pos100_tap0_mcnom_cpl1_rp5_rn5_f12370_f21100_a0_dac1p25_limit100,A,Rs2,0.4940691846007468,4.891870925291519e-06,100
s9_k6_a_s06_pos100_tap0_mcnom_cpl1_rp5_rn5_f12370_f21100_a0_dac1p25_limit100,A,Req,99.0118606406799,0.0009803348547529416,100
s9_k6_a_s06_pos100_tap0_mcnom_cpl1_rp5_rn5_f12370_f21100_a0_dac1p25_limit100,A,Cs,0.9881383692014936,,100
s9_k6_a_s06_pos100_tap0_mcnom_cpl1_rp5_rn5_f12370_f21100_a0_dac1p25_limit100,A,Ceq,99.0118606406799,,100
s9_k6_a_s06_pos100_tap0_mcnom_cpl1_rp5_rn5_f12370_f21100_a0_dac1p25_limit100,A,Ct1,49.504057720732575,,100
s9_k6_a_s06_pos100_tap0_mcnom_cpl1_rp5_rn5_f12370_f21100_a0_dac1p25_limit100,A,Ct2,49.50405772073258,,100
s9_k6_a_s06_pos100_tap0_mcnom_cpl1_rp5_rn5_f12370_f21100_a0_dac1p25_limit100,A,Ctrimmer,49.50405772073258,,100
s9_k6_a_s06_pos100_tap0_mcnom_cpl1_rp5_rn5_f12370_f21100_a0_dac1p25_limit100,A,Cb,0.9918845585671104,,100
s9_k6_a_s11_pos100_tap5_mcnom_cpl0_rp4p8_rn4p8_f12370_f21100_a0_dac1p25_limit40,A,Rt1,19.801838916455747,0.0007142310099695105,40
s9_k6_a_s11_pos100_tap5_mcnom_cpl0_rp4p8_rn4p8_f12370_f21100_a0_dac1p25_limit40,A,Rt2,19.801838916455747,0.0007142310099695105,40
s9_k6_a_s11_pos100_tap5_mcnom_cpl0_rp4p8_rn4p8_f12370_f21100_a0_dac1p25_limit40,A,Rb,0.3963222106506339,1.4279208605000491e-05,40
s9_k6_a_s11_pos100_tap5_mcnom_cpl0_rp4p8_rn4p8_f12370_f21100_a0_dac1p25_limit40,A,Rs1,0.19762767384029445,7.826993480466093e-07,40
s9_k6_a_s11_pos100_tap5_mcnom_cpl0_rp4p8_rn4p8_f12370_f21100_a0_dac1p25_limit40,A,Rs2,0.19762767384030155,7.826993480466656e-07,40
s9_k6_a_s11_pos100_tap5_mcnom_cpl0_rp4p8_rn4p8_f12370_f21100_a0_dac1p25_limit40,A,Req,39.604744256271964,0.00015685357676047072,40
s9_k6_a_s11_pos100_tap5_mcnom_cpl0_rp4p8_rn4p8_f12370_f21100_a0_dac1p25_limit40,A,Cs,0.395255347680596,,40
s9_k6_a_s11_pos100_tap5_mcnom_cpl0_rp4p8_rn4p8_f12370_f21100_a0_dac1p25_limit40,A,Ceq,39.604744256271964,,40
s9_k6_a_s11_pos100_tap5_mcnom_cpl0_rp4p8_rn4p8_f12370_f21100_a0_dac1p25_limit40,A,Ct1,19.801838916455747,,40
s9_k6_a_s11_pos100_tap5_mcnom_cpl0_rp4p8_rn4p8_f12370_f21100_a0_dac1p25_limit40,A,Ct2,19.801838916455747,,40
s9_k6_a_s11_pos100_tap5_mcnom_cpl0_rp4p8_rn4p8_f12370_f21100_a0_dac1p25_limit40,A,Ctrimmer,19.801838916455747,,40
s9_k6_a_s11_pos100_tap5_mcnom_cpl0_rp4p8_rn4p8_f12370_f21100_a0_dac1p25_limit40,A,Cb,0.3963222106506339,,40
s9_k6_a_s11_pos100_tap5_mcnom_cpl0_rp4p8_rn5_f12370_f21100_a0_dac1p25_limit40,A,Rt1,19.801838918107826,0.000714231010088688,40
s9_k6_a_s11_pos100_tap5_mcnom_cpl0_rp4p8_rn5_f12370_f21100_a0_dac1p25_limit40,A,Rt2,19.80183891810783,0.0007142310100886883,40
s9_k6_a_s11_pos100_tap5_mcnom_cpl0_rp4p8_rn5_f12370_f21100_a0_dac1p25_limit40,A,Rb,0.3963222139594215,1.4279208843427046e-05,40
s9_k6_a_s11_pos100_tap5_mcnom_cpl0_rp4p8_rn5_f12370_f21100_a0_dac1p25_limit40,A,Rs1,0.19762767384029445,7.826993480466093e-07,40
s9_k6_a_s11_pos100_tap5_mcnom_cpl0_rp4p8_rn5_f12370_f21100_a0_dac1p25_limit40,A,Rs2,0.19762767384030155,7.826993480466656e-07,40
s9_k6_a_s11_pos100_tap5_mcnom_cpl0_rp4p8_rn5_f12370_f21100_a0_dac1p25_limit40,A,Req,39.604744256271964,0.00015685357676047072,40
s9_k6_a_s11_pos100_tap5_mcnom_cpl0_rp4p8_rn5_f12370_f21100_a0_dac1p25_limit40,A,Cs,0.395255347680596,,40
s9_k6_a_s11_pos100_tap5_mcnom_cpl0_rp4p8_rn5_f12370_f21100_a0_dac1p25_limit40,A,Ceq,39.604744256271964,,40
s9_k6_a_s11_pos100_tap5_mcnom_cpl0_rp4p8_rn5_f12370_f21100_a0_dac1p25_limit40,A,Ct1,19.801838918107826,,40
s9_k6_a_s11_pos100_tap5_mcnom_cpl0_rp4p8_rn5_f12370_f21100_a0_dac1p25_limit40,A,Ct2,19.80183891810783,,40
s9_k6_a_s11_pos100_tap5_mcnom_cpl0_rp4p8_rn5_f12370_f21100_a0_dac1p25_limit40,A,Ctrimmer,19.80183891810783,,40
s9_k6_a_s11_pos100_tap5_mcnom_cpl0_rp4p8_rn5_f12370_f21100_a0_dac1p25_limit40,A,Cb,0.3963222139594215,,40
s9_k6_a_s11_pos100_tap5_mcnom_cpl0_rp5_rn4p8_f12370_f21100_a0_dac1p25_limit40,A,Rt1,19.80183891480184,0.0007142310098502015,40
s9_k6_a_s11_pos100_tap5_mcnom_cpl0_rp5_rn4p8_f12370_f21100_a0_dac1p25_limit40,A,Rt2,19.801838914801845,0.0007142310098502016,40
s9_k6_a_s11_pos100_tap5_mcnom_cpl0_rp5_rn4p8_f12370_f21100_a0_dac1p25_limit40,A,Rb,0.3963222073474594,1.4279208366978418e-05,40
s9_k6_a_s11_pos100_tap5_mcnom_cpl0_rp5_rn4p8_f12370_f21100_a0_dac1p25_limit40,A,Rs1,0.19762767384029445,7.826993480466093e-07,40
s9_k6_a_s11_pos100_tap5_mcnom_cpl0_rp5_rn4p8_f12370_f21100_a0_dac1p25_limit40,A,Rs2,0.19762767384030155,7.826993480466656e-07,40
s9_k6_a_s11_pos100_tap5_mcnom_cpl0_rp5_rn4p8_f12370_f21100_a0_dac1p25_limit40,A,Req,39.604744256271964,0.00015685357676047072,40
s9_k6_a_s11_pos100_tap5_mcnom_cpl0_rp5_rn4p8_f12370_f21100_a0_dac1p25_limit40,A,Cs,0.395255347680596,,40
s9_k6_a_s11_pos100_tap5_mcnom_cpl0_rp5_rn4p8_f12370_f21100_a0_dac1p25_limit40,A,Ceq,39.604744256271964,,40
s9_k6_a_s11_pos100_tap5_mcnom_cpl0_rp5_rn4p8_f12370_f21100_a0_dac1p25_limit40,A,Ct1,19.80183891480184,,40
s9_k6_a_s11_pos100_tap5_mcnom_cpl0_rp5_rn4p8_f12370_f21100_a0_dac1p25_limit40,A,Ct2,19.801838914801845,,40
s9_k6_a_s11_pos100_tap5_mcnom_cpl0_rp5_rn4p8_f12370_f21100_a0_dac1p25_limit40,A,Ctrimmer,19.801838914801845,,40
s9_k6_a_s11_pos100_tap5_mcnom_cpl0_rp5_rn4p8_f12370_f21100_a0_dac1p25_limit40,A,Cb,0.3963222073474594,,40
s9_k6_a_s11_pos100_tap5_mcnom_cpl0_rp5_rn5_f12370_f21100_a0_dac1p25_limit40,A,Rt1,19.801838916453924,0.000714231009969379,40
s9_k6_a_s11_pos100_tap5_mcnom_cpl0_rp5_rn5_f12370_f21100_a0_dac1p25_limit40,A,Rt2,19.801838916453924,0.000714231009969379,40
s9_k6_a_s11_pos100_tap5_mcnom_cpl0_rp5_rn5_f12370_f21100_a0_dac1p25_limit40,A,Rb,0.396322210656247,1.4279208605404967e-05,40
s9_k6_a_s11_pos100_tap5_mcnom_cpl0_rp5_rn5_f12370_f21100_a0_dac1p25_limit40,A,Rs1,0.19762767384029445,7.826993480466093e-07,40
s9_k6_a_s11_pos100_tap5_mcnom_cpl0_rp5_rn5_f12370_f21100_a0_dac1p25_limit40,A,Rs2,0.19762767384030155,7.826993480466656e-07,40
s9_k6_a_s11_pos100_tap5_mcnom_cpl0_rp5_rn5_f12370_f21100_a0_dac1p25_limit40,A,Req,39.604744256271964,0.00015685357676047072,40
s9_k6_a_s11_pos100_tap5_mcnom_cpl0_rp5_rn5_f12370_f21100_a0_dac1p25_limit40,A,Cs,0.395255347680596,,40
s9_k6_a_s11_pos100_tap5_mcnom_cpl0_rp5_rn5_f12370_f21100_a0_dac1p25_limit40,A,Ceq,39.604744256271964,,40
s9_k6_a_s11_pos100_tap5_mcnom_cpl0_rp5_rn5_f12370_f21100_a0_dac1p25_limit40,A,Ct1,19.801838916453924,,40
s9_k6_a_s11_pos100_tap5_mcnom_cpl0_rp5_rn5_f12370_f21100_a0_dac1p25_limit40,A,Ct2,19.801838916453924,,40
s9_k6_a_s11_pos100_tap5_mcnom_cpl0_rp5_rn5_f12370_f21100_a0_dac1p25_limit40,A,Ctrimmer,19.801838916453924,,40
s9_k6_a_s11_pos100_tap5_mcnom_cpl0_rp5_rn5_f12370_f21100_a0_dac1p25_limit40,A,Cb,0.396322210656247,,40
